[backblue.gif]
[fade.gif]
[index.html]
[help.leadconnectorhq.com/index.html]
[help.leadconnectorhq.com/support/home.html]
[help.leadconnectorhq.com/support/solutions.html]
[help.leadconnectorhq.com/assets/misc/omnifaviconc9b3.ico]
[assets5.freshdesk.com/assets/cdn/portal_print-6e04b27f27ab27faab81f917d275d593fa892ce13150854024baaf983b3f4326.css]
[assets4.freshdesk.com/assets/cdn/falcon_portal_utils-a58414d6bc8bc6ca4d78f5b3f76522e4970de435e68a5a2fedcda0db58f21600.css]
[help.leadconnectorhq.com/support/theme2820.css]
[assets8.freshdesk.com/assets/cdn/portal_head_v2-d07ff5985065d4b2f2826fdbbaef7df41eb75e17b915635bf0413a6bc12fd7b7.js]
[assets10.freshdesk.com/assets/cdn/prism-841b9ba9ca7f9e1bc3cdfdd4583524f65913717a3ab77714a45dd2921531a402.js]
[s3.amazonaws.com/cdn.freshdesk.com/data/helpdesk/attachments/production/155031488903/logo/W6IZsuUjIIDJkqMExT4DsHfGY0UAV20K1Q.png]
[help.leadconnectorhq.com/support/signup.html]
[help.leadconnectorhq.com/support/tickets/new.html]
[help.leadconnectorhq.com/support/login.html]
[help.leadconnectorhq.com/support/solutions/48000454531.html]
[help.leadconnectorhq.com/support/solutions/folders/48000682811.html]
[help.leadconnectorhq.com/support/solutions/articles/48001202926-how-to-connect-your-google-my-business-gmb-.html]
[help.leadconnectorhq.com/support/solutions/folders/155000000463.html]
[help.leadconnectorhq.com/support/solutions/articles/155000001730-leadconnector-mobile-app-quick-start-guide.html]
[help.leadconnectorhq.com/support/solutions/articles/155000001731-managing-conversations-quick-start-guide.html]
[help.leadconnectorhq.com/support/solutions/articles/155000001732-the-marketing-area-quick-start-guide.html]
[help.leadconnectorhq.com/support/solutions/articles/155000001733-managing-payments-quick-start-guide.html]
[help.leadconnectorhq.com/support/solutions/articles/155000001734-reputation-management-quick-start-guide.html]
[help.leadconnectorhq.com/support/solutions/folders/155000000544.html]
[help.leadconnectorhq.com/support/solutions/articles/155000002216-using-google-gmail-google-workspace-as-your-smtp-provider.html]
[help.leadconnectorhq.com/support/solutions/articles/155000004976-limitation-of-using-smtp-when-emails-are-not-sending.html]
[help.leadconnectorhq.com/support/solutions/folders/155000001115.html]
[help.leadconnectorhq.com/support/solutions/articles/155000004861-troubleshooting-guide-connecting-your-domain.html]
[help.leadconnectorhq.com/support/solutions/folders/155000001323.html]
[help.leadconnectorhq.com/support/solutions/folders/155000001324.html]
[help.leadconnectorhq.com/support/solutions/folders/155000001325.html]
[help.leadconnectorhq.com/support/solutions/folders/155000001326.html]
[help.leadconnectorhq.com/support/solutions/folders/155000001327.html]
[help.leadconnectorhq.com/support/solutions/155000000111.html]
[help.leadconnectorhq.com/support/solutions/folders/155000000549.html]
[help.leadconnectorhq.com/support/solutions/articles/155000002256-ai-prompting-101.html]
[help.leadconnectorhq.com/support/solutions/folders/155000000765.html]
[help.leadconnectorhq.com/support/solutions/articles/155000003060-appointment-booking-conversation-ai-workflow-action.html]
[help.leadconnectorhq.com/support/solutions/articles/155000003842-response-info-for-your-ai-message.html]
[help.leadconnectorhq.com/support/solutions/articles/155000003847-add-contact-info-for-your-bot.html]
[help.leadconnectorhq.com/support/solutions/articles/155000003876-trigger-a-workflow-within-conversation-ai.html]
[help.leadconnectorhq.com/support/solutions/articles/155000003892-bot-goals-feature-conversation-ai-v2-complete-guide.html]
[help.leadconnectorhq.com/support/solutions/48000454530.html]
[help.leadconnectorhq.com/support/solutions/folders/48000682655.html]
[help.leadconnectorhq.com/support/solutions/articles/48001202186-how-to-set-up-a-paypal-integration.html]
[help.leadconnectorhq.com/support/solutions/articles/48001225940-what-is-listed-on-the-subscriptions-page-.html]
[help.leadconnectorhq.com/support/solutions/articles/48001229612-using-apple-pay-and-google-pay.html]
[help.leadconnectorhq.com/support/solutions/articles/48001234317-authorize-net-integration-for-processing-payments.html]
[help.leadconnectorhq.com/support/solutions/articles/48001235961-auto-payments-in-recurring-templates.html]
[help.leadconnectorhq.com/support/solutions/folders/155000001302.html]
[help.leadconnectorhq.com/support/solutions/articles/155000006216-how-to-view-all-chart-of-accounts-within-the-xero-integration-.html]
[help.leadconnectorhq.com/support/solutions/folders/155000001303.html]
[help.leadconnectorhq.com/support/solutions/folders/155000001304.html]
[help.leadconnectorhq.com/support/solutions/folders/155000001305.html]
[help.leadconnectorhq.com/support/solutions/articles/155000004885-coupon-application-on-subscription-products.html]
[help.leadconnectorhq.com/support/solutions/folders/155000001306.html]
[help.leadconnectorhq.com/support/solutions/articles/155000007178-guide-setting-up-the-quickbooks-integration.html]
[help.leadconnectorhq.com/support/solutions/articles/155000007179-guide-wave-integration.html]
[help.leadconnectorhq.com/support/solutions/articles/155000007180-guide-xero-integration.html]
[help.leadconnectorhq.com/support/solutions/folders/155000001420.html]
[help.leadconnectorhq.com/support/solutions/articles/155000006982-how-to-track-gift-card-performance-analytics-metric-tracking-.html]
[help.leadconnectorhq.com/support/solutions/articles/155000006954-getting-started-with-gift-cards.html]
[help.leadconnectorhq.com/support/solutions/articles/155000006985-how-to-sell-gift-cards.html]
[help.leadconnectorhq.com/support/solutions/articles/155000006988-how-to-send-gift-cards.html]
[help.leadconnectorhq.com/support/solutions/48000454554.html]
[help.leadconnectorhq.com/support/solutions/folders/48000683114.html]
[help.leadconnectorhq.com/support/solutions/articles/48001204688-how-to-point-your-domains-or-subdomains-to-your-wordpress-site.html]
[help.leadconnectorhq.com/support/solutions/articles/48001237381-wordpress-adding-domains-for-your-site.html]
[help.leadconnectorhq.com/support/solutions/articles/155000002548-how-to-add-domains-in-the-wordpress-dashboard.html]
[help.leadconnectorhq.com/support/solutions/articles/155000005141-ssh-access-and-ssh-keys-management-on-your-wordpress-hosting.html]
[help.leadconnectorhq.com/support/solutions/articles/155000005586-wordpress-leadconnector-plugin-all-you-need-to-know.html]
[help.leadconnectorhq.com/support/solutions/folders/48000683803.html]
[help.leadconnectorhq.com/support/solutions/articles/48001208185-how-to-add-a-product-to-a-funnel-or-website.html]
[help.leadconnectorhq.com/support/solutions/articles/48001239652-how-to-set-up-your-very-own-customizable-404-error-page-.html]
[help.leadconnectorhq.com/support/solutions/folders/155000000290.html]
[help.leadconnectorhq.com/support/solutions/articles/155000002118-cookie-policy-details.html]
[help.leadconnectorhq.com/support/solutions/articles/155000002126-marketing-tools-to-use-in-funnel-website-cookie-banner.html]
[help.leadconnectorhq.com/support/solutions/articles/155000002248-migration-of-existing-domains.html]
[help.leadconnectorhq.com/support/solutions/articles/155000004734-how-to-use-the-cookie-consent-banner-in-funnels-websites.html]
[help.leadconnectorhq.com/support/solutions/articles/155000005651-nested-url-paths-support-guide.html]
[help.leadconnectorhq.com/support/solutions/folders/155000000566.html]
[help.leadconnectorhq.com/support/solutions/articles/155000002342-funnel-website-webinar-analytics-definitions.html]
[help.leadconnectorhq.com/support/solutions/folders/155000000592.html]
[help.leadconnectorhq.com/support/solutions/articles/155000002483-understanding-pixel-id-for-your-funnel-website-event-tracking.html]
[help.leadconnectorhq.com/support/solutions/articles/155000002485-configuring-conversion-api-events.html]
[help.leadconnectorhq.com/support/solutions/48000454610.html]
[help.leadconnectorhq.com/support/solutions/folders/48000683051.html]
[help.leadconnectorhq.com/support/solutions/articles/155000001017-customising-review-widgets-in-reputation-management.html]
[help.leadconnectorhq.com/support/solutions/articles/155000002036-how-to-dispute-a-google-review-and-check-on-the-dispute-status.html]
[help.leadconnectorhq.com/support/solutions/articles/155000002058-how-to-set-up-a-review-link-in-your-review-request-email.html]
[help.leadconnectorhq.com/support/solutions/articles/155000003067-how-to-set-up-digital-qr-code-for-maximising-review-generation.html]
[help.leadconnectorhq.com/support/solutions/articles/155000004694-resolving-conflicted-duplicate-state-entity-in-yext.html]
[help.leadconnectorhq.com/support/solutions/48000454678.html]
[help.leadconnectorhq.com/support/solutions/folders/48000689487.html]
[help.leadconnectorhq.com/support/solutions/articles/48001231670-why-are-my-calls-marked-as-spam-and-how-can-i-avoid-it.html]
[help.leadconnectorhq.com/support/solutions/articles/48001239448-phone-number-settings-explained.html]
[help.leadconnectorhq.com/support/solutions/articles/48001239675-how-to-purchase-a-phone-number-for-your-business.html]
[help.leadconnectorhq.com/support/solutions/articles/155000000068-forbidden-message-categories-for-sms-and-mms-in-the-us-and-canada.html]
[help.leadconnectorhq.com/support/solutions/articles/155000000174-a2p-10dlc-campaign-approval-best-practices.html]
[help.leadconnectorhq.com/support/solutions/folders/155000001189.html]
[help.leadconnectorhq.com/support/solutions/articles/155000005087-21211-invalid-to-phone-number.html]
[help.leadconnectorhq.com/support/solutions/articles/155000005088-21408-your-account-is-not-allowed-to-send-sms-to-this-country-or-region-.html]
[help.leadconnectorhq.com/support/solutions/articles/155000005089-21614-to-number-is-not-a-valid-mobile-number.html]
[help.leadconnectorhq.com/support/solutions/articles/155000005090-21635-the-to-number-is-a-landline-and-cannot-receive-sms-.html]
[help.leadconnectorhq.com/support/solutions/articles/155000005091-21661-from-number-is-not-sms-capable.html]
[help.leadconnectorhq.com/support/solutions/48000454679.html]
[help.leadconnectorhq.com/support/solutions/folders/48000684508.html]
[help.leadconnectorhq.com/support/solutions/articles/48001211664-set-event-start-date-event-in-workflows.html]
[help.leadconnectorhq.com/support/solutions/articles/48001237402-how-to-use-the-inbound-webhook-workflow-premium-trigger-.html]
[help.leadconnectorhq.com/support/solutions/articles/48001238168-how-to-use-the-custom-webhook-lc-premium-workflow-action-.html]
[help.leadconnectorhq.com/support/solutions/articles/48001238248-how-to-use-the-workflow-slack-premium-action-.html]
[help.leadconnectorhq.com/support/solutions/articles/48001238250-how-to-use-the-date-time-formatter-premium-workflow-action-.html]
[help.leadconnectorhq.com/support/solutions/folders/48000691592.html]
[help.leadconnectorhq.com/support/solutions/articles/48001240008-how-to-check-your-instagram-profile-type.html]
[help.leadconnectorhq.com/support/solutions/articles/155000000647-how-to-post-recurring-social-posts-through-the-social-planner-.html]
[help.leadconnectorhq.com/support/solutions/articles/48001240455-how-to-use-the-instagram-story-post-composer-in-social-planner.html]
[help.leadconnectorhq.com/support/solutions/articles/155000000271-instagram-reels-publishing-guide-for-the-social-planner.html]
[help.leadconnectorhq.com/support/solutions/articles/48001240003-social-planner-image-video-content-and-api-limitations.html]
[help.leadconnectorhq.com/support/solutions/folders/155000000012.html]
[help.leadconnectorhq.com/support/solutions/articles/155000000166-how-to-reschedule-an-email-campaign-email-builder-.html]
[help.leadconnectorhq.com/support/solutions/articles/155000000165-how-to-import-html-email-templates-campaigns.html]
[help.leadconnectorhq.com/support/solutions/folders/155000000779.html]
[help.leadconnectorhq.com/support/solutions/articles/155000003126-understanding-the-grades-in-your-marketing-audit-report.html]
[help.leadconnectorhq.com/support/solutions/articles/155000004336-seo-heatmaps-in-the-prospecting-tool-a-support-guide.html]
[help.leadconnectorhq.com/support/solutions/articles/155000004337-analysing-website-performance-of-a-prospect-in-the-marketing-audit-report.html]
[help.leadconnectorhq.com/support/solutions/articles/155000004338-how-to-find-leads-for-a-business-using-prospecting-tool.html]
[help.leadconnectorhq.com/support/solutions/articles/155000004339-prospecting-tool-create-prospecting-widgets-for-your-websites.html]
[help.leadconnectorhq.com/support/solutions/folders/155000001018.html]
[help.leadconnectorhq.com/support/solutions/articles/155000005188-create-a-new-google-search-ad-campaign.html]
[help.leadconnectorhq.com/support/solutions/articles/155000005804-guidelines-for-using-custom-questions-in-google-lead-forms.html]
[help.leadconnectorhq.com/support/solutions/articles/155000005609-how-to-connect-instagram-account-with-facebook-page-.html]
[help.leadconnectorhq.com/support/solutions/articles/155000005189-how-to-create-a-facebook-form-in-ad-manager.html]
[help.leadconnectorhq.com/support/solutions/articles/155000004353-how-to-create-a-meta-business-manager-and-ad-account-.html]
[help.leadconnectorhq.com/support/solutions/folders/155000001176.html]
[help.leadconnectorhq.com/support/solutions/folders/155000001400.html]
[help.leadconnectorhq.com/support/solutions/folders/155000001405.html]
[help.leadconnectorhq.com/support/solutions/folders/155000001406.html]
[help.leadconnectorhq.com/support/solutions/folders/155000001407.html]
[help.leadconnectorhq.com/support/solutions/folders/155000001241.html]
[help.leadconnectorhq.com/support/solutions/articles/155000005477-limitations-of-recurring-timer-wait-time-behaviour.html]
[help.leadconnectorhq.com/support/solutions/articles/155000007172-timezone-adaptation-in-countdown-timers.html]
[help.leadconnectorhq.com/support/solutions/folders/155000001351.html]
[help.leadconnectorhq.com/support/solutions/articles/155000006378-help-guide-global-custom-colors.html]
[help.leadconnectorhq.com/support/solutions/48000454680.html]
[help.leadconnectorhq.com/support/solutions/folders/48000691526.html]
[help.leadconnectorhq.com/support/solutions/articles/48001239751-leadconnector-webchat-for-weebly-how-to-get-started.html]
[help.leadconnectorhq.com/support/solutions/articles/48001239763-leadconnector-webchat-for-squarespace-how-to-get-started.html]
[help.leadconnectorhq.com/support/solutions/articles/48001239774-leadconnector-webchat-for-wix-how-to-get-started.html]
[help.leadconnectorhq.com/support/solutions/articles/48001239777-leadconnector-webchat-for-duda-how-to-get-started.html]
[help.leadconnectorhq.com/support/solutions/articles/48001239779-leadconnector-webchat-for-shopify-how-to-get-started.html]
[help.leadconnectorhq.com/support/solutions/folders/155000000496.html]
[help.leadconnectorhq.com/support/solutions/articles/155000006728-how-to-add-custom-css-to-forms-surveys-and-quizzes-.html]
[help.leadconnectorhq.com/support/solutions/articles/155000004651-how-to-make-my-form-submissions-secure-from-spammers-.html]
[help.leadconnectorhq.com/support/solutions/folders/155000001203.html]
[help.leadconnectorhq.com/support/solutions/articles/155000005208-how-to-create-qr-codes-manual-and-bulk.html]
[help.leadconnectorhq.com/support/solutions/articles/155000007012-understanding-qr-code-types-.html]
[help.leadconnectorhq.com/support/solutions/folders/155000001206.html]
[help.leadconnectorhq.com/support/solutions/articles/155000005296-how-to-assign-categories-and-scoring-in-quizzes-with-dynamic-result-messages-a-complete-guide-.html]
[help.leadconnectorhq.com/support/solutions/articles/155000006944-understanding-score-tiers-in-quizzes.html]
[help.leadconnectorhq.com/support/solutions/48000454681.html]
[help.leadconnectorhq.com/support/solutions/folders/48000689367.html]
[help.leadconnectorhq.com/support/solutions/folders/155000001260.html]
[help.leadconnectorhq.com/support/solutions/articles/48001230992-how-to-set-up-recurring-appointments.html]
[help.leadconnectorhq.com/support/solutions/articles/48001236474-how-to-set-up-a-calendar-for-classes-.html]
[help.leadconnectorhq.com/support/solutions/articles/48001236824-how-to-add-change-remove-calendar-widget-logo-.html]
[help.leadconnectorhq.com/support/solutions/articles/48001239879-how-to-configure-staff-member-selection-in-round-robin-calendars-.html]
[help.leadconnectorhq.com/support/solutions/48000454683.html]
[help.leadconnectorhq.com/support/solutions/folders/48000683642.html]
[help.leadconnectorhq.com/support/solutions/articles/48001202217-how-to-download-export-facebook-lead-ads-and-manually-ad-them-to-campaigns-workflows.html]
[help.leadconnectorhq.com/support/solutions/articles/48001207518-connecting-your-facebook.html]
[help.leadconnectorhq.com/support/solutions/articles/48001234489-facebook-pages-missing-in-page-selector-dropdown-during-integration-.html]
[help.leadconnectorhq.com/support/solutions/articles/48001237082-facebook-lead-ad-integration-troubleshooting-guide.html]
[help.leadconnectorhq.com/support/solutions/articles/48001237083-facebook-conversion-leads-walkthrough.html]
[help.leadconnectorhq.com/support/solutions/folders/48000687440.html]
[help.leadconnectorhq.com/support/solutions/articles/48001223557-how-to-integrate-tiktok-lead-ads.html]
[help.leadconnectorhq.com/support/solutions/folders/48000690366.html]
[help.leadconnectorhq.com/support/solutions/articles/48001235284-how-to-enable-google-outlook-email-two-way-sync.html]
[help.leadconnectorhq.com/support/solutions/folders/155000000180.html]
[help.leadconnectorhq.com/support/solutions/articles/155000001151-integrating-linkedin-lead-ads-with-crm.html]
[help.leadconnectorhq.com/support/solutions/articles/155000001255-add-workflow-trigger-for-linkedin-lead-ads.html]
[help.leadconnectorhq.com/support/solutions/folders/155000000523.html]
[help.leadconnectorhq.com/support/solutions/articles/155000002138-connect-multiple-google-business-profile-pages-to-a-sub-account.html]
[help.leadconnectorhq.com/support/solutions/articles/155000002139-managing-gbp-pages-additions-removals-adjustments.html]
[help.leadconnectorhq.com/support/solutions/articles/155000002140-managing-customer-interactions-on-connected-gbp-pages.html]
[help.leadconnectorhq.com/support/solutions/articles/155000002649-google-business-profile-chat-sunset-starting-jul-15-2024.html]
[help.leadconnectorhq.com/support/solutions/articles/155000005265-gmb-troubleshooting-guide.html]
[help.leadconnectorhq.com/support/solutions/folders/155000000648.html]
[help.leadconnectorhq.com/support/solutions/articles/155000002774-private-integrations-everything-you-need-to-know.html]
[help.leadconnectorhq.com/support/solutions/articles/155000005893-connect-sub-account-with-zapier.html]
[help.leadconnectorhq.com/support/solutions/articles/155000007160-zapier-wl-app-connection.html]
[help.leadconnectorhq.com/support/solutions/folders/155000000967.html]
[help.leadconnectorhq.com/support/solutions/articles/155000004172-clio-integration.html]
[help.leadconnectorhq.com/support/solutions/articles/155000007187-connect-google-ads-with-crm.html]
[help.leadconnectorhq.com/support/solutions/48000454684.html]
[help.leadconnectorhq.com/support/solutions/folders/155000001274.html]
[help.leadconnectorhq.com/support/solutions/folders/155000001275.html]
[help.leadconnectorhq.com/support/solutions/folders/155000001276.html]
[help.leadconnectorhq.com/support/solutions/folders/155000001277.html]
[help.leadconnectorhq.com/support/solutions/articles/155000005880-how-to-use-marketing-audit-report-compare-reports-for-strategic-growth.html]
[help.leadconnectorhq.com/support/solutions/48000454685.html]
[help.leadconnectorhq.com/support/solutions/folders/48000685228.html]
[help.leadconnectorhq.com/support/solutions/articles/155000004914-updated-messaging-policies-for-canadian-10dlc-numbers-a2p-registration-requirements.html]
[help.leadconnectorhq.com/support/solutions/48000454707.html]
[help.leadconnectorhq.com/support/solutions/folders/48000683466.html]
[help.leadconnectorhq.com/support/solutions/articles/48001206219-how-to-enable-whatsapp-in-your-account-.html]
[help.leadconnectorhq.com/support/solutions/articles/155000002712-whatsapp-faqs.html]
[help.leadconnectorhq.com/support/solutions/articles/155000002714-marketing-opt-out-button-to-your-message-template.html]
[help.leadconnectorhq.com/support/solutions/articles/155000004721-whatsapp-workflow-integration.html]
[help.leadconnectorhq.com/support/solutions/articles/155000004722-important-update-whatsapp-marketing-messages-to-u-s-numbers-paused-starting-april-1-2025.html]
[help.leadconnectorhq.com/support/solutions/48000455169.html]
[help.leadconnectorhq.com/support/solutions/folders/48000685676.html]
[help.leadconnectorhq.com/support/solutions/articles/48001216256-lead-connector-for-mobile-how-to-download-the-beta-version.html]
[help.leadconnectorhq.com/support/solutions/articles/48001216434-how-to-create-invoices-in-leadconnector-mobile-app-.html]
[help.leadconnectorhq.com/support/solutions/48000455489.html]
[help.leadconnectorhq.com/support/solutions/folders/48000686933.html]
[help.leadconnectorhq.com/support/solutions/articles/48001221954-wordpress-error-codes-and-faq.html]
[help.leadconnectorhq.com/support/solutions/articles/48001222861-wp-file-manager-plugin-stable-alternative-for-ftp-access-.html]
[help.leadconnectorhq.com/support/solutions/articles/155000002384-wordpress-adding-domains-for-your-site.html]
[help.leadconnectorhq.com/support/solutions/articles/155000004673-lc-wordpress-plugin-fixing-cron-jobs-crashing-issue.html]
[help.leadconnectorhq.com/support/solutions/articles/155000005159-wordpress-hosting-step-by-step-migration-guide.html]
[help.leadconnectorhq.com/support/solutions/48000455862.html]
[help.leadconnectorhq.com/support/solutions/folders/48000688667.html]
[help.leadconnectorhq.com/support/solutions/articles/48001228593-how-to-use-the-company-object-automation-.html]
[help.leadconnectorhq.com/support/solutions/folders/48000691400.html]
[help.leadconnectorhq.com/support/solutions/articles/48001239141-how-to-set-up-the-default-missed-call-text-back-feature.html]
[help.leadconnectorhq.com/support/solutions/48000456248.html]
[help.leadconnectorhq.com/support/solutions/folders/48000690799.html]
[help.leadconnectorhq.com/support/solutions/articles/48001236787-how-to-set-up-a-workflow-for-the-affiliate-manager-.html]
[help.leadconnectorhq.com/support/solutions/folders/155000000014.html]
[help.leadconnectorhq.com/support/solutions/articles/155000000205-how-can-my-affiliate-see-their-stats-on-the-client-portal-.html]
[help.leadconnectorhq.com/support/solutions/articles/155000000563-how-to-manually-attribute-sales-to-affiliates.html]
[help.leadconnectorhq.com/support/solutions/48000456390.html]
[help.leadconnectorhq.com/support/solutions/folders/48000691395.html]
[help.leadconnectorhq.com/support/solutions/folders/155000000462.html]
[help.leadconnectorhq.com/support/solutions/articles/48001239134-how-to-use-conversation-filters-bulk-actions-overview.html]
[help.leadconnectorhq.com/support/solutions/articles/155000000445-how-to-cc-carbon-copy-and-bcc-blind-carbon-copy-for-email-composer.html]
[help.leadconnectorhq.com/support/solutions/articles/155000002740-conversations-faqs.html]
[help.leadconnectorhq.com/support/solutions/articles/155000002932-workflow-action-log-external-call.html]
[help.leadconnectorhq.com/support/solutions/folders/48000691396.html]
[help.leadconnectorhq.com/support/solutions/folders/48000691397.html]
[help.leadconnectorhq.com/support/solutions/folders/48000691398.html]
[help.leadconnectorhq.com/support/solutions/48000454677.html]
[help.leadconnectorhq.com/support/solutions/folders/48000687936.html]
[help.leadconnectorhq.com/support/solutions/articles/48001225442-what-is-leadconnector-email-.html]
[help.leadconnectorhq.com/support/solutions/articles/48001226590-how-to-set-up-a-dedicated-sending-domain-within-a-sub-account.html]
[help.leadconnectorhq.com/support/solutions/articles/48001226926-how-to-set-up-unsubscribe-links.html]
[help.leadconnectorhq.com/support/solutions/articles/48001229728-two-way-email-sync-for-outlook.html]
[help.leadconnectorhq.com/support/solutions/articles/155000000576-how-to-use-the-email-risk-assessment-tool.html]
[help.leadconnectorhq.com/support/solutions/folders/155000001393.html]
[help.leadconnectorhq.com/support/solutions/folders/155000001395.html]
[help.leadconnectorhq.com/support/solutions/folders/155000001397.html]
[help.leadconnectorhq.com/support/solutions/folders/155000001412.html]
[help.leadconnectorhq.com/support/solutions/folders/155000001413.html]
[help.leadconnectorhq.com/support/solutions/folders/155000001414.html]
[help.leadconnectorhq.com/support/solutions/155000000003.html]
[help.leadconnectorhq.com/support/solutions/folders/155000000016.html]
[help.leadconnectorhq.com/support/solutions/folders/155000001135.html]
[help.leadconnectorhq.com/support/solutions/articles/155000004950-interactive-voice-response-ivr-guide-triggers-actions.html]
[help.leadconnectorhq.com/support/solutions/155000000007.html]
[help.leadconnectorhq.com/support/solutions/folders/48000683911.html]
[help.leadconnectorhq.com/support/solutions/articles/48001209042-how-to-use-memberships-themes.html]
[help.leadconnectorhq.com/support/solutions/articles/155000004157-how-to-create-your-whitelabel-community-inside-a-subaccount.html]
[help.leadconnectorhq.com/support/solutions/articles/155000006217-getting-started-launch-a-course.html]
[help.leadconnectorhq.com/support/solutions/articles/155000006554-new-theme-customizer-for-courses.html]
[help.leadconnectorhq.com/support/solutions/articles/155000006555-magic-links-in-memberships-courses-.html]
[help.leadconnectorhq.com/support/solutions/folders/155000000026.html]
[help.leadconnectorhq.com/support/solutions/articles/155000000282-how-to-setup-customize-and-manage-your-communities.html]
[help.leadconnectorhq.com/support/solutions/articles/155000000290-how-to-manage-members-inside-groups.html]
[help.leadconnectorhq.com/support/solutions/articles/155000000298-content-management-in-communities.html]
[help.leadconnectorhq.com/support/solutions/articles/155000002345-kajabi-importer-easily-move-courses-to-the-platform.html]
[help.leadconnectorhq.com/support/solutions/articles/155000002488-gamification-points-badges-and-leaderboard.html]
[help.leadconnectorhq.com/support/solutions/155000000014.html]
[help.leadconnectorhq.com/support/solutions/folders/155000000051.html]
[help.leadconnectorhq.com/support/solutions/articles/155000000449-how-to-input-multiple-phone-numbers-for-a-contact-.html]
[help.leadconnectorhq.com/support/solutions/articles/155000003233-bulk-add-and-remove-tags-from-contacts.html]
[help.leadconnectorhq.com/support/solutions/articles/155000003713-configuring-searchable-fields-for-objects.html]
[help.leadconnectorhq.com/support/solutions/articles/155000003916-importing-contacts-and-opportunities-via-csv-coming-soon-.html]
[help.leadconnectorhq.com/support/solutions/articles/155000003919-associating-contacts-using-custom-labels-coming-soon-.html]
[help.leadconnectorhq.com/support/solutions/folders/155000000052.html]
[help.leadconnectorhq.com/support/solutions/155000000060.html]
[help.leadconnectorhq.com/support/solutions/folders/155000000183.html]
[help.leadconnectorhq.com/support/solutions/articles/155000001158-marketplace-apps-view-installation.html]
[help.leadconnectorhq.com/support/solutions/articles/155000003985-changing-your-app-pricing-plan-in-the-app-marketplace.html]
[help.leadconnectorhq.com/support/solutions/articles/155000005112-usage-based-pricing-on-app-marketplace.html]
[help.leadconnectorhq.com/support/solutions/155000000109.html]
[help.leadconnectorhq.com/support/solutions/folders/155000001199.html]
[help.leadconnectorhq.com/support/solutions/articles/155000005177-domain-transfer-out-to-cloudflare.html]
[help.leadconnectorhq.com/support/solutions/articles/155000005273-connecting-your-domain-a-guide.html]
[help.leadconnectorhq.com/support/solutions/articles/155000004862-troubleshooting-guide-connecting-your-domain.html]
[help.leadconnectorhq.com/support/solutions/articles/155000005315-domain-transfer-in-and-eligibility-check.html]
[help.leadconnectorhq.com/support/solutions/articles/155000005316-domain-transfer-in-review-dns-records.html]
[help.leadconnectorhq.com/support/solutions/155000000125.html]
[help.leadconnectorhq.com/support/solutions/folders/155000000612.html]
[help.leadconnectorhq.com/support/solutions/articles/155000002608-how-to-setup-branded-client-portal-mobile-app.html]
[help.leadconnectorhq.com/support/solutions/articles/155000006077-why-add-our-team-as-an-admin-to-your-developer-accounts-.html]
[help.leadconnectorhq.com/support/solutions/155000000025.html]
[help.leadconnectorhq.com/support/solutions/folders/155000000085.html]
[help.leadconnectorhq.com/support/solutions/articles/48001078171-list-of-merge-fields.html]
[help.leadconnectorhq.com/support/solutions/articles/155000004390-overview-of-merge-fields-custom-variables.html]
[help.leadconnectorhq.com/support/solutions/155000000134.html]
[help.leadconnectorhq.com/support/solutions/folders/155000000652.html]
[help.leadconnectorhq.com/support/solutions/articles/155000007073-understanding-hipaa-compliance.html]
[help.leadconnectorhq.com/support/solutions/155000000160.html]
[help.leadconnectorhq.com/support/solutions/folders/155000000784.html]
[help.leadconnectorhq.com/support/solutions/articles/155000003162-how-to-use-shippo-integration-for-automatic-fulfilments-live-rates-.html]
[help.leadconnectorhq.com/support/solutions/articles/155000004061-how-to-use-shopify-integration-with-your-sub-account-.html]
[help.leadconnectorhq.com/support/solutions/articles/155000004062-how-to-use-woocommerce-integration-in-e-commerce-stores-.html]
[help.leadconnectorhq.com/support/solutions/articles/155000004355-how-to-setup-facebook-and-instagram-shops-.html]
[help.leadconnectorhq.com/support/solutions/articles/155000004532-how-to-bulk-import-products.html]
[help.leadconnectorhq.com/support/solutions/155000000159.html]
[help.leadconnectorhq.com/support/solutions/folders/155000000766.html]
[help.leadconnectorhq.com/support/solutions/articles/155000003063-associations-amongst-objects.html]
[help.leadconnectorhq.com/support/solutions/folders/155000001314.html]
[help.leadconnectorhq.com/support/solutions/articles/155000006250-getting-started-with-custom-objects.html]
[help.leadconnectorhq.com/support/solutions/articles/155000006251-creating-and-editing-custom-objects.html]
[help.leadconnectorhq.com/support/solutions/folders/155000001315.html]
[help.leadconnectorhq.com/support/solutions/48000454682.html]
[help.leadconnectorhq.com/support/solutions/folders/155000000077.html]
[help.leadconnectorhq.com/support/solutions/articles/155000003118-opportunity-owners-decoupling-settings.html]
[help.leadconnectorhq.com/support/solutions/articles/155000003119-import-opportunities.html]
[help.leadconnectorhq.com/support/solutions/articles/155000005356-understanding-pipelines.html]
[help.leadconnectorhq.com/support/solutions/articles/155000006735-how-to-color-code-opportunity-pipelines-smart-tags-.html]
[help.leadconnectorhq.com/support/solutions/155000000185.html]
[help.leadconnectorhq.com/support/solutions/folders/155000000945.html]
[help.leadconnectorhq.com/support/solutions/articles/155000004060-how-to-resell-and-use-prospecting-tool-for-sub-accounts.html]
[help.leadconnectorhq.com/support/solutions/articles/155000004335-prospecting-tool-create-prospecting-widgets-for-your-websites.html]
[help.leadconnectorhq.com/support/solutions/articles/155000004732-how-to-send-marketing-audit-report-as-email-sms-to-your-prospects.html]
[help.leadconnectorhq.com/support/solutions/articles/155000005593-how-to-customise-prospecting-report-with-report-builder.html]
[help.leadconnectorhq.com/support/solutions/articles/155000007200-workflow-actions-generate-marketing-audit-report.html]
[help.leadconnectorhq.com/support/solutions/folders/155000001171.html]
[help.leadconnectorhq.com/support/solutions/articles/155000004980-how-to-generate-marketing-audit-reports-for-existing-sub-accounts.html]
[help.leadconnectorhq.com/support/solutions/155000000187.html]
[help.leadconnectorhq.com/support/solutions/folders/155000000957.html]
[help.leadconnectorhq.com/support/solutions/articles/155000004131-how-to-retry-a-failed-payment-for-subscription-products.html]
[help.leadconnectorhq.com/support/solutions/155000000196.html]
[help.leadconnectorhq.com/support/solutions/folders/155000001313.html]
[help.leadconnectorhq.com/support/solutions/155000000250.html]
[help.leadconnectorhq.com/support/solutions/folders/155000001320.html]
[help.leadconnectorhq.com/support/solutions/articles/155000006093-track-external-forms-with-the-tracking-script.html]
[help.leadconnectorhq.com/support/solutions/155000000254.html]
[help.leadconnectorhq.com/support/solutions/folders/155000001335.html]
[help.leadconnectorhq.com/support/solutions/articles/155000006490-external-website-seo-fixes-via-seo-pixel.html]
[assets4.freshdesk.com/assets/cdn/portal_bottom-0fe88ce7f44d512c644a48fda3390ae66247caeea647e04d017015099f25db87.js]
[assets10.freshdesk.com/assets/cdn/redactor-642f8cbfacb4c2762350a557838bbfaadec878d0d24e9a0d8dfe90b2533f0e5d.js]
[assets9.freshdesk.com/assets/cdn/lang/en-4a75f878b88f0e355c2d9c4c8856e16e0e8e74807c9787aaba7ef13f18c8d691.js]
[assets9.freshdesk.com/assets/cdn/i18n/portal/en-7dc3290616af9ea64cf8f4a01e81b2013d3f08333acedba4871235237937ee05.js]
[help.leadconnectorhq.com/support/home.html]
[assets6.freshdesk.com/assets/cdn/portal_print-6e04b27f27ab27faab81f917d275d593fa892ce13150854024baaf983b3f4326.css]
[assets1.freshdesk.com/assets/cdn/falcon_portal_utils-a58414d6bc8bc6ca4d78f5b3f76522e4970de435e68a5a2fedcda0db58f21600.css]
[assets10.freshdesk.com/assets/cdn/portal_head_v2-d07ff5985065d4b2f2826fdbbaef7df41eb75e17b915635bf0413a6bc12fd7b7.js]
[assets2.freshdesk.com/assets/cdn/portal_bottom-0fe88ce7f44d512c644a48fda3390ae66247caeea647e04d017015099f25db87.js]
[assets4.freshdesk.com/assets/cdn/redactor-642f8cbfacb4c2762350a557838bbfaadec878d0d24e9a0d8dfe90b2533f0e5d.js]
[assets5.freshdesk.com/assets/cdn/lang/en-4a75f878b88f0e355c2d9c4c8856e16e0e8e74807c9787aaba7ef13f18c8d691.js]
[assets10.freshdesk.com/assets/cdn/i18n/portal/en-7dc3290616af9ea64cf8f4a01e81b2013d3f08333acedba4871235237937ee05.js]
[help.leadconnectorhq.com/support/solutions.html]
[s3.amazonaws.com/cdn.freshdesk.com/data/helpdesk/attachments/production/155031488903/logo/W6IZsuUjIIDJkqMExT4DsHfGY0UAV20K1Qf64a.png]
[assets5.freshdesk.com/assets/cdn/portal_print-6e04b27f27ab27faab81f917d275d593fa892ce13150854024baaf983b3f4326.css]
[assets4.freshdesk.com/assets/cdn-ignored/sprites/portal/icon-s507c4b1df6-698d3abd0dde03af087eba2d9c96cf1575e4b721a7ce6dc28d423c2a91a21baa.png]
[assets4.freshdesk.com/assets/cdn-ignored/sprites/portal/sources-sc9dbab78af-1b1903ef4ad90edfe633a3b49c0275ea335f2bf566134a4b559045b4dc5c8b1e.png]
[assets4.freshdesk.com/assets/cdn-ignored/sprites/portal/wicon-se7dff6d3f1-8f415516bad5930ff4da8f0c24cac34d793d4e544779dbe3799abd2051b1b2c6.png]
[assets4.freshdesk.com/assets/animated/ajax-loader.gif]
[assets4.freshdesk.com/images/email-bot.png]
[assets4.freshdesk.com/assets/cdn/falcon_portal_utils-a58414d6bc8bc6ca4d78f5b3f76522e4970de435e68a5a2fedcda0db58f21600.css]
[assets2.freshdesk.com/assets/cdn-ignored/sprites/portal/dynamic-icon-s85b95186ce-e274bd42cd0ad6ac0c46c7e2bfa705d4b97c6bd0b9c736e0da2d31ffca7d3a09.png]
[help.leadconnectorhq.com/support/theme2820.css]
[assets7.freshdesk.com/assets/cdn/portal_print-6e04b27f27ab27faab81f917d275d593fa892ce13150854024baaf983b3f4326.css]
[assets9.freshdesk.com/assets/cdn/falcon_portal_utils-a58414d6bc8bc6ca4d78f5b3f76522e4970de435e68a5a2fedcda0db58f21600.css]
[assets1.freshdesk.com/assets/cdn/portal_head_v2-d07ff5985065d4b2f2826fdbbaef7df41eb75e17b915635bf0413a6bc12fd7b7.js]
[assets5.freshdesk.com/assets/cdn/prism-841b9ba9ca7f9e1bc3cdfdd4583524f65913717a3ab77714a45dd2921531a402.js]
[www.recaptcha.net/recaptcha/enterprise.js]
[assets10.freshdesk.com/assets/cdn/portal_bottom-0fe88ce7f44d512c644a48fda3390ae66247caeea647e04d017015099f25db87.js]
[assets3.freshdesk.com/assets/cdn/redactor-642f8cbfacb4c2762350a557838bbfaadec878d0d24e9a0d8dfe90b2533f0e5d.js]
[assets7.freshdesk.com/assets/cdn/lang/en-4a75f878b88f0e355c2d9c4c8856e16e0e8e74807c9787aaba7ef13f18c8d691.js]
[assets7.freshdesk.com/assets/cdn/i18n/portal/en-7dc3290616af9ea64cf8f4a01e81b2013d3f08333acedba4871235237937ee05.js]
[help.leadconnectorhq.com/support/signup.html]
[assets7.freshdesk.com/assets/cdn/portal_head_v2-d07ff5985065d4b2f2826fdbbaef7df41eb75e17b915635bf0413a6bc12fd7b7.js]
[assets7.freshdesk.com/assets/cdn/prism-841b9ba9ca7f9e1bc3cdfdd4583524f65913717a3ab77714a45dd2921531a402.js]
[assets8.freshdesk.com/assets/cdn/lookup_field-fbaae59ac52f80ac49090db27333b303849342f4c1f4fd8495c6f6a3f1a48e9d.js]
[assets3.freshdesk.com/assets/cdn/portal_bottom-0fe88ce7f44d512c644a48fda3390ae66247caeea647e04d017015099f25db87.js]
[assets2.freshdesk.com/assets/cdn/redactor-642f8cbfacb4c2762350a557838bbfaadec878d0d24e9a0d8dfe90b2533f0e5d.js]
[assets6.freshdesk.com/assets/cdn/lang/en-4a75f878b88f0e355c2d9c4c8856e16e0e8e74807c9787aaba7ef13f18c8d691.js]
[help.leadconnectorhq.com/support/tickets/new.html]
[assets2.freshdesk.com/assets/cdn/portal_print-6e04b27f27ab27faab81f917d275d593fa892ce13150854024baaf983b3f4326.css]
[assets3.freshdesk.com/assets/cdn/prism-841b9ba9ca7f9e1bc3cdfdd4583524f65913717a3ab77714a45dd2921531a402.js]
[help.leadconnectorhq.com/sso/facebook.html]
[assets7.freshdesk.com/assets/cdn/redactor-642f8cbfacb4c2762350a557838bbfaadec878d0d24e9a0d8dfe90b2533f0e5d.js]
[assets2.freshdesk.com/assets/cdn/lang/en-4a75f878b88f0e355c2d9c4c8856e16e0e8e74807c9787aaba7ef13f18c8d691.js]
[assets6.freshdesk.com/assets/cdn/i18n/portal/en-7dc3290616af9ea64cf8f4a01e81b2013d3f08333acedba4871235237937ee05.js]
[help.leadconnectorhq.com/support/login.html]
[assets9.freshdesk.com/assets/cdn/portal_print-6e04b27f27ab27faab81f917d275d593fa892ce13150854024baaf983b3f4326.css]
[assets4.freshdesk.com/assets/cdn/portal_head_v2-d07ff5985065d4b2f2826fdbbaef7df41eb75e17b915635bf0413a6bc12fd7b7.js]
[assets4.freshdesk.com/assets/cdn/prism-841b9ba9ca7f9e1bc3cdfdd4583524f65913717a3ab77714a45dd2921531a402.js]
[assets8.freshdesk.com/assets/cdn/portal_bottom-0fe88ce7f44d512c644a48fda3390ae66247caeea647e04d017015099f25db87.js]
[assets4.freshdesk.com/assets/cdn/lang/en-4a75f878b88f0e355c2d9c4c8856e16e0e8e74807c9787aaba7ef13f18c8d691.js]
[assets8.freshdesk.com/assets/cdn/i18n/portal/en-7dc3290616af9ea64cf8f4a01e81b2013d3f08333acedba4871235237937ee05.js]
[help.leadconnectorhq.com/support/solutions/48000454531.html]
[assets1.freshdesk.com/assets/cdn/portal_print-6e04b27f27ab27faab81f917d275d593fa892ce13150854024baaf983b3f4326.css]
[assets5.freshdesk.com/assets/cdn/portal_head_v2-d07ff5985065d4b2f2826fdbbaef7df41eb75e17b915635bf0413a6bc12fd7b7.js]
[assets8.freshdesk.com/assets/cdn/redactor-642f8cbfacb4c2762350a557838bbfaadec878d0d24e9a0d8dfe90b2533f0e5d.js]
[assets8.freshdesk.com/assets/cdn/lang/en-4a75f878b88f0e355c2d9c4c8856e16e0e8e74807c9787aaba7ef13f18c8d691.js]
[assets2.freshdesk.com/assets/cdn/i18n/portal/en-7dc3290616af9ea64cf8f4a01e81b2013d3f08333acedba4871235237937ee05.js]
[help.leadconnectorhq.com/support/solutions/folders/48000682811.html]
[assets8.freshdesk.com/assets/cdn/falcon_portal_utils-a58414d6bc8bc6ca4d78f5b3f76522e4970de435e68a5a2fedcda0db58f21600.css]
[assets3.freshdesk.com/assets/cdn/portal_head_v2-d07ff5985065d4b2f2826fdbbaef7df41eb75e17b915635bf0413a6bc12fd7b7.js]
[assets6.freshdesk.com/assets/cdn/prism-841b9ba9ca7f9e1bc3cdfdd4583524f65913717a3ab77714a45dd2921531a402.js]
[assets9.freshdesk.com/assets/cdn/redactor-642f8cbfacb4c2762350a557838bbfaadec878d0d24e9a0d8dfe90b2533f0e5d.js]
[help.leadconnectorhq.com/support/solutions/articles/48001202926-how-to-connect-your-google-my-business-gmb-/hit.gif]
[help.leadconnectorhq.com/support/solutions/articles/48001202926-how-to-connect-your-google-my-business-gmb-.html]
[assets6.freshdesk.com/assets/cdn/falcon_portal_utils-a58414d6bc8bc6ca4d78f5b3f76522e4970de435e68a5a2fedcda0db58f21600.css]
[assets2.freshdesk.com/assets/cdn/prism-841b9ba9ca7f9e1bc3cdfdd4583524f65913717a3ab77714a45dd2921531a402.js]
[help.leadconnectorhq.com/support/solutions/articles/155000005123-wallet-auto-recharge-and-frequency.html]
[help.leadconnectorhq.com/support/solutions/articles/155000005269-wallet-auto-recharge.html]
[assets3.freshdesk.com/assets/cdn/i18n/portal/en-7dc3290616af9ea64cf8f4a01e81b2013d3f08333acedba4871235237937ee05.js]
[help.leadconnectorhq.com/support/solutions/folders/155000000463.html]
[assets6.freshdesk.com/assets/cdn/portal_head_v2-d07ff5985065d4b2f2826fdbbaef7df41eb75e17b915635bf0413a6bc12fd7b7.js]
[assets1.freshdesk.com/assets/cdn/prism-841b9ba9ca7f9e1bc3cdfdd4583524f65913717a3ab77714a45dd2921531a402.js]
[assets6.freshdesk.com/assets/cdn/portal_bottom-0fe88ce7f44d512c644a48fda3390ae66247caeea647e04d017015099f25db87.js]
[help.leadconnectorhq.com/support/solutions/articles/155000001730-leadconnector-mobile-app-quick-start-guide/hit.gif]
[help.leadconnectorhq.com/support/solutions/articles/155000001730-leadconnector-mobile-app-quick-start-guide.html]
[assets9.freshdesk.com/assets/cdn/portal_head_v2-d07ff5985065d4b2f2826fdbbaef7df41eb75e17b915635bf0413a6bc12fd7b7.js]
[assets8.freshdesk.com/assets/cdn/prism-841b9ba9ca7f9e1bc3cdfdd4583524f65913717a3ab77714a45dd2921531a402.js]
[assets6.freshdesk.com/assets/cdn/redactor-642f8cbfacb4c2762350a557838bbfaadec878d0d24e9a0d8dfe90b2533f0e5d.js]
[assets7.freshdesk.com/assets/cdn/portal_bottom-0fe88ce7f44d512c644a48fda3390ae66247caeea647e04d017015099f25db87.js]
[help.leadconnectorhq.com/support/solutions/articles/155000001731-managing-conversations-quick-start-guide/hit.gif]
[help.leadconnectorhq.com/support/solutions/articles/155000001731-managing-conversations-quick-start-guide.html]
[assets3.freshdesk.com/assets/cdn/lang/en-4a75f878b88f0e355c2d9c4c8856e16e0e8e74807c9787aaba7ef13f18c8d691.js]
[help.leadconnectorhq.com/support/solutions/articles/155000001732-the-marketing-area-quick-start-guide/hit.gif]
[help.leadconnectorhq.com/support/solutions/articles/155000001732-the-marketing-area-quick-start-guide.html]
[assets3.freshdesk.com/assets/cdn/falcon_portal_utils-a58414d6bc8bc6ca4d78f5b3f76522e4970de435e68a5a2fedcda0db58f21600.css]
[assets10.freshdesk.com/assets/cdn/lang/en-4a75f878b88f0e355c2d9c4c8856e16e0e8e74807c9787aaba7ef13f18c8d691.js]
[assets4.freshdesk.com/assets/cdn/i18n/portal/en-7dc3290616af9ea64cf8f4a01e81b2013d3f08333acedba4871235237937ee05.js]
[help.leadconnectorhq.com/support/solutions/articles/155000001733-managing-payments-quick-start-guide/hit.gif]
[help.leadconnectorhq.com/support/solutions/articles/155000001733-managing-payments-quick-start-guide.html]
[assets4.freshdesk.com/assets/cdn/portal_print-6e04b27f27ab27faab81f917d275d593fa892ce13150854024baaf983b3f4326.css]
[assets10.freshdesk.com/assets/cdn/falcon_portal_utils-a58414d6bc8bc6ca4d78f5b3f76522e4970de435e68a5a2fedcda0db58f21600.css]
[assets2.freshdesk.com/assets/cdn/portal_head_v2-d07ff5985065d4b2f2826fdbbaef7df41eb75e17b915635bf0413a6bc12fd7b7.js]
[assets1.freshdesk.com/assets/cdn/redactor-642f8cbfacb4c2762350a557838bbfaadec878d0d24e9a0d8dfe90b2533f0e5d.js]
[help.leadconnectorhq.com/support/solutions/articles/155000001734-reputation-management-quick-start-guide/hit.gif]
[help.leadconnectorhq.com/support/solutions/articles/155000001734-reputation-management-quick-start-guide.html]
[help.leadconnectorhq.com/support/solutions/folders/155000000544.html]
[assets9.freshdesk.com/assets/cdn/portal_bottom-0fe88ce7f44d512c644a48fda3390ae66247caeea647e04d017015099f25db87.js]
[s3.amazonaws.com/cdn.freshdesk.com/data/helpdesk/attachments/production/155023979303/original/qNIa1hRBLHENlzUROzJU9DL-I-4HETR2uA3290.png]
[s3.amazonaws.com/cdn.freshdesk.com/data/helpdesk/attachments/production/155023979619/original/yK9n-NDIs_5dB7hwaEmrwpv8RKH90UN2ig7bf4.png]
[s3.amazonaws.com/cdn.freshdesk.com/data/helpdesk/attachments/production/155023980460/original/zlbMB8DvGsZP92tRcILXA72KGL-9o7opCw81e5.png]
[s3.amazonaws.com/cdn.freshdesk.com/data/helpdesk/attachments/production/155023980612/original/DaZLsp5p0IYipl8QHqRwt6aaowtRzq54Cgdcaf.png]
[assets1.freshdesk.com/assets/cdn/lang/en-4a75f878b88f0e355c2d9c4c8856e16e0e8e74807c9787aaba7ef13f18c8d691.js]
[help.leadconnectorhq.com/support/solutions/articles/155000002216-using-google-gmail-google-workspace-as-your-smtp-provider/hit.gif]
[help.leadconnectorhq.com/support/solutions/articles/155000002216-using-google-gmail-google-workspace-as-your-smtp-provider.html]
[assets9.freshdesk.com/assets/cdn/prism-841b9ba9ca7f9e1bc3cdfdd4583524f65913717a3ab77714a45dd2921531a402.js]
[s3.amazonaws.com/cdn.freshdesk.com/data/helpdesk/attachments/production/155044543748/original/U-YcYlHz-uZe0no4TuHB5WutJ0KpCjNpUg8fb7.png]
[s3.amazonaws.com/cdn.freshdesk.com/data/helpdesk/attachments/production/155044543754/original/UMm02aYH-zbOCQi4JbGw5m_UzWXOx6LjuA8fb7.jpg]
[help.leadconnectorhq.com/support/solutions/articles/155000004976-limitation-of-using-smtp-when-emails-are-not-sending/hit.gif]
[help.leadconnectorhq.com/support/solutions/articles/155000004976-limitation-of-using-smtp-when-emails-are-not-sending.html]
[help.leadconnectorhq.com/support/solutions/folders/155000001115.html]
[assets2.freshdesk.com/assets/cdn/falcon_portal_utils-a58414d6bc8bc6ca4d78f5b3f76522e4970de435e68a5a2fedcda0db58f21600.css]
[assets8.freshdesk.com/assets/cdn/portal_print-6e04b27f27ab27faab81f917d275d593fa892ce13150854024baaf983b3f4326.css]
[s3.amazonaws.com/cdn.freshdesk.com/data/helpdesk/attachments/production/155045995788/original/XUdHwVShoR99l69a6uzoeSz1LC8azlgMHg91a4.png]
[s3.amazonaws.com/cdn.freshdesk.com/data/helpdesk/attachments/production/155045995807/original/FAULhnOFiIfW-vPg3FQzZAezCEEwoMSBZwbc08.png]
[s3.amazonaws.com/cdn.freshdesk.com/data/helpdesk/attachments/production/155045995838/original/89frjlT0kXQx02SOWVvButGEeJWf8BH6gQ9d37.png]
[s3.amazonaws.com/cdn.freshdesk.com/data/helpdesk/attachments/production/155045995875/original/zs7rfSjmgWnZZ1G2JmpwAJXEDLjonqTr7gbf58.png]
[help.leadconnectorhq.com/support/solutions/articles/155000004861-troubleshooting-guide-connecting-your-domain/hit.gif]
[help.leadconnectorhq.com/support/solutions/articles/155000004861-troubleshooting-guide-connecting-your-domain.html]
[help.leadconnectorhq.com/support/solutions/folders/155000001323.html]
[assets5.freshdesk.com/assets/cdn/portal_bottom-0fe88ce7f44d512c644a48fda3390ae66247caeea647e04d017015099f25db87.js]
[assets10.freshdesk.com/assets/cdn/portal_print-6e04b27f27ab27faab81f917d275d593fa892ce13150854024baaf983b3f4326.css]
[help.leadconnectorhq.com/support/solutions/folders/155000001324.html]
[assets5.freshdesk.com/assets/cdn/redactor-642f8cbfacb4c2762350a557838bbfaadec878d0d24e9a0d8dfe90b2533f0e5d.js]
[help.leadconnectorhq.com/support/solutions/folders/155000001325.html]
[assets1.freshdesk.com/assets/cdn/portal_bottom-0fe88ce7f44d512c644a48fda3390ae66247caeea647e04d017015099f25db87.js]
[assets5.freshdesk.com/assets/cdn/i18n/portal/en-7dc3290616af9ea64cf8f4a01e81b2013d3f08333acedba4871235237937ee05.js]
[help.leadconnectorhq.com/support/solutions/folders/155000001326.html]
[help.leadconnectorhq.com/support/solutions/folders/155000001327.html]
[help.leadconnectorhq.com/support/solutions/155000000111.html]
[help.leadconnectorhq.com/support/solutions/folders/155000000549.html]
[assets5.freshdesk.com/assets/cdn/falcon_portal_utils-a58414d6bc8bc6ca4d78f5b3f76522e4970de435e68a5a2fedcda0db58f21600.css]
[assets7.freshdesk.com/assets/cdn/falcon_portal_utils-a58414d6bc8bc6ca4d78f5b3f76522e4970de435e68a5a2fedcda0db58f21600.css]
[help.leadconnectorhq.com/support/solutions/articles/155000002256-ai-prompting-101/hit.gif]
[help.leadconnectorhq.com/support/solutions/articles/155000002256-ai-prompting-101.html]
[help.leadconnectorhq.com/support/solutions/articles/155000004089-bot-status-for-individual-contacts.html]
[help.leadconnectorhq.com/support/solutions/articles/155000004431-update-conversation-ai-bot-and-status-workflow-action.html]
[help.leadconnectorhq.com/support/solutions/articles/155000004468-how-to-add-name-email-phone-in-the-prompt.html]
[help.leadconnectorhq.com/support/solutions/articles/155000004563-stop-bot-action.html]
[help.leadconnectorhq.com/support/solutions/articles/155000005012-introduction-to-multiple-knowledge-bases-in-conversation-ai.html]
[help.leadconnectorhq.com/support/solutions/folders/155000000765.html]
[help.leadconnectorhq.com/support/solutions/folders/155000000765/page/2.html]
[help.leadconnectorhq.com/support/solutions/articles/155000003060-appointment-booking-conversation-ai-workflow-action/hit.gif]
[help.leadconnectorhq.com/support/solutions/articles/155000003060-appointment-booking-conversation-ai-workflow-action.html]
[s3.amazonaws.com/cdn.freshdesk.com/data/helpdesk/attachments/production/155041973281/original/ngZh5o0cDiuIdPVFqBM0dbjAew-hlogDsA0568.png]
[s3.amazonaws.com/cdn.freshdesk.com/data/helpdesk/attachments/production/155034135388/original/UMPZih1TVI59bRQnmS_C5BzVVJQfTGCCAA9362.png]
[s3.amazonaws.com/cdn.freshdesk.com/data/helpdesk/attachments/production/155034135424/original/h0n9dr7kxg29rtqdR0eplE903JzK4RATCw1fba.png]
[s3.amazonaws.com/cdn.freshdesk.com/data/helpdesk/attachments/production/155034135422/original/eeh6wgA8vV-uJnZyEryyWjaWGsxVWyuVWg2b14.jpg]
[s3.amazonaws.com/cdn.freshdesk.com/data/helpdesk/attachments/production/155034135515/original/qoliGYsE0WhxHWtoOF1_iE7LaQRNSqkUAwabe1.png]
[s3.amazonaws.com/cdn.freshdesk.com/data/helpdesk/attachments/production/155034135573/original/IIhTPBu1wlJ8xYCjKAwh0jBkFXy9lQcBVg70f5.png]
[s3.amazonaws.com/cdn.freshdesk.com/data/helpdesk/attachments/production/155034135673/original/Tx9ZtNhqqAa-JrqiwGqj3lPbSN8L8r2SQQ411e.png]
[s3.amazonaws.com/cdn.freshdesk.com/data/helpdesk/attachments/production/155034136149/original/LQhlMK1RyTq-ig0Rg_IfXYy3I3VsLQHJCAcaf2.png]
[s3.amazonaws.com/cdn.freshdesk.com/data/helpdesk/attachments/production/155034135866/original/2PlnQBh-RL_5grIlx9DockZHo3NQ1RaJTA87ae.png]
[s3.amazonaws.com/cdn.freshdesk.com/data/helpdesk/attachments/production/155041973054/original/uR9BU-zCMvIZZU4xYRM8F27cu4f6MRFrmQ51de.png]
[s3.amazonaws.com/cdn.freshdesk.com/data/helpdesk/attachments/production/155041973179/original/vuDJiDFrNuxtYoQ3D7gXj5wQyd8iTZYPLg60fd.png]
[s3.amazonaws.com/cdn.freshdesk.com/data/helpdesk/attachments/production/155041973195/original/gaWj4PmASEq0jZH-k5uIflGqRuyB2vpdRg418d.png]
[help.leadconnectorhq.com/support/solutions/articles/155000003842-response-info-for-your-ai-message/hit.gif]
[help.leadconnectorhq.com/support/solutions/articles/155000003842-response-info-for-your-ai-message.html]
[s3.amazonaws.com/cdn.freshdesk.com/data/helpdesk/attachments/production/155034771459/original/BLz49mpEcAi5J5i0FkxW7rcFeH-ztgiwIQ2471.png]
[s3.amazonaws.com/cdn.freshdesk.com/data/helpdesk/attachments/production/155034715359/original/-pLUT1PSrRSWmRhWAHbQPpOPss5Yf-efuw6c44.png]
[s3.amazonaws.com/cdn.freshdesk.com/data/helpdesk/attachments/production/155038630189/original/VatLL5Y_HS84nDIbZk1rYvHZCvqxOtbtAA0f3a.png]
[s3.amazonaws.com/cdn.freshdesk.com/data/helpdesk/attachments/production/155038630206/original/EVEZHRhx98uhnQGDkx7wbfKRO-Ic42O96wbb47.png]
[s3.amazonaws.com/cdn.freshdesk.com/data/helpdesk/attachments/production/155038630266/original/JsJXRkMJ86AiKFMtvwbzFksDpxhu1ra-8Ad95b.png]
[s3.amazonaws.com/cdn.freshdesk.com/data/helpdesk/attachments/production/155038630535/original/8tthonoasvb2juYN4PT_I6v1V4au-aqrmw5221.png]
[s3.amazonaws.com/cdn.freshdesk.com/data/helpdesk/attachments/production/155038630065/original/3I-BcxMj3DEg7gvXGS0-mZCWZjc_RYs-yw991a.png]
[s3.amazonaws.com/cdn.freshdesk.com/data/helpdesk/attachments/production/155038630049/original/cNdgY8f191AuKxLot4jaMa4BIjwIItgTVA31d2.png]
[help.leadconnectorhq.com/support/solutions/articles/155000003847-add-contact-info-for-your-bot/hit.gif]
[help.leadconnectorhq.com/support/solutions/articles/155000003847-add-contact-info-for-your-bot.html]
[s3.amazonaws.com/cdn.freshdesk.com/data/helpdesk/attachments/production/155034819033/original/lEYra8fbZTkLdz0MasXnRWbeZbURIHjslA3bb2.png]
[s3.amazonaws.com/cdn.freshdesk.com/data/helpdesk/attachments/production/155034819035/original/LdIujos30rowDFRpOwQdzbyB6Xdby9iIyA3bb2.png]
[s3.amazonaws.com/cdn.freshdesk.com/data/helpdesk/attachments/production/155034819745/original/blJLG21izNXSEKi9hQOFfp2Wbj1HBUQYNwc2f4.png]
[s3.amazonaws.com/cdn.freshdesk.com/data/helpdesk/attachments/production/155034820562/original/nyeAOZKAO85ArgxDXRPegB04hSWvuOVkpg8734.png]
[s3.amazonaws.com/cdn.freshdesk.com/data/helpdesk/attachments/production/155034821503/original/ahxCliLVT3VLWBCOKbBAMmOVLMCgQIwA1g503a.png]
[help.leadconnectorhq.com/support/solutions/articles/155000003876-trigger-a-workflow-within-conversation-ai/hit.gif]
[help.leadconnectorhq.com/support/solutions/articles/155000003876-trigger-a-workflow-within-conversation-ai.html]
[s3.amazonaws.com/cdn.freshdesk.com/data/helpdesk/attachments/production/155034835072/original/arNca2Puf08boAm3ogOqWMf3INWLQt4QHAe2d7.png]
[s3.amazonaws.com/cdn.freshdesk.com/data/helpdesk/attachments/production/155034834224/original/i85i2gyaFonNy3SIyoXxl0PBQtnr2GHNNQc443.png]
[s3.amazonaws.com/cdn.freshdesk.com/data/helpdesk/attachments/production/155034834333/original/rpw3AtVTF0k5skAdaHGshgXqF8VXAqkbOw6240.png]
[s3.amazonaws.com/cdn.freshdesk.com/data/helpdesk/attachments/production/155034834453/original/oNmogsOFOkfHREJq0iGb5XuhR23ib1B0nw61a3.png]
[s3.amazonaws.com/cdn.freshdesk.com/data/helpdesk/attachments/production/155035612174/original/KlQETZwuN9vZHN1BA8nnTQsx4IEHwFM86Qa265.png]
[s3.amazonaws.com/cdn.freshdesk.com/data/helpdesk/attachments/production/155036290282/original/4XYdMoRzQqbbzCFgUd1yIojsF9N5LR4xFA4eb8.png]
[help.leadconnectorhq.com/support/solutions/articles/155000003892-bot-goals-feature-conversation-ai-v2-complete-guide/hit.gif]
[help.leadconnectorhq.com/support/solutions/articles/155000003892-bot-goals-feature-conversation-ai-v2-complete-guide.html]
[help.leadconnectorhq.com/support/solutions/48000454530.html]
[help.leadconnectorhq.com/support/solutions/articles/48001235966-how-to-create-recurring-invoices.html]
[help.leadconnectorhq.com/support/solutions/articles/48001238884-how-to-manage-refunds-within-the-crm-.html]
[help.leadconnectorhq.com/support/solutions/articles/155000000264-enabling-sales-receipts-for-order-form-purchases.html]
[help.leadconnectorhq.com/support/solutions/articles/155000004707-how-to-import-invoices-from-previous-softwares-using-csv-into-your-crm-.html]
[help.leadconnectorhq.com/support/solutions/articles/155000005078-import-transactions-csv-file-field-formats.html]
[help.leadconnectorhq.com/support/solutions/folders/48000682655.html]
[help.leadconnectorhq.com/support/solutions/folders/48000682655/page/2.html]
[help.leadconnectorhq.com/support/solutions/articles/48001202186-how-to-set-up-a-paypal-integration/hit.gif]
[help.leadconnectorhq.com/support/solutions/articles/48001202186-how-to-set-up-a-paypal-integration.html]
[s3.amazonaws.com/cdn.freshdesk.com/data/helpdesk/attachments/production/48264672103/original/PM-Q1tEfaYOeSAG1SbNKL11NCEdQ7XmTkw417e.gif]
[help.leadconnectorhq.com/support/solutions/articles/48001225940-what-is-listed-on-the-subscriptions-page-/hit.gif]
[help.leadconnectorhq.com/support/solutions/articles/48001225940-what-is-listed-on-the-subscriptions-page-.html]
[assets3.freshdesk.com/assets/cdn/portal_print-6e04b27f27ab27faab81f917d275d593fa892ce13150854024baaf983b3f4326.css]
[s3.amazonaws.com/cdn.freshdesk.com/data/helpdesk/attachments/production/48277366188/original/OO5YrPXeUOQwj7A3NQQzIDP5lYywxqV_5A3922.png]
[s3.amazonaws.com/cdn.freshdesk.com/data/helpdesk/attachments/production/48277329145/original/UPM5velcmHCidwIdB9Ez9cn5I1kD5Pxgug0577.png]
[s3.amazonaws.com/cdn.freshdesk.com/data/helpdesk/attachments/production/48277326720/original/uFIwdnFaRw8MmRa0kpubzevUpdERrMA9Lgc166.png]
[s3.amazonaws.com/cdn.freshdesk.com/data/helpdesk/attachments/production/48277329435/original/o1LUc47E74s0iOn45RxEdH_0cmu7RMQEBA7626.png]
[s3.amazonaws.com/cdn.freshdesk.com/data/helpdesk/attachments/production/48277326885/original/9cLUklr_P0FYfdrCSGKRvVTWFhXnxALRWQa4b5.png]
[s3.amazonaws.com/cdn.freshdesk.com/data/helpdesk/attachments/production/48274089434/original/x3IlIe6V135JyQ3Ds6pdtTys2QK9Wj2vage948.png]
[help.leadconnectorhq.com/support/solutions/articles/48001229612-using-apple-pay-and-google-pay/hit.gif]
[help.leadconnectorhq.com/support/solutions/articles/48001229612-using-apple-pay-and-google-pay.html]
[s3.amazonaws.com/cdn.freshdesk.com/data/helpdesk/attachments/production/48278591523/original/Sr4Z7WUPAT6VaOaM6ACPHGU_pnXkRXXHhQ58c9.png]
[s3.amazonaws.com/cdn.freshdesk.com/data/helpdesk/attachments/production/48278589425/original/uuTirde8-8iEPL9WDkQhaAoDGMfz7n97AA3334.png]
[s3.amazonaws.com/cdn.freshdesk.com/data/helpdesk/attachments/production/48278762635/original/GKfxv8yq-4fvH8Z_imbBLYO_QymhEZHU3Q3a17.png]
[s3.amazonaws.com/cdn.freshdesk.com/data/helpdesk/attachments/production/48278762749/original/KtjM7pJ7sGxe3bSPyQzvG-RIDVMfNuDZhQ076e.png]
[s3.amazonaws.com/cdn.freshdesk.com/data/helpdesk/attachments/production/48278804144/original/HOBNH3in9ASQb-G6x7kYxlwqQhUtTsHISwa878.png]
[s3.amazonaws.com/cdn.freshdesk.com/data/helpdesk/attachments/production/48278804449/original/c1PlVkmiNqkN6Ajbwb52IMMBB-Q1Lz-4yQbbda.png]
[s3.amazonaws.com/cdn.freshdesk.com/data/helpdesk/attachments/production/48278806039/original/ab0_IqVbPs2X9Vub6cIQlq3doNO09HHYBQ45d2.png]
[s3.amazonaws.com/cdn.freshdesk.com/data/helpdesk/attachments/production/48278806389/original/IL6l8BahVDEvcCMpvO9j4AqAB8Uqh_Y17A8c57.png]
[s3.amazonaws.com/cdn.freshdesk.com/data/helpdesk/attachments/production/48278806859/original/77rhBaAuwHnXc3dSD99tCHCV_zJ6ygbNZA5e5d.png]
[s3.amazonaws.com/cdn.freshdesk.com/data/helpdesk/attachments/production/48278807334/original/ehWEyfGMBx06EEmV6-kny_h2Mbvr-ds-zw0e53.png]
[s3.amazonaws.com/cdn.freshdesk.com/data/helpdesk/attachments/production/48278810849/original/6FPZdXeiv4MDSp1d36218_ezuIA6CZaUEA8c42.png]
[s3.amazonaws.com/cdn.freshdesk.com/data/helpdesk/attachments/production/48278816562/original/SP8Q-LT4WctAzVMUVMK7OvsFSnxFFOdYXQ3b5d.png]
[s3.amazonaws.com/cdn.freshdesk.com/data/helpdesk/attachments/production/48278812831/original/oNCJoq-nbfZtbm7bWPTcq0W76vqY2OQ_dA0f62.png]
[s3.amazonaws.com/cdn.freshdesk.com/data/helpdesk/attachments/production/48278814793/original/SzIQaM8S3zpPx-44Zl2HltXRq_KMN3pTow1e46.png]
[help.leadconnectorhq.com/support/solutions/articles/48001234317-authorize-net-integration-for-processing-payments/hit.gif]
[help.leadconnectorhq.com/support/solutions/articles/48001234317-authorize-net-integration-for-processing-payments.html]
[s3.amazonaws.com/cdn.freshdesk.com/data/helpdesk/attachments/production/48242859063/original/ITni0cQc1eUZ7DTw2wRWO4Yaa7guwqmH3g9710.png]
[s3.amazonaws.com/cdn.freshdesk.com/data/helpdesk/attachments/production/48242640177/original/Ofz7DZ8pfpvGRMTZWek3tfVv1UJzoSu9qA9632.png]
[s3.amazonaws.com/cdn.freshdesk.com/data/helpdesk/attachments/production/48245831218/original/1D6-aru93aKFHnuedU4CVieJX5PT17utCAed7b.png]
[s3.amazonaws.com/cdn.freshdesk.com/data/helpdesk/attachments/production/48242640181/original/ZHrH2tOucpRTfouEBosgRkSJRrGgALK_tA9632.png]
[help.leadconnectorhq.com/support/solutions/articles/48001235961-auto-payments-in-recurring-templates/hit.gif]
[help.leadconnectorhq.com/support/solutions/articles/48001235961-auto-payments-in-recurring-templates.html]
[help.leadconnectorhq.com/support/solutions/folders/155000001302.html]
[s3.amazonaws.com/cdn.freshdesk.com/data/helpdesk/attachments/production/155052657175/original/bPmYLbMmVN8r8q2T0SCWskIbj1jOWV0mMgbe09.jpg]
[s3.amazonaws.com/cdn.freshdesk.com/data/helpdesk/attachments/production/155052657176/original/npn3KpIABBrgAj5wZlzdyacFuuYC04W-Fgbe09.jpg]
[s3.amazonaws.com/cdn.freshdesk.com/data/helpdesk/attachments/production/155052657174/original/4RS7ugmXw3Nn6k1XtkoQj6Ahp0oXHqyQPQ99cc.jpg]
[s3.amazonaws.com/cdn.freshdesk.com/data/helpdesk/attachments/production/155052657177/original/p37sApxXTyqFr7FAnKfirLfjngedVQ1Eaw3b60.png]
[s3.amazonaws.com/cdn.freshdesk.com/data/helpdesk/attachments/production/155052657178/original/53ywW6oFcgUI7Cnb_xdXEN_prPEj2sf4Hw646b.png]
[s3.amazonaws.com/cdn.freshdesk.com/data/helpdesk/attachments/production/155052657173/original/pgQnADAFx8b5CM33vkKYz3BiKAq0pDWdQwa2d7.jpg]
[help.leadconnectorhq.com/support/solutions/articles/155000006216-how-to-view-all-chart-of-accounts-within-the-xero-integration-/hit.gif]
[help.leadconnectorhq.com/support/solutions/articles/155000006216-how-to-view-all-chart-of-accounts-within-the-xero-integration-.html]
[help.leadconnectorhq.com/support/solutions/folders/155000001303.html]
[help.leadconnectorhq.com/support/solutions/folders/155000001304.html]
[help.leadconnectorhq.com/support/solutions/folders/155000001305.html]
[s3.amazonaws.com/cdn.freshdesk.com/data/helpdesk/attachments/production/155043925709/original/SuAx46pLeXkLDDIsHtJ3ZG5Ky86LiQJHtA7f36.png]
[s3.amazonaws.com/cdn.freshdesk.com/data/helpdesk/attachments/production/155043925734/original/p92zAYBOCpg6SL-5lHpVwdUYjzLsqLoS1wc930.png]
[help.leadconnectorhq.com/support/solutions/articles/155000004885-coupon-application-on-subscription-products/hit.gif]
[help.leadconnectorhq.com/support/solutions/articles/155000004885-coupon-application-on-subscription-products.html]
[help.leadconnectorhq.com/support/solutions/folders/155000001306.html]
[s3.amazonaws.com/cdn.freshdesk.com/data/helpdesk/attachments/production/155060603687/original/kw4chAAhgkOnUMdEKnYors5kb9sd976dXwbca4.png]
[s3.amazonaws.com/cdn.freshdesk.com/data/helpdesk/attachments/production/155060603705/original/p-8MAX3YGmMVe9yu-WydeqPajBu5lZn_hg15e1.png]
[s3.amazonaws.com/cdn.freshdesk.com/data/helpdesk/attachments/production/155060603755/original/QhFKXSxVxev636cqp_Wk0PALJoltlyR_Ygbbe3.png]
[help.leadconnectorhq.com/support/solutions/articles/155000007178-guide-setting-up-the-quickbooks-integration/hit.gif]
[help.leadconnectorhq.com/support/solutions/articles/155000007178-guide-setting-up-the-quickbooks-integration.html]
[s3.amazonaws.com/cdn.freshdesk.com/data/helpdesk/attachments/production/155060604686/original/We3EejSm_DTq1XPWGt2lYbWOrPPPaFwsrwe35f.png]
[s3.amazonaws.com/cdn.freshdesk.com/data/helpdesk/attachments/production/155060604715/original/-1devyoU9illHq61YTvavFrKI-ERQ4fUOg5a3e.png]
[s3.amazonaws.com/cdn.freshdesk.com/data/helpdesk/attachments/production/155060604724/original/kYYaCi5q5QX_3qw8Cv46dYKKa0V9QOOqYgc1da.png]
[s3.amazonaws.com/cdn.freshdesk.com/data/helpdesk/attachments/production/155060604753/original/wMBcv7QSZMyZtKmUQYnauf44lAWJeIDXAQ3d93.png]
[help.leadconnectorhq.com/support/solutions/articles/155000007179-guide-wave-integration/hit.gif]
[help.leadconnectorhq.com/support/solutions/articles/155000007179-guide-wave-integration.html]
[s3.amazonaws.com/cdn.freshdesk.com/data/helpdesk/attachments/production/155060606613/original/SoMdFLSTW0etwxWQ5eSzZW5zKt8sJ2dcwQ298c.png]
[s3.amazonaws.com/cdn.freshdesk.com/data/helpdesk/attachments/production/155060606625/original/d5Mk3ADw17F7kHh6j6irOgJsCQRFE2YEhw39d4.png]
[s3.amazonaws.com/cdn.freshdesk.com/data/helpdesk/attachments/production/155060606649/original/iD9PINc4Wtxjphq-kdzkWRLCk77JHULUdAc9b1.png]
[s3.amazonaws.com/cdn.freshdesk.com/data/helpdesk/attachments/production/155060606676/original/jlhaYEaKCnD2kuz8RTy9TvRUOigE78vk3w85aa.png]
[s3.amazonaws.com/cdn.freshdesk.com/data/helpdesk/attachments/production/155060606786/original/n2z5aJiRoOHrtj1Ug6Cje4GoQ3jN9vkChQ3f62.png]
[s3.amazonaws.com/cdn.freshdesk.com/data/helpdesk/attachments/production/155060606821/original/Ez9KsswLWmYfaTeflSn5YOP7o3wTDFi1nQ5477.png]
[s3.amazonaws.com/cdn.freshdesk.com/data/helpdesk/attachments/production/155060606828/original/r7Z94sqfyhid5T5N4t_EXE-YmS035wOH2g05eb.png]
[s3.amazonaws.com/cdn.freshdesk.com/data/helpdesk/attachments/production/155060606856/original/xQeT9CSaKoII4D1mODBER9UaU_L6vQ6s1gca3d.png]
[s3.amazonaws.com/cdn.freshdesk.com/data/helpdesk/attachments/production/155060606866/original/KRH7qH4G_UumtbeEfgsBTkTarLjSuY4BXAc8d6.png]
[s3.amazonaws.com/cdn.freshdesk.com/data/helpdesk/attachments/production/155060606879/original/m9YNM_usiqJqAaajYQYVWLdSAr-cLyfUEgb738.png]
[help.leadconnectorhq.com/support/solutions/articles/155000007180-guide-xero-integration/hit.gif]
[help.leadconnectorhq.com/support/solutions/articles/155000007180-guide-xero-integration.html]
[help.leadconnectorhq.com/support/solutions/folders/155000001420.html]
[s3.amazonaws.com/cdn.freshdesk.com/data/helpdesk/attachments/production/155058728992/original/hFCYxMykFt8YxVjoAu2ChJ78o0knOXI9qg1adf.png]
[s3.amazonaws.com/cdn.freshdesk.com/data/helpdesk/attachments/production/155058729076/original/0blcqylJ3g-OiUB8ao7o_WeOU6bo1mJ58A4374.png]
[s3.amazonaws.com/cdn.freshdesk.com/data/helpdesk/attachments/production/155058729188/original/NmHnFU6R9wuHW5TQMGpnk_ahwMbSV2sPEA001a.png]
[s3.amazonaws.com/cdn.freshdesk.com/data/helpdesk/attachments/production/155058729309/original/Ty5BntakdndVQ1rRvODEM2Nd1vPzHtrytw7083.png]
[s3.amazonaws.com/cdn.freshdesk.com/data/helpdesk/attachments/production/155058729342/original/281qKLrGOjO7jNnyESdMMeb5-KCr1LW6Vg4e5f.png]
[s3.amazonaws.com/cdn.freshdesk.com/data/helpdesk/attachments/production/155058729428/original/uJV4c0M4TC-i0fzo7VJMu-KnzMS7yfwOsQ875f.png]
[help.leadconnectorhq.com/support/solutions/articles/155000006982-how-to-track-gift-card-performance-analytics-metric-tracking-/hit.gif]
[help.leadconnectorhq.com/support/solutions/articles/155000006982-how-to-track-gift-card-performance-analytics-metric-tracking-.html]
[s3.amazonaws.com/cdn.freshdesk.com/data/helpdesk/attachments/production/155058723085/original/J0HIn4_gKXFAw4Wumc3ROWAHjTecM3ZbUA1c7d.png]
[s3.amazonaws.com/cdn.freshdesk.com/data/helpdesk/attachments/production/155058723256/original/Q65-PwTRxHpSZ7DBkuNOCZ4powajeWcmdw2c06.png]
[s3.amazonaws.com/cdn.freshdesk.com/data/helpdesk/attachments/production/155058723467/original/q2mIQ_ldWmDd3GPvfJMohGtdjmzlkod7cg7b55.png]
[s3.amazonaws.com/cdn.freshdesk.com/data/helpdesk/attachments/production/155058723507/original/CMjr_dTK-O3Sm-_nkJ0kA7yo1Qk7X9DIRgf4d6.png]
[s3.amazonaws.com/cdn.freshdesk.com/data/helpdesk/attachments/production/155058723540/original/Q2t4yzptYnAS5_7KYkRFX26OdCdbqNtTmg0967.png]
[s3.amazonaws.com/cdn.freshdesk.com/data/helpdesk/attachments/production/155058723990/original/vtOCdvnfwWVDk1QyH28Mx_Pm_82p7FsTKA1211.png]
[s3.amazonaws.com/cdn.freshdesk.com/data/helpdesk/attachments/production/155058723901/original/5lY-JGsm6cTLoZdGcTViZiTQmeyfjN-TCgd320.png]
[s3.amazonaws.com/cdn.freshdesk.com/data/helpdesk/attachments/production/155058724005/original/JR1giTcaEK8OGLNpbw_Xzx5draAEulduQQe575.png]
[s3.amazonaws.com/cdn.freshdesk.com/data/helpdesk/attachments/production/155058724049/original/GSBLZfExw_vy0XE3Rm-KkUFl1kOi6ebTZQed5a.png]
[s3.amazonaws.com/cdn.freshdesk.com/data/helpdesk/attachments/production/155058726115/original/E9FMjOaRip6g9vVnJ3g1l069W49Xim8tAwa8ab.png]
[s3.amazonaws.com/cdn.freshdesk.com/data/helpdesk/attachments/production/155058726145/original/z0tsViAzimkyQ6jdZgRO5ws_gvkOW9tYnQ2ce9.png]
[s3.amazonaws.com/cdn.freshdesk.com/data/helpdesk/attachments/production/155058726137/original/9ywFJOb8g8km6TMixQEUw7It_znoGIhN0Q4eae.png]
[s3.amazonaws.com/cdn.freshdesk.com/data/helpdesk/attachments/production/155058724722/original/33lnETEK06u4TqZhq5XywSqnEpwLmxXlKAa23b.png]
[s3.amazonaws.com/cdn.freshdesk.com/data/helpdesk/attachments/production/155058724811/original/MEpOjxkk-YBg_Uv5JohWzBWKmLre_WHjYwc6b2.png]
[s3.amazonaws.com/cdn.freshdesk.com/data/helpdesk/attachments/production/155058724963/original/CCQpwdW0rV0N0ORri9FDCal_vfnlQOFzDQ4114.png]
[s3.amazonaws.com/cdn.freshdesk.com/data/helpdesk/attachments/production/155058724927/original/m1zF-CMQcNvQRxj5G-UZyOI9FQneuF9D0Aa266.png]
[s3.amazonaws.com/cdn.freshdesk.com/data/helpdesk/attachments/production/155058725044/original/YVRgVT_fkgykMtP7JthdK3coeQJqPBuX4Q9aa4.png]
[s3.amazonaws.com/cdn.freshdesk.com/data/helpdesk/attachments/production/155058725095/original/hlvI9D8iiFiLZCkblfP2f0pfp0Xdp3NqJg1b6f.png]
[s3.amazonaws.com/cdn.freshdesk.com/data/helpdesk/attachments/production/155058725258/original/ig8HBTiOad8JqX5OD_HVpifw70DJTviugQ475d.png]
[s3.amazonaws.com/cdn.freshdesk.com/data/helpdesk/attachments/production/155058725317/original/iUREh0wl2njmWMxArQBt-HPZlbVnWTsfQw79fa.png]
[s3.amazonaws.com/cdn.freshdesk.com/data/helpdesk/attachments/production/155058725331/original/3fXJl4mkgaOcNCmfqAIU3IlsEWntjbiq8w5e22.png]
[s3.amazonaws.com/cdn.freshdesk.com/data/helpdesk/attachments/production/155058726308/original/V45mi7M4HcFQZ5-iZUBJVgaC-ZTz80g19Qb78e.png]
[s3.amazonaws.com/cdn.freshdesk.com/data/helpdesk/attachments/production/155058726314/original/1HN63lAZbrzuQhS34MruknGBDpW5jRQBNw741e.png]
[s3.amazonaws.com/cdn.freshdesk.com/data/helpdesk/attachments/production/155058726321/original/GQRL2ypBuHGsbjnk5cZiVC2gks4Wh2hdIA2a12.png]
[s3.amazonaws.com/cdn.freshdesk.com/data/helpdesk/attachments/production/155058726359/original/0SHgQufRwhQY4lvq63D4spWXddT_OlEXFQ9216.png]
[s3.amazonaws.com/cdn.freshdesk.com/data/helpdesk/attachments/production/155058726379/original/-lt7U_VwN9LJkFnrUC-WhO6HHYpuzFXmIQ4064.png]
[s3.amazonaws.com/cdn.freshdesk.com/data/helpdesk/attachments/production/155058726374/original/yvImuw-YD8Wyi_It3gHLHtAUzSI5OVpAlAbfc6.png]
[s3.amazonaws.com/cdn.freshdesk.com/data/helpdesk/attachments/production/155058726445/original/VruiUcx4t52jXQWXxnAZ8iwyK3hTz2LfkQ37cc.png]
[s3.amazonaws.com/cdn.freshdesk.com/data/helpdesk/attachments/production/155058727985/original/MiqnSulsGtG2CoQfRGkeU_jICA8dlJpXFQe7d0.png]
[s3.amazonaws.com/cdn.freshdesk.com/data/helpdesk/attachments/production/155058728028/original/2mSXrbv1vG6Evv2co0jTxjqkPk05XKV9cw7081.png]
[s3.amazonaws.com/cdn.freshdesk.com/data/helpdesk/attachments/production/155058728089/original/Lp46iTBA7uomzzVZB7LOaoVfEaxiYc1mbAdeee.png]
[s3.amazonaws.com/cdn.freshdesk.com/data/helpdesk/attachments/production/155058728376/original/1W3uX7UCRPze92xeJ-uFrK0io20wF064sQ171e.png]
[s3.amazonaws.com/cdn.freshdesk.com/data/helpdesk/attachments/production/155058728435/original/PvuNZ3kPqO8utHgvJZqgXifebzbEJTVmDQf532.png]
[s3.amazonaws.com/cdn.freshdesk.com/data/helpdesk/attachments/production/155058728415/original/vJOLkROU2t8pRQ4TkbI85JQDLrSYPvddAQ74bf.png]
[s3.amazonaws.com/cdn.freshdesk.com/data/helpdesk/attachments/production/155058728452/original/b-Exp7zEciHxEduwgsDJIyi1QdpM7G8TAgc983.png]
[s3.amazonaws.com/cdn.freshdesk.com/data/helpdesk/attachments/production/155058728471/original/M0VfRN00e8-yahN0LJrRj-OZEU1qYO_qsg9e97.png]
[s3.amazonaws.com/cdn.freshdesk.com/data/helpdesk/attachments/production/155058727853/original/57IAR4a0G5LaEr8nS129MPNLl6qPUy8qCA9dfa.png]
[help.leadconnectorhq.com/support/solutions/articles/155000006954-getting-started-with-gift-cards/hit.gif]
[help.leadconnectorhq.com/support/solutions/articles/155000006954-getting-started-with-gift-cards.html]
[s3.amazonaws.com/cdn.freshdesk.com/data/helpdesk/attachments/production/155058776354/original/CodNO0DvawwmxlwVfxsXcN-kEMNYiDIfDQ2912.png]
[s3.amazonaws.com/cdn.freshdesk.com/data/helpdesk/attachments/production/155058776490/original/f3X8blUWnOm2mlr_5hPlHOPV1_yudbtoew048d.png]
[s3.amazonaws.com/cdn.freshdesk.com/data/helpdesk/attachments/production/155058776781/original/kzAnRSp3ea99_Mv9vIlABKfBwk1e10umDwce3a.png]
[s3.amazonaws.com/cdn.freshdesk.com/data/helpdesk/attachments/production/155058776973/original/ipTyNlvxtuGMLbx1_5nRYO3WMfQahFn_JA15a3.png]
[s3.amazonaws.com/cdn.freshdesk.com/data/helpdesk/attachments/production/155058776983/original/PihjBdPfbX6Ayz6e_lrM6xuduIEzxfD-3Qfba7.png]
[s3.amazonaws.com/cdn.freshdesk.com/data/helpdesk/attachments/production/155058777108/original/vzCMcU6q8dHBdl_olTa-QTfbtZw8sR9THwd961.png]
[s3.amazonaws.com/cdn.freshdesk.com/data/helpdesk/attachments/production/155058777092/original/jeSwhDod5ha68K2fv4L2FdulDLDT7SvqoA0e54.png]
[s3.amazonaws.com/cdn.freshdesk.com/data/helpdesk/attachments/production/155058777142/original/9ufjUAWC1sge5oJHFMPN4vqRN8O1uXMxpgcad1.png]
[s3.amazonaws.com/cdn.freshdesk.com/data/helpdesk/attachments/production/155058777119/original/ANMyMNL8Krp3dbX3bHpsl3Nj9JkPQBOa7Qa35e.png]
[s3.amazonaws.com/cdn.freshdesk.com/data/helpdesk/attachments/production/155058777126/original/DJ6Q6ozaKCqq94Ws9a6kvoVXYxgQyAdLDw7e47.png]
[s3.amazonaws.com/cdn.freshdesk.com/data/helpdesk/attachments/production/155058777130/original/Ncw8Kp1eUXdXJRwZD7a3L68hqdYsnls-1gd4f2.png]
[s3.amazonaws.com/cdn.freshdesk.com/data/helpdesk/attachments/production/155058778130/original/_D_s_cm7BWypn78k2xRu6uAVjXqP7icnugab8a.png]
[s3.amazonaws.com/cdn.freshdesk.com/data/helpdesk/attachments/production/155058778488/original/-w7AeLLFdjBjD4mZOlq4zEGoO8W5NS4yLg2c77.png]
[s3.amazonaws.com/cdn.freshdesk.com/data/helpdesk/attachments/production/155058776824/original/6eZIQoAn2azp0RqrAEHTz0JlWLiVW7ZC7A8f99.png]
[s3.amazonaws.com/cdn.freshdesk.com/data/helpdesk/attachments/production/155058777804/original/6Juf7imZfJqh9hE2PrUpQeS4UjtrHVIcsQ8f84.png]
[s3.amazonaws.com/cdn.freshdesk.com/data/helpdesk/attachments/production/155058777847/original/I7LLEFTaqkpSY8lG-udEiUsReX9zJQfQjA31bf.png]
[s3.amazonaws.com/cdn.freshdesk.com/data/helpdesk/attachments/production/155058777878/original/95iawZfcOP83q-oTUdupAEkf6FTSOys2dA12f6.png]
[s3.amazonaws.com/cdn.freshdesk.com/data/helpdesk/attachments/production/155058777890/original/oJaLqZedMgrAAPo2-m-fwj6FLtaq4T2XkA2db4.png]
[s3.amazonaws.com/cdn.freshdesk.com/data/helpdesk/attachments/production/155058779038/original/HxFDVyB4AKpU0ZMyytTV3cMsLibdbrWHBQcca0.png]
[s3.amazonaws.com/cdn.freshdesk.com/data/helpdesk/attachments/production/155058779074/original/VZdNUyNchjE_qwiZ7a4tV7hoOU5wJE4O2w9b9b.png]
[s3.amazonaws.com/cdn.freshdesk.com/data/helpdesk/attachments/production/155058778960/original/qcydQ37xmI683LF-vguldDYgS25MAeBp_Ab89e.png]
[s3.amazonaws.com/cdn.freshdesk.com/data/helpdesk/attachments/production/155058779244/original/GQrwC5QPCKw46pGhLc-E1ZfpvbJgnEhpbA034a.png]
[s3.amazonaws.com/cdn.freshdesk.com/data/helpdesk/attachments/production/155058779263/original/Z6qw0Rpi5kiA2rM7IEQ-bqjeRO8s2rdF6g6a3f.png]
[s3.amazonaws.com/cdn.freshdesk.com/data/helpdesk/attachments/production/155058779306/original/nv3M6ViX9D_z2DIW6NX2euxDztcCcZka5Qcb33.png]
[s3.amazonaws.com/cdn.freshdesk.com/data/helpdesk/attachments/production/155058779362/original/tQsWkqrsqusucUBqiswtlc86IVO5gtNE0A604c.png]
[s3.amazonaws.com/cdn.freshdesk.com/data/helpdesk/attachments/production/155058779430/original/_VecX2RYABKAR529GTYxv3Kq0tMPAvWIIAcd62.png]
[s3.amazonaws.com/cdn.freshdesk.com/data/helpdesk/attachments/production/155058779502/original/FAqwbFCYZ2sujKKpYcr7WltIdt0UghBvjQ452e.png]
[s3.amazonaws.com/cdn.freshdesk.com/data/helpdesk/attachments/production/155058779627/original/Ep12VYXNOhFoCttTDK3FZy364fLJDQlC2Q909c.png]
[help.leadconnectorhq.com/support/solutions/articles/155000006985-how-to-sell-gift-cards/hit.gif]
[help.leadconnectorhq.com/support/solutions/articles/155000006985-how-to-sell-gift-cards.html]
[s3.amazonaws.com/cdn.freshdesk.com/data/helpdesk/attachments/production/155058780577/original/K-hpS_mxRAutl4_WIzievGBCfzTuWpvkMQec50.png]
[s3.amazonaws.com/cdn.freshdesk.com/data/helpdesk/attachments/production/155058780631/original/mpUdc7A5xWMtM90AZP6WSQe3ROoTVeowfwafd0.png]
[s3.amazonaws.com/cdn.freshdesk.com/data/helpdesk/attachments/production/155058780801/original/3bd7nyTCqSrsTomX7wAfbXjfkqxTZtv9MQ7952.png]
[s3.amazonaws.com/cdn.freshdesk.com/data/helpdesk/attachments/production/155058780806/original/TaElWoGikI48ZaJ4t5JWJntEudcp3if8lw977b.png]
[s3.amazonaws.com/cdn.freshdesk.com/data/helpdesk/attachments/production/155058780977/original/tQkPDEJ0UCga7dwbhamrSSjyfhRgjwYkxw3963.png]
[s3.amazonaws.com/cdn.freshdesk.com/data/helpdesk/attachments/production/155058781031/original/E3zm-AUtjS4Om74CEBx_4Tl8ftB1M08Lww6db1.png]
[s3.amazonaws.com/cdn.freshdesk.com/data/helpdesk/attachments/production/155058781106/original/3d-Lmziw9E7phUyVJ07fDIEVY2w8pkVHhw4a6c.png]
[s3.amazonaws.com/cdn.freshdesk.com/data/helpdesk/attachments/production/155058781064/original/v0RncFUA5M7gXEnNVKvSrBhX-XPZINHP3Q2f03.png]
[s3.amazonaws.com/cdn.freshdesk.com/data/helpdesk/attachments/production/155058781203/original/eK2-YVkDqsVEjJLEj9bQUevvdrq79isNXg3d9b.png]
[s3.amazonaws.com/cdn.freshdesk.com/data/helpdesk/attachments/production/155058781303/original/WjPGO7euXUM9DieNoBYUZyfJZUod2HNgVg3a00.jpg]
[s3.amazonaws.com/cdn.freshdesk.com/data/helpdesk/attachments/production/155058781312/original/DYY7u6GElLKYlQz6gDLUBd3quPIp6QsqvA7ee3.jpg]
[s3.amazonaws.com/cdn.freshdesk.com/data/helpdesk/attachments/production/155058781288/original/plZ4NoT8BX_eIfl0ziRwezksHnwkGViEege13b.jpg]
[s3.amazonaws.com/cdn.freshdesk.com/data/helpdesk/attachments/production/155058781334/original/0VYhcjR9S_nNnANt4pERccNQsUqys31Sqg74cb.jpg]
[s3.amazonaws.com/cdn.freshdesk.com/data/helpdesk/attachments/production/155058781421/original/i3ooQZ67N0uDjNvKHlV0K2-bAhMXm4pZLA144e.png]
[s3.amazonaws.com/cdn.freshdesk.com/data/helpdesk/attachments/production/155058781512/original/wSipxByD6Vb7ZvnPDhUJfi046MFnyBA0bA186c.png]
[s3.amazonaws.com/cdn.freshdesk.com/data/helpdesk/attachments/production/155058781507/original/kj3ZutqGXD4w1peQBV2PngJ0hcGGSn46XA0652.png]
[help.leadconnectorhq.com/support/solutions/articles/155000006988-how-to-send-gift-cards/hit.gif]
[help.leadconnectorhq.com/support/solutions/articles/155000006988-how-to-send-gift-cards.html]
[help.leadconnectorhq.com/support/solutions/48000454554.html]
[help.leadconnectorhq.com/support/solutions/folders/48000683114.html]
[s3.amazonaws.com/cdn.freshdesk.com/data/helpdesk/attachments/production/48229694461/original/T49r8HPUFpDfasSBEi9NpPayBXtemDLJdw894e.png]
[s3.amazonaws.com/cdn.freshdesk.com/data/helpdesk/attachments/production/48171643220/original/2Q9zJfhG_hF7VtxJNHboRrP5bumnTyaXyQac3a.png]
[s3.amazonaws.com/cdn.freshdesk.com/data/helpdesk/attachments/production/48229694824/original/Go3dZ6ph-8Q2USciwUvUEO_ODrcASa7JrA3f06.png]
[s3.amazonaws.com/cdn.freshdesk.com/data/helpdesk/attachments/production/48229695373/original/nbHnFzXWii09sc0cGxMJRqZVz5Q2y-dAXw4891.png]
[s3.amazonaws.com/cdn.freshdesk.com/data/helpdesk/attachments/production/48171653872/original/iAcCaLykU6_CRQaW1-oEkV9qEZsaDh1mYAc670.png]
[s3.amazonaws.com/cdn.freshdesk.com/data/helpdesk/attachments/production/48171657076/original/ds7JsTOXfjri0BfpmHePKgsR1BpBgLtzvw053e.png]
[s3.amazonaws.com/cdn.freshdesk.com/data/helpdesk/attachments/production/48229695901/original/8I_YEko54b6YimTMhNuzBhFsrcdVbuIpAQ09d8.png]
[s3.amazonaws.com/cdn.freshdesk.com/data/helpdesk/attachments/production/48229696145/original/4h3IDzgcb8UL7cM9TfcHQ_ey0Nfjwfwiog691e.png]
[s3.amazonaws.com/cdn.freshdesk.com/data/helpdesk/attachments/production/48229696339/original/bj8DN2fPf1ohlEMzIU1ZhmGLNBQQ0wytQQe5c1.png]
[help.leadconnectorhq.com/support/solutions/articles/48001204688-how-to-point-your-domains-or-subdomains-to-your-wordpress-site/hit.gif]
[help.leadconnectorhq.com/support/solutions/articles/48001204688-how-to-point-your-domains-or-subdomains-to-your-wordpress-site.html]
[s3.amazonaws.com/cdn.freshdesk.com/data/helpdesk/attachments/production/48292530850/original/coxKVPu6rE2_UnyOTHI7MvX7Rkb4iAGREA2357.png]
[s3.amazonaws.com/cdn.freshdesk.com/data/helpdesk/attachments/production/48292530855/original/abdBuhNtt9uFlqErTUyuPja6bQK2ikgmWg2357.png]
[s3.amazonaws.com/cdn.freshdesk.com/data/helpdesk/attachments/production/48292530848/original/n5svUU6tj_fQApPFqWpYZTJ9UxAQwT-OBw3e41.png]
[s3.amazonaws.com/cdn.freshdesk.com/data/helpdesk/attachments/production/48292534096/original/oE0CLprQjptAytDcp_Xm-6Ev-ac-7zUMmA74e9.gif]
[s3.amazonaws.com/cdn.freshdesk.com/data/helpdesk/attachments/production/48292530849/original/oAZdGx2nkSb3-JApojyZS_nVQBBzALIvDg3e41.png]
[s3.amazonaws.com/cdn.freshdesk.com/data/helpdesk/attachments/production/48292530856/original/9iYglnY1MRzECVNg28aHPna2-lXvS0VE2A2357.png]
[s3.amazonaws.com/cdn.freshdesk.com/data/helpdesk/attachments/production/48292530853/original/wK2mm_5hwXBurGgJdMu1VSDlyAaZvs5M2w2357.png]
[s3.amazonaws.com/cdn.freshdesk.com/data/helpdesk/attachments/production/48292530858/original/Nw8XotE7JEXA5mI6lDTL3oH_-2qeIrpjkg2357.png]
[s3.amazonaws.com/cdn.freshdesk.com/data/helpdesk/attachments/production/48292530859/original/z0Za_x_NjIKDtX6kqbOemqkfWOR-7UdUEg2357.png]
[s3.amazonaws.com/cdn.freshdesk.com/data/helpdesk/attachments/production/48292530857/original/tMNMCLWQ5FA8sNPzD-eLtwMI0SNTWlduwg2357.png]
[s3.amazonaws.com/cdn.freshdesk.com/data/helpdesk/attachments/production/48292530772/original/kGpS4j0Hfwg6kwcKiZj-gsqsrkczpMI0kw1e7c.png]
[s3.amazonaws.com/cdn.freshdesk.com/data/helpdesk/attachments/production/48292530852/original/o6UEM2Lg8E1nVCw2Hy1gYmPodjgsxdiLLg2357.png]
[help.leadconnectorhq.com/support/solutions/articles/48001237381-wordpress-adding-domains-for-your-site/hit.gif]
[help.leadconnectorhq.com/support/solutions/articles/48001237381-wordpress-adding-domains-for-your-site.html]
[s3.amazonaws.com/cdn.freshdesk.com/data/helpdesk/attachments/production/155026893404/original/-7L_WNYFwWD5iTORmdjeYHiTLDlWHO5USg95cd.jpg]
[s3.amazonaws.com/cdn.freshdesk.com/data/helpdesk/attachments/production/155026893401/original/cXOhxI3LUHGQaA2XkkFINAcU9NSLTQ9gTAc8dc.jpg]
[s3.amazonaws.com/cdn.freshdesk.com/data/helpdesk/attachments/production/155026893403/original/vyi07eWDFelwfMaDW3AiPW3dP499s-QXdQ95cd.jpg]
[s3.amazonaws.com/cdn.freshdesk.com/data/helpdesk/attachments/production/155026893402/original/wYVRaVWTM2fcOGQXG7ZI-FCNyCxwbt2GEgc8dc.jpg]
[s3.amazonaws.com/cdn.freshdesk.com/data/helpdesk/attachments/production/155026893399/original/eJ-c9XGda0j-w_UezZLKl9og2lJ8y_wzewc8dc.png]
[s3.amazonaws.com/cdn.freshdesk.com/data/helpdesk/attachments/production/155026893400/original/zX3UoqejgXrRSh8IjafVQ8zOSqkzjGpwHw95cd.jpg]
[help.leadconnectorhq.com/support/solutions/articles/155000002548-how-to-add-domains-in-the-wordpress-dashboard/hit.gif]
[help.leadconnectorhq.com/support/solutions/articles/155000002548-how-to-add-domains-in-the-wordpress-dashboard.html]
[s3.amazonaws.com/cdn.freshdesk.com/data/helpdesk/attachments/production/155045562559/original/TKjySjmuq4Jq21Kd3av1WbK_V_LyadiIZA204e.png]
[s3.amazonaws.com/cdn.freshdesk.com/data/helpdesk/attachments/production/155045562512/original/-2y8alycvmkLSB0r283iQA5Mwzt-pCl4vA8c83.png]
[s3.amazonaws.com/cdn.freshdesk.com/data/helpdesk/attachments/production/155045565949/original/9nRUZssMRZhaJ4Y-X803HpXnxKZqRp0sfAb1a0.png]
[s3.amazonaws.com/cdn.freshdesk.com/data/helpdesk/attachments/production/155045562540/original/oAgLEvrZYJq0hcAEUSZJfMjZgk7B21TQpwbe87.png]
[s3.amazonaws.com/cdn.freshdesk.com/data/helpdesk/attachments/production/155045562547/original/8GKLb4YTbmVvj0bjTVn31KaE16pK8xmtuAcb37.png]
[help.leadconnectorhq.com/support/solutions/articles/155000005141-ssh-access-and-ssh-keys-management-on-your-wordpress-hosting/hit.gif]
[help.leadconnectorhq.com/support/solutions/articles/155000005141-ssh-access-and-ssh-keys-management-on-your-wordpress-hosting.html]
[s3.amazonaws.com/cdn.freshdesk.com/data/helpdesk/attachments/production/155048811808/original/-01UVbc7eJZReF_wLHbAnwgmvzkouDkVLg7ec0.png]
[s3.amazonaws.com/cdn.freshdesk.com/data/helpdesk/attachments/production/155048811817/original/jJgLIqzwd9r1ZSeVq4AdvgnjsAJf1FVmWga5ca.png]
[s3.amazonaws.com/cdn.freshdesk.com/data/helpdesk/attachments/production/155048811929/original/EO1G0ZY7mII9jWZp9pm8kVKnG31z_xPIWgc048.png]
[s3.amazonaws.com/cdn.freshdesk.com/data/helpdesk/attachments/production/155048811832/original/PbqzfxWk3EWDrE7HH-owtA1fPURnbFn5ggf4e4.png]
[s3.amazonaws.com/cdn.freshdesk.com/data/helpdesk/attachments/production/155048811886/original/tDjCuN2HSGN-PO93uhjq21joy-FhNNAmgAcb31.png]
[s3.amazonaws.com/cdn.freshdesk.com/data/helpdesk/attachments/production/155048811883/original/i01EkYigyM6QTZqzgWSP9bwi3OyhxpHXMA1908.png]
[s3.amazonaws.com/cdn.freshdesk.com/data/helpdesk/attachments/production/155048811879/original/W5ugjzbQucihcFvWwKHNOu7M81eTVvkpzQ8e3f.png]
[help.leadconnectorhq.com/support/solutions/articles/155000005586-wordpress-leadconnector-plugin-all-you-need-to-know/hit.gif]
[help.leadconnectorhq.com/support/solutions/articles/155000005586-wordpress-leadconnector-plugin-all-you-need-to-know.html]
[help.leadconnectorhq.com/support/solutions/folders/48000683803.html]
[s3.amazonaws.com/cdn.freshdesk.com/data/helpdesk/attachments/production/48185058266/original/4FH2quP34qYkjcHIHFvTyuIjuVOX3gzJWw0d92.png]
[help.leadconnectorhq.com/support/solutions/articles/48001208185-how-to-add-a-product-to-a-funnel-or-website/hit.gif]
[help.leadconnectorhq.com/support/solutions/articles/48001208185-how-to-add-a-product-to-a-funnel-or-website.html]
[s3.amazonaws.com/cdn.freshdesk.com/data/helpdesk/attachments/production/48297036673/original/8XANJHICJTAN2fV91nzZ6RYTMXXel0e38ge391.png]
[s3.amazonaws.com/cdn.freshdesk.com/data/helpdesk/attachments/production/48297036672/original/QLXzK1y90O8iGqXa6lReIoKriOnJUvzRega8d6.png]
[help.leadconnectorhq.com/support/solutions/articles/48001239652-how-to-set-up-your-very-own-customizable-404-error-page-/hit.gif]
[help.leadconnectorhq.com/support/solutions/articles/48001239652-how-to-set-up-your-very-own-customizable-404-error-page-.html]
[help.leadconnectorhq.com/support/solutions/folders/155000000290.html]
[help.leadconnectorhq.com/support/solutions/articles/155000005699-guide-funnel-website-stats-definitions.html]
[help.leadconnectorhq.com/support/solutions/articles/155000002118-cookie-policy-details/hit.gif]
[help.leadconnectorhq.com/support/solutions/articles/155000002118-cookie-policy-details.html]
[help.leadconnectorhq.com/support/solutions/articles/155000002126-marketing-tools-to-use-in-funnel-website-cookie-banner/hit.gif]
[help.leadconnectorhq.com/support/solutions/articles/155000002126-marketing-tools-to-use-in-funnel-website-cookie-banner.html]
[s3.amazonaws.com/cdn.freshdesk.com/data/helpdesk/attachments/production/155025272506/original/RywQnEDqmGFnoSwchrG47dq_LBZE2nwytg8649.png]
[s3.amazonaws.com/cdn.freshdesk.com/data/helpdesk/attachments/production/155025272564/original/dJJI7oNtDA6lFgM9vXaUSIOAqkRGgpBbmAb275.png]
[help.leadconnectorhq.com/support/solutions/articles/155000002248-migration-of-existing-domains/hit.gif]
[help.leadconnectorhq.com/support/solutions/articles/155000002248-migration-of-existing-domains.html]
[s3.amazonaws.com/cdn.freshdesk.com/data/helpdesk/attachments/production/155048066018/original/vRJN0uRjDJ5YRqu_1ljLnGjnW7JnlrVqbQ8a4b.jpg]
[s3.amazonaws.com/cdn.freshdesk.com/data/helpdesk/attachments/production/155048066897/original/GrjMSaJQjqsOb5uFj850MwjYfn8B1uHlbQ601d.png]
[s3.amazonaws.com/cdn.freshdesk.com/data/helpdesk/attachments/production/155048067767/original/dxVjM1uT2uBWJIi76B1k0aTrGLtVPZjFVQ8aff.png]
[s3.amazonaws.com/cdn.freshdesk.com/data/helpdesk/attachments/production/155048067816/original/meL8YCqu1ladPjqyNkoEpIO848Dxo9KXSw41b9.png]
[s3.amazonaws.com/cdn.freshdesk.com/data/helpdesk/attachments/production/155048067912/original/LGGx8xsH3uLLUJ7Jdz_rvkSqR5rvbihyog7187.png]
[s3.amazonaws.com/cdn.freshdesk.com/data/helpdesk/attachments/production/155048067959/original/ZSiO5WVjNlKVIMK6C96MNtv42y6d8buyFw1655.png]
[s3.amazonaws.com/cdn.freshdesk.com/data/helpdesk/attachments/production/155048066934/original/L-KO7Zv9CGQVrALkkY4KAuLn_BK57QTWuAf3cd.png]
[s3.amazonaws.com/cdn.freshdesk.com/data/helpdesk/attachments/production/155048066971/original/AMNbhrxbru3ImeLHVCQQc3c2fIz1vIolng4a77.png]
[s3.amazonaws.com/cdn.freshdesk.com/data/helpdesk/attachments/production/155048067229/original/d4e5H_40Jpxicz1m1_5OIzpB08lWTXcK8g54cc.png]
[s3.amazonaws.com/cdn.freshdesk.com/data/helpdesk/attachments/production/155048066014/original/0Ti_f5PMB6D1I0jaBjZrsIbQuA0zw-ETJgba3c.png]
[s3.amazonaws.com/cdn.freshdesk.com/data/helpdesk/attachments/production/155048066012/original/LSwZPyQLZY2SpPqlo8iNfLXNe6p_FmI6Oga83f.jpg]
[s3.amazonaws.com/cdn.freshdesk.com/data/helpdesk/attachments/production/155048066015/original/amWRllNwW9vXQGVDrcP-YGUX4ijJ2MI8_Qba3c.jpg]
[help.leadconnectorhq.com/support/solutions/articles/155000004734-how-to-use-the-cookie-consent-banner-in-funnels-websites/hit.gif]
[help.leadconnectorhq.com/support/solutions/articles/155000004734-how-to-use-the-cookie-consent-banner-in-funnels-websites.html]
[s3.amazonaws.com/cdn.freshdesk.com/data/helpdesk/attachments/production/155049239626/original/BF-DUCc6mvWmzeP9xxngpd-sgXlHEzfyiwf5bc.png]
[s3.amazonaws.com/cdn.freshdesk.com/data/helpdesk/attachments/production/155049239669/original/8yZSJ0IowNDeVdQryCAZkkcSjg0BMuI3-A3dfc.png]
[help.leadconnectorhq.com/support/solutions/articles/155000005651-nested-url-paths-support-guide/hit.gif]
[help.leadconnectorhq.com/support/solutions/articles/155000005651-nested-url-paths-support-guide.html]
[help.leadconnectorhq.com/support/solutions/folders/155000000566.html]
[help.leadconnectorhq.com/support/solutions/articles/155000002342-funnel-website-webinar-analytics-definitions/hit.gif]
[help.leadconnectorhq.com/support/solutions/articles/155000002342-funnel-website-webinar-analytics-definitions.html]
[help.leadconnectorhq.com/support/solutions/folders/155000000592.html]
[help.leadconnectorhq.com/support/solutions/articles/155000002483-understanding-pixel-id-for-your-funnel-website-event-tracking/hit.gif]
[help.leadconnectorhq.com/support/solutions/articles/155000002483-understanding-pixel-id-for-your-funnel-website-event-tracking.html]
[help.leadconnectorhq.com/support/solutions/articles/155000002485-configuring-conversion-api-events/hit.gif]
[help.leadconnectorhq.com/support/solutions/articles/155000002485-configuring-conversion-api-events.html]
[assets1.freshdesk.com/assets/cdn/i18n/portal/en-7dc3290616af9ea64cf8f4a01e81b2013d3f08333acedba4871235237937ee05.js]
[help.leadconnectorhq.com/support/solutions/48000454610.html]
[help.leadconnectorhq.com/support/solutions/folders/48000683051.html]
[help.leadconnectorhq.com/support/solutions/articles/155000006339-gain-a-competitive-edge-with-competitor-analysis-in-reputation-management.html]
[s3.amazonaws.com/cdn.freshdesk.com/data/helpdesk/attachments/production/155008228778/original/l1MAU_FMd4YONYkd3VOCX5XgVd8XZ9Kssg9a5b.png]
[s3.amazonaws.com/cdn.freshdesk.com/data/helpdesk/attachments/production/155008229637/original/2N39BfVHFF8XwWuzBnpercISPDaMN_rm_ga309.png]
[s3.amazonaws.com/cdn.freshdesk.com/data/helpdesk/attachments/production/155008229433/original/-PT1fHoLiloU9ZFoqEq-OXUhvAVgrQiatQ1e91.jpg]
[s3.amazonaws.com/cdn.freshdesk.com/data/helpdesk/attachments/production/155008229964/original/O4debxYwTQl0pOlEjrsTAnL0UoSerOp8wg4775.png]
[s3.amazonaws.com/cdn.freshdesk.com/data/helpdesk/attachments/production/155008230141/original/2ei0w6LABd11tO4IG8zhRLPjT8Njqut4zgcb1a.png]
[s3.amazonaws.com/cdn.freshdesk.com/data/helpdesk/attachments/production/155008230337/original/lf9IELY7eXYFzKZK-q2ug2v-L9nkQ_5o-w10c2.png]
[s3.amazonaws.com/cdn.freshdesk.com/data/helpdesk/attachments/production/155008230554/original/joDi2aCOj_gZMfjwidwp8qaXGJH42cLOmAcc7e.png]
[help.leadconnectorhq.com/support/solutions/articles/155000001017-customising-review-widgets-in-reputation-management/hit.gif]
[help.leadconnectorhq.com/support/solutions/articles/155000001017-customising-review-widgets-in-reputation-management.html]
[s3.amazonaws.com/cdn.freshdesk.com/data/helpdesk/attachments/production/48254226266/original/V6iZPyYh8-AxOnz6UeavOsa9C_2qyqNPuwfbc6.gif]
[s3.amazonaws.com/cdn.freshdesk.com/data/helpdesk/attachments/production/155021269534/original/mWMN-quzzkTGbHaMmxrvP4PPh6-DNMxSggc190.png]
[s3.amazonaws.com/cdn.freshdesk.com/data/helpdesk/attachments/production/48253494223/original/fU3-oTDFmGwtrG884xKaY-c7Y9uadG2omA2d10.gif]
[s3.amazonaws.com/cdn.freshdesk.com/data/helpdesk/attachments/production/155021269535/original/pm_C762PQDPmU_-qp5rcEobswrnJiW-ONgc190.png]
[s3.amazonaws.com/cdn.freshdesk.com/data/helpdesk/attachments/production/48098341984/original/l6Sg0IGlM3RP_Yb9hubRkFeT-9LgK8-LNg4a2d.png]
[s3.amazonaws.com/cdn.freshdesk.com/data/helpdesk/attachments/production/155021269529/original/8pMMt_-1a2jZhjX79xDCrS0FnCBX2ZnTeQ89ef.png]
[s3.amazonaws.com/cdn.freshdesk.com/data/helpdesk/attachments/production/48098342358/original/dIDfNOu3Bv4rgAPuOh-SK-l34QdrFQiCWAacc5.jpg]
[s3.amazonaws.com/cdn.freshdesk.com/data/helpdesk/attachments/production/155021269531/original/aG1nnxAyIXx0SsCR6EkO4MEAuQJ3NdRy4Qc190.png]
[s3.amazonaws.com/cdn.freshdesk.com/data/helpdesk/attachments/production/48098342472/original/aQcP06r9IEUyhL93MSYr_lvuBTTWGx5w1A247c.png]
[s3.amazonaws.com/cdn.freshdesk.com/data/helpdesk/attachments/production/155021269532/original/_7szdJv88YhntUutCr8ExkC8ohEXUkPLpAc190.png]
[s3.amazonaws.com/cdn.freshdesk.com/data/helpdesk/attachments/production/48098342573/original/klzJKb29MgiKe_VpSBoM5TuR_jezRmz5LAb6d3.png]
[s3.amazonaws.com/cdn.freshdesk.com/data/helpdesk/attachments/production/155021269530/original/9UvuSXRIqwGcM0iuNdvFTAze01aHr6SwUQ89ef.png]
[help.leadconnectorhq.com/support/solutions/articles/155000002036-how-to-dispute-a-google-review-and-check-on-the-dispute-status/hit.gif]
[help.leadconnectorhq.com/support/solutions/articles/155000002036-how-to-dispute-a-google-review-and-check-on-the-dispute-status.html]
[s3.amazonaws.com/cdn.freshdesk.com/data/helpdesk/attachments/production/155022685692/original/jVpvzsIDyIpTs-Fq-95-Y5-XTAAaUHQO-A9e03.png]
[s3.amazonaws.com/cdn.freshdesk.com/data/helpdesk/attachments/production/155022686141/original/4FFz2rQtJty6KTI8r9TPej26dGZ3RgXNdw075a.png]
[s3.amazonaws.com/cdn.freshdesk.com/data/helpdesk/attachments/production/155022686251/original/HkqyTXgLmXA_kQliWUWAMtscnXRX_Cw7zA51b4.png]
[help.leadconnectorhq.com/support/solutions/articles/155000002058-how-to-set-up-a-review-link-in-your-review-request-email/hit.gif]
[help.leadconnectorhq.com/support/solutions/articles/155000002058-how-to-set-up-a-review-link-in-your-review-request-email.html]
[s3.amazonaws.com/cdn.freshdesk.com/data/helpdesk/attachments/production/155031021153/original/utQUdJF3hCbGpLOAJm9kjjbCQI1mJjRYNQb828.jpg]
[s3.amazonaws.com/cdn.freshdesk.com/data/helpdesk/attachments/production/155031021334/original/kRmW7xmIuBNAeRgCJLJdeBmBE3OoJdn4Dw10a8.png]
[s3.amazonaws.com/cdn.freshdesk.com/data/helpdesk/attachments/production/155031021155/original/IWk7cVkJsWtjGBcLTqyAjRICttSDI-4HbAb828.jpg]
[help.leadconnectorhq.com/support/solutions/articles/155000003067-how-to-set-up-digital-qr-code-for-maximising-review-generation/hit.gif]
[help.leadconnectorhq.com/support/solutions/articles/155000003067-how-to-set-up-digital-qr-code-for-maximising-review-generation.html]
[s3.amazonaws.com/cdn.freshdesk.com/data/helpdesk/attachments/production/155042666726/original/1oz_oUzl7Q-vKzAsik_-vAE2ktB21BbzCA9211.png]
[s3.amazonaws.com/cdn.freshdesk.com/data/helpdesk/attachments/production/155042666728/original/w7TVouN7Fe7dEJV18pAjWrQxhQ-0PKraqA9211.png]
[s3.amazonaws.com/cdn.freshdesk.com/data/helpdesk/attachments/production/155042666725/original/Vuhy5vZBufjjRQN-juAKmyTb2GSFTYHyYg9211.jpg]
[help.leadconnectorhq.com/support/solutions/articles/155000004694-resolving-conflicted-duplicate-state-entity-in-yext/hit.gif]
[help.leadconnectorhq.com/support/solutions/articles/155000004694-resolving-conflicted-duplicate-state-entity-in-yext.html]
[help.leadconnectorhq.com/support/solutions/48000454678.html]
[help.leadconnectorhq.com/support/solutions/articles/48001214536-leadconnector-messaging-policy.html]
[help.leadconnectorhq.com/support/solutions/articles/48001226976-brand-registration-step-by-step-guide-and-faqs.html]
[help.leadconnectorhq.com/support/solutions/articles/155000000180-toll-free-verification-guide-for-lc-phone-us-canada-.html]
[help.leadconnectorhq.com/support/solutions/articles/155000000181-how-to-buy-a-toll-free-number-.html]
[help.leadconnectorhq.com/support/solutions/articles/155000000755-detailed-pricing-for-a2p-10dlc-registrations.html]
[help.leadconnectorhq.com/support/solutions/folders/48000689487/page/2.html]
[help.leadconnectorhq.com/support/solutions/folders/48000689487/page/3.html]
[help.leadconnectorhq.com/support/solutions/folders/48000689487/page/4.html]
[help.leadconnectorhq.com/support/solutions/folders/48000689487/page/5.html]
[help.leadconnectorhq.com/support/solutions/folders/48000689487.html]
[help.leadconnectorhq.com/support/solutions/folders/48000689487/page/6.html]
[s3.amazonaws.com/cdn.freshdesk.com/data/helpdesk/attachments/production/155050868458/original/r8cVIysfLerVMyT_YhT3c4ja4sjHxvd1uw7b19.png]
[s3.amazonaws.com/cdn.freshdesk.com/data/helpdesk/attachments/production/155050868460/original/OddZgB6aRQ0406LEcExqBFsJkmH141QXKQf0e5.png]
[help.leadconnectorhq.com/support/solutions/articles/155000004358-remediate-spam-likely-on-your-caller-id-using-free-caller-registry.html]
[s3.amazonaws.com/cdn.freshdesk.com/data/helpdesk/attachments/production/155050868812/original/NceJkOCO5cMRubQtLFcVldACOD750ZVu7gd3e2.png]
[s3.amazonaws.com/cdn.freshdesk.com/data/helpdesk/attachments/production/155050868669/original/lmPxN5Jfa3o1ZARjMLl00oEwGnKGrRLM2wb4cf.png]
[help.leadconnectorhq.com/support/solutions/articles/48001226976.html]
[help.leadconnectorhq.com/support/solutions/articles/48001231670-why-are-my-calls-marked-as-spam-and-how-can-i-avoid-it/hit.gif]
[help.leadconnectorhq.com/support/solutions/articles/48001231670-why-are-my-calls-marked-as-spam-and-how-can-i-avoid-it.html]
[s3.amazonaws.com/cdn.freshdesk.com/data/helpdesk/attachments/production/48296865950/original/o1IZHAtHhKdQ4aUPaXD7e0393SJEniH8pg2ffc.gif]
[help.leadconnectorhq.com/support/solutions/articles/48001239448-phone-number-settings-explained/hit.gif]
[help.leadconnectorhq.com/support/solutions/articles/48001239448-phone-number-settings-explained.html]
[s3.amazonaws.com/cdn.freshdesk.com/data/helpdesk/attachments/production/155045244718/original/cMSjyryIMI0OwkPh2o_PwN9nq_RFASzHHw2a64.png]
[s3.amazonaws.com/cdn.freshdesk.com/data/helpdesk/attachments/production/155045244715/original/5LzfnXSgvGB4larAQc7Wd7ZMsKz_GPNkvwdb46.png]
[s3.amazonaws.com/cdn.freshdesk.com/data/helpdesk/attachments/production/155045244711/original/QxrCq8L6V4DTVZKetznnRqHrkzNK8KjM0A5d6c.png]
[s3.amazonaws.com/cdn.freshdesk.com/data/helpdesk/attachments/production/155045244713/original/NGALiSRgRqB0IsCFd0TA0w4Pc2KIbAIudw5d6c.png]
[s3.amazonaws.com/cdn.freshdesk.com/data/helpdesk/attachments/production/155045244714/original/wcf4H886Zwm3LqQx3zkf9L5mLsBvvEeLfw5d6c.jpg]
[help.leadconnectorhq.com/support/solutions/articles/48001239448.html]
[help.leadconnectorhq.com/support/solutions/articles/48001231670.html]
[help.leadconnectorhq.com/support/solutions/articles/48001214536.html]
[help.leadconnectorhq.com/support/solutions/articles/48001239675-how-to-purchase-a-phone-number-for-your-business/hit.gif]
[help.leadconnectorhq.com/support/solutions/articles/48001239675-how-to-purchase-a-phone-number-for-your-business.html]
[help.leadconnectorhq.com/support/solutions/articles/155000000068-forbidden-message-categories-for-sms-and-mms-in-the-us-and-canada/hit.gif]
[help.leadconnectorhq.com/support/solutions/articles/155000000068-forbidden-message-categories-for-sms-and-mms-in-the-us-and-canada.html]
[help.leadconnectorhq.com/support/solutions/articles/155000000068.html]
[s3.amazonaws.com/cdn.freshdesk.com/data/helpdesk/attachments/production/155043013314/original/YfCw_F_sWjf-_fuwf93nJgKabVkPulYyIQacf3.png]
[s3.amazonaws.com/cdn.freshdesk.com/data/helpdesk/attachments/production/155043013315/original/F_KiLZlbT_QkWstgX9AbpyM53sj5-u0MZA9181.png]
[s3.amazonaws.com/cdn.freshdesk.com/data/helpdesk/attachments/production/155043013316/original/A2aPLSdIEc32BKOLEY-5ikhTHZR0iKG_cw9181.png]
[s3.amazonaws.com/cdn.freshdesk.com/data/helpdesk/attachments/production/155043013317/original/yZiB-_2ks3MgxNGLLOpvCUiqC8sbN1xeVw9181.png]
[s3.amazonaws.com/cdn.freshdesk.com/data/helpdesk/attachments/production/155043013506/original/L8kLJK4eMnDvnQTyCORl_IP9zmxiQhq7hwe7ef.png]
[help.leadconnectorhq.com/support/solutions/articles/155000000174-a2p-10dlc-campaign-approval-best-practices/hit.gif]
[help.leadconnectorhq.com/support/solutions/articles/155000000174-a2p-10dlc-campaign-approval-best-practices.html]
[help.leadconnectorhq.com/support/solutions/articles/155000005092-30002-message-failed-your-account-is-currently-suspended-.html]
[help.leadconnectorhq.com/support/solutions/articles/155000005093-30003-number-unreachable-or-out-of-service-.html]
[help.leadconnectorhq.com/support/solutions/articles/155000005096-30004-recipient-has-opted-out-or-has-dnd-enabled-.html]
[help.leadconnectorhq.com/support/solutions/articles/155000005097-30005-the-recipient-s-number-is-inactive-or-does-not-exist-.html]
[help.leadconnectorhq.com/support/solutions/articles/155000005098-30006-landline-or-unreachable-carrier.html]
[help.leadconnectorhq.com/support/solutions/folders/155000001189/page/2.html]
[help.leadconnectorhq.com/support/solutions/folders/155000001189.html]
[help.leadconnectorhq.com/support/solutions/folders/155000001189/page/3.html]
[help.leadconnectorhq.com/support/solutions/articles/155000005087-21211-invalid-to-phone-number/hit.gif]
[help.leadconnectorhq.com/support/solutions/articles/155000005087-21211-invalid-to-phone-number.html]
[help.leadconnectorhq.com/support/solutions/articles/155000005088-21408-your-account-is-not-allowed-to-send-sms-to-this-country-or-region-/hit.gif]
[help.leadconnectorhq.com/support/solutions/articles/155000005088-21408-your-account-is-not-allowed-to-send-sms-to-this-country-or-region-.html]
[help.leadconnectorhq.com/support/solutions/articles/155000005089-21614-to-number-is-not-a-valid-mobile-number/hit.gif]
[help.leadconnectorhq.com/support/solutions/articles/155000005089-21614-to-number-is-not-a-valid-mobile-number.html]
[help.leadconnectorhq.com/support/solutions/articles/155000005090-21635-the-to-number-is-a-landline-and-cannot-receive-sms-/hit.gif]
[help.leadconnectorhq.com/support/solutions/articles/155000005090-21635-the-to-number-is-a-landline-and-cannot-receive-sms-.html]
[s3.amazonaws.com/cdn.freshdesk.com/data/helpdesk/attachments/production/155045240572/original/oOtOWoEkOWqRQBqpDa5SEkFiDq3fjzRXMwe1c4.png]
[help.leadconnectorhq.com/support/solutions/articles/155000005091-21661-from-number-is-not-sms-capable/hit.gif]
[help.leadconnectorhq.com/support/solutions/articles/155000005091-21661-from-number-is-not-sms-capable.html]
[help.leadconnectorhq.com/support/solutions/48000454679.html]
[help.leadconnectorhq.com/support/solutions/articles/48001238271-action-update-contact-field.html]
[help.leadconnectorhq.com/support/solutions/articles/48001238394-workflow-trigger-payment-received.html]
[help.leadconnectorhq.com/support/solutions/articles/48001238737-how-to-use-the-number-formatter-premium-action-.html]
[help.leadconnectorhq.com/support/solutions/articles/48001238994-action-update-custom-value.html]
[help.leadconnectorhq.com/support/solutions/articles/155000000090-how-to-set-up-workflow-goal-events.html]
[help.leadconnectorhq.com/support/solutions/folders/48000684508/page/2.html]
[help.leadconnectorhq.com/support/solutions/folders/48000684508/page/3.html]
[help.leadconnectorhq.com/support/solutions/folders/48000684508/page/4.html]
[help.leadconnectorhq.com/support/solutions/folders/48000684508.html]
[help.leadconnectorhq.com/support/solutions/folders/48000684508/page/5.html]
[s3.amazonaws.com/cdn.freshdesk.com/data/helpdesk/attachments/production/155001356731/original/QWfmG6n00V9c5fS3D8pvaM9hLj894HgrPw5aa9.png]
[s3.amazonaws.com/cdn.freshdesk.com/data/helpdesk/attachments/production/155001356729/original/SbBcIMWWNMLqfjr8qyVb65v9jxfkmYI7RQ5aa9.png]
[s3.amazonaws.com/cdn.freshdesk.com/data/helpdesk/attachments/production/155001356732/original/AJbQPMwVoQpczQ3fyFGtw8g23EhdFtGLSwbdd2.png]
[s3.amazonaws.com/cdn.freshdesk.com/data/helpdesk/attachments/production/155001356733/original/PMYka5UsU2h3G4JWg0BAoiOmQezJ4zcGXA7556.png]
[help.leadconnectorhq.com/support/solutions/articles/48001211664-set-event-start-date-event-in-workflows/hit.gif]
[help.leadconnectorhq.com/support/solutions/articles/48001211664-set-event-start-date-event-in-workflows.html]
[s3.amazonaws.com/cdn.freshdesk.com/data/helpdesk/attachments/production/48292565120/original/RiNdhDLN3lnJ-irvNl-TmBLrq46kZvua-A1c47.png]
[s3.amazonaws.com/cdn.freshdesk.com/data/helpdesk/attachments/production/48292565132/original/rrK6sq6eWbx88orrIeIylFqHkeZi2QiQBwb283.jpg]
[s3.amazonaws.com/cdn.freshdesk.com/data/helpdesk/attachments/production/48292565134/original/1dKtlsXcAFcIGs3W-O0dEi6-Hocf2XGd9A7966.jpg]
[s3.amazonaws.com/cdn.freshdesk.com/data/helpdesk/attachments/production/48296370421/original/_jTDzHswzvKl8dNFsdPtx8MFljFiujlxkgd187.gif]
[s3.amazonaws.com/cdn.freshdesk.com/data/helpdesk/attachments/production/48292565128/original/_k8FNIJ77eRBT9zWac0Mw7yVrOU01PJb1wb283.png]
[s3.amazonaws.com/cdn.freshdesk.com/data/helpdesk/attachments/production/48292565131/original/8kgz_wB1LRLu7xkunyyBCVwU-ARSjGZ5Bwb283.jpg]
[s3.amazonaws.com/cdn.freshdesk.com/data/helpdesk/attachments/production/48296391703/original/jd75-wJJsqsKjNtEK-v1vicfS4frfAiWMQ4459.png]
[s3.amazonaws.com/cdn.freshdesk.com/data/helpdesk/attachments/production/48296391990/original/b8djEQNhblR9v10eGfjF1RpKFrrKiar61w0a05.gif]
[s3.amazonaws.com/cdn.freshdesk.com/data/helpdesk/attachments/production/48296392268/original/8ZCb59NT5kA5pbvrOzFoJije84my-RoTaw0c28.gif]
[help.leadconnectorhq.com/support/solutions/articles/48001237402-how-to-use-the-inbound-webhook-workflow-premium-trigger-/hit.gif]
[help.leadconnectorhq.com/support/solutions/articles/48001237402-how-to-use-the-inbound-webhook-workflow-premium-trigger-.html]
[s3.amazonaws.com/cdn.freshdesk.com/data/helpdesk/attachments/production/48294091111/original/EDBmiD3CByaY9AzWrugDV5p_sgu4UjDWhg589a.png]
[s3.amazonaws.com/cdn.freshdesk.com/data/helpdesk/attachments/production/48294091211/original/fn4VdG-17mzKyBYaCKVsdkdCo_VMZC7tmgced1.gif]
[s3.amazonaws.com/cdn.freshdesk.com/data/helpdesk/attachments/production/48294091321/original/KDoCu7K61OSjQcvg9r4zWGOgjFAD1idHLg72c6.gif]
[s3.amazonaws.com/cdn.freshdesk.com/data/helpdesk/attachments/production/48294091453/original/NTQRsd_lJ9jCRHBNB3U3Q5s4jhVcucDt6A1379.gif]
[s3.amazonaws.com/cdn.freshdesk.com/data/helpdesk/attachments/production/48294091557/original/Sw2g0QozPRAO007VglNJeG3jDYJRHUwiawd759.gif]
[help.leadconnectorhq.com/support/solutions/articles/48001238168-how-to-use-the-custom-webhook-lc-premium-workflow-action-/hit.gif]
[help.leadconnectorhq.com/support/solutions/articles/48001238168-how-to-use-the-custom-webhook-lc-premium-workflow-action-.html]
[s3.amazonaws.com/cdn.freshdesk.com/data/helpdesk/attachments/production/48294303906/original/DwaE0uTM0gH3TJA7ZfQrXIKoc7INo7ap0g2de9.png]
[s3.amazonaws.com/cdn.freshdesk.com/data/helpdesk/attachments/production/48294304215/original/4jnKSDOh79nTJQ0OP97pqR7FkjK9ZRlU_g3075.png]
[s3.amazonaws.com/cdn.freshdesk.com/data/helpdesk/attachments/production/48294304335/original/6XgtbynGcZQqTDwli0fmJEEuI0Z7PiEmbwea57.png]
[s3.amazonaws.com/cdn.freshdesk.com/data/helpdesk/attachments/production/48294304990/original/VA85n49uq94Om_RjzGMSWPsEi_3NnqgW-Q1a60.png]
[s3.amazonaws.com/cdn.freshdesk.com/data/helpdesk/attachments/production/48294305014/original/7P0OafVPGVbs0r2GffRxn8tJkDmMi0Sinw3dff.png]
[s3.amazonaws.com/cdn.freshdesk.com/data/helpdesk/attachments/production/48294303626/original/A96iI1O8rFlTSaPvYtGy2VDQM_cCvzI3yQ108b.png]
[s3.amazonaws.com/cdn.freshdesk.com/data/helpdesk/attachments/production/48294305740/original/hHNsIHIOTd52aBEVtrxjzIrcOT-WWDB3yg504e.png]
[s3.amazonaws.com/cdn.freshdesk.com/data/helpdesk/attachments/production/48294305856/original/UW1kaHEWDMMrHFRG328FrQUDCg9fOkmSTA37fb.png]
[s3.amazonaws.com/cdn.freshdesk.com/data/helpdesk/attachments/production/48294306935/original/4_SyNeLGy2zs9E-0H_w0ZkFC8qMBMRj4Vg6c33.png]
[s3.amazonaws.com/cdn.freshdesk.com/data/helpdesk/attachments/production/48294307768/original/3nQ93eRxwacdxiKmKeXGGafgevwEwA1oowd480.png]
[s3.amazonaws.com/cdn.freshdesk.com/data/helpdesk/attachments/production/48294308265/original/6ppw9xP0AQuG3uuOhQT-NbSNb1Ur24e5_Q7f92.png]
[s3.amazonaws.com/cdn.freshdesk.com/data/helpdesk/attachments/production/48294308405/original/soI-6a45nhk9CtXi0V0r_n9FUQxiC2D73w6e85.png]
[s3.amazonaws.com/cdn.freshdesk.com/data/helpdesk/attachments/production/48294309717/original/MIbSAhruB_h2vsrEQIa1zvERyt3l4iYrkQa7b0.png]
[s3.amazonaws.com/cdn.freshdesk.com/data/helpdesk/attachments/production/48294309976/original/_Mt6XrET0t-n64-wZJmm3PcX_drhUxMA9Qf381.png]
[s3.amazonaws.com/cdn.freshdesk.com/data/helpdesk/attachments/production/48294310268/original/3kNP3nlRxOjmP9pbAsKovgkHa5FnbNNAGQ7109.png]
[s3.amazonaws.com/cdn.freshdesk.com/data/helpdesk/attachments/production/48294310360/original/jSLYBbYGT0kY1Zz4k2lPv56_9R228VrJZQ90fc.png]
[help.leadconnectorhq.com/support/solutions/articles/48001238248-how-to-use-the-workflow-slack-premium-action-/hit.gif]
[help.leadconnectorhq.com/support/solutions/articles/48001238248-how-to-use-the-workflow-slack-premium-action-.html]
[s3.amazonaws.com/cdn.freshdesk.com/data/helpdesk/attachments/production/48294318225/original/f61ZuDC9kSYvVLPav5fxHj5sItvBRDLD_A4fd5.png]
[s3.amazonaws.com/cdn.freshdesk.com/data/helpdesk/attachments/production/48294319014/original/tm7FJaNoXpSQajtoZTpkwsg4LagmNPb7rw5731.png]
[s3.amazonaws.com/cdn.freshdesk.com/data/helpdesk/attachments/production/48294319162/original/mw5kczQTW7cmuWmuHWf8RF2xy-5-uDvUQAbf5d.png]
[s3.amazonaws.com/cdn.freshdesk.com/data/helpdesk/attachments/production/48294319380/original/JDbxWXpuMLUudXFpvZXJRnvFj6hctWQwQw7f92.png]
[s3.amazonaws.com/cdn.freshdesk.com/data/helpdesk/attachments/production/48294319488/original/uH_zpk6TLrKSRh9_PH5bJ7MFckDrSI7jKA846c.png]
[s3.amazonaws.com/cdn.freshdesk.com/data/helpdesk/attachments/production/48294320589/original/mZehRf6a4UpjRu3USA7nrMathPSQBVP1FQ36fa.png]
[s3.amazonaws.com/cdn.freshdesk.com/data/helpdesk/attachments/production/48294320811/original/DlRofxzHC7zNCXCtmncmIvkDQP_kqVAa_waca8.png]
[s3.amazonaws.com/cdn.freshdesk.com/data/helpdesk/attachments/production/48294320855/original/dyc1DfuXAMX1FlIUwPF-g7PtLXPc5SYakg884d.png]
[s3.amazonaws.com/cdn.freshdesk.com/data/helpdesk/attachments/production/48294320963/original/f7vcSE_hEQXryn6lCPwXj8ag8juxhJlYCQ7e14.png]
[s3.amazonaws.com/cdn.freshdesk.com/data/helpdesk/attachments/production/48294321323/original/WIjwrYhbXTQ3u5fizM5oET0mAmkJ3HAJnQfd6a.png]
[s3.amazonaws.com/cdn.freshdesk.com/data/helpdesk/attachments/production/48294321759/original/GHgSfbLrrMcUzrz0Fhfz2jmHNrcXlzMX4Ac5a0.png]
[s3.amazonaws.com/cdn.freshdesk.com/data/helpdesk/attachments/production/48294321793/original/cd1OHHTxcB3WwtPNFic3vcJpA8lA23FYPQab08.png]
[s3.amazonaws.com/cdn.freshdesk.com/data/helpdesk/attachments/production/48294321830/original/JfHGMRvsHnH15caaHONgtXEkdXBO27JfUQde02.png]
[s3.amazonaws.com/cdn.freshdesk.com/data/helpdesk/attachments/production/48294321867/original/BPxgH0dYBvU7tv0GgXdpp_wvi_MmctMYNQ595f.png]
[help.leadconnectorhq.com/support/solutions/articles/48001238250-how-to-use-the-date-time-formatter-premium-workflow-action-/hit.gif]
[help.leadconnectorhq.com/support/solutions/articles/48001238250-how-to-use-the-date-time-formatter-premium-workflow-action-.html]
[help.leadconnectorhq.com/support/solutions/folders/48000691592.html]
[help.leadconnectorhq.com/support/solutions/articles/48001240008-how-to-check-your-instagram-profile-type/hit.gif]
[help.leadconnectorhq.com/support/solutions/articles/48001240008-how-to-check-your-instagram-profile-type.html]
[s3.amazonaws.com/cdn.freshdesk.com/data/helpdesk/attachments/production/155005360512/original/PHGt93-Xp2G3Wpyb1EmMERia6KpXpuyEVQ2bb9.png]
[s3.amazonaws.com/cdn.freshdesk.com/data/helpdesk/attachments/production/155005360578/original/Xtw5Tg6Zo6hR5fa-yntVaJ1FHAAHRA8HYQ4195.png]
[s3.amazonaws.com/cdn.freshdesk.com/data/helpdesk/attachments/production/155005360682/original/FrzOcKGOD049_fgkT4YoTtpUiB3Frue8aA30ad.png]
[s3.amazonaws.com/cdn.freshdesk.com/data/helpdesk/attachments/production/155005360735/original/YyCVrOjjUXoT3LAXB5HH9FqViPcgwQhA-Q5d7e.png]
[s3.amazonaws.com/cdn.freshdesk.com/data/helpdesk/attachments/production/155005359267/original/Js0EKCD3ei5VwLgzDu0v4pwIsf2DU60rKgbb7b.png]
[s3.amazonaws.com/cdn.freshdesk.com/data/helpdesk/attachments/production/155005359266/original/llSb4F3x6ixHRmu_89LpjBflWuj55r1EAQbb7b.png]
[s3.amazonaws.com/cdn.freshdesk.com/data/helpdesk/attachments/production/155005359268/original/2TGzp4rcRjLfXC04ZOZ1FG7opCtqO89SPwbb7b.png]
[s3.amazonaws.com/cdn.freshdesk.com/data/helpdesk/attachments/production/155005361434/original/lJvjXlopKNmkDcYiuh1DMl_zbXHjYHIMRgbc09.png]
[help.leadconnectorhq.com/support/solutions/articles/155000000647-how-to-post-recurring-social-posts-through-the-social-planner-/hit.gif]
[help.leadconnectorhq.com/support/solutions/articles/155000000647-how-to-post-recurring-social-posts-through-the-social-planner-.html]
[s3.amazonaws.com/cdn.freshdesk.com/data/helpdesk/attachments/production/48299167471/original/7Hy5O6vX_IOSAfFXH0Dia8RmMEo8Dx4Nqw2923.png]
[s3.amazonaws.com/cdn.freshdesk.com/data/helpdesk/attachments/production/48299167607/original/sbc5AEgCbasqTmucRlDGT-jWHBParXYH2Q2bb8.png]
[s3.amazonaws.com/cdn.freshdesk.com/data/helpdesk/attachments/production/48299168707/original/M00l8OgE2RoGL9LXgwIVb97BZoDWPLQMbQdd17.png]
[s3.amazonaws.com/cdn.freshdesk.com/data/helpdesk/attachments/production/48299168804/original/ZcuARhbC8jyFgqT71zbrsKWqIOgGuWyhzA293b.png]
[s3.amazonaws.com/cdn.freshdesk.com/data/helpdesk/attachments/production/48299170210/original/TsA-2iJsjv1g5ugX9jSwbuEbHHLTwLpQWA1e68.png]
[s3.amazonaws.com/cdn.freshdesk.com/data/helpdesk/attachments/production/48299170414/original/Is5mbO5ckM4VlBRp7stzd7ziPYxKo0Wd4w4008.png]
[s3.amazonaws.com/cdn.freshdesk.com/data/helpdesk/attachments/production/48299170506/original/_aZzMchWH1pAJMusFM04fW4VcUKHbtWNAg86a0.png]
[s3.amazonaws.com/cdn.freshdesk.com/data/helpdesk/attachments/production/48299170623/original/2Am7hf6nq_4JupN5O2C1TlJjaehbv83rSQ2f65.png]
[s3.amazonaws.com/cdn.freshdesk.com/data/helpdesk/attachments/production/48299170666/original/eq0G_nzLrqYX_nEd5NBZyzXOlyUfnpfxCw54ac.png]
[s3.amazonaws.com/cdn.freshdesk.com/data/helpdesk/attachments/production/48299170788/original/1b9MZIbPvTGSib1Ie7bbWxk91Jz4oRrE2w4053.png]
[help.leadconnectorhq.com/support/solutions/articles/48001240455-how-to-use-the-instagram-story-post-composer-in-social-planner/hit.gif]
[help.leadconnectorhq.com/support/solutions/articles/48001240455-how-to-use-the-instagram-story-post-composer-in-social-planner.html]
[help.leadconnectorhq.com/support/solutions/articles/48001240008.html]
[s3.amazonaws.com/cdn.freshdesk.com/data/helpdesk/attachments/production/155001942646/original/Zm8n3bnBLSiwmTc-5SqPsvlBkXEbGsGhhw2777.png]
[s3.amazonaws.com/cdn.freshdesk.com/data/helpdesk/attachments/production/155001942703/original/57N2_-Gw1kGdMH0nTsBuzL-Wi0Km0EzG5Q6218.png]
[s3.amazonaws.com/cdn.freshdesk.com/data/helpdesk/attachments/production/155003075300/original/S0CwXOeHetQ4Rk7bFQ4ZNLyEDMv37cZXXg3a4e.png]
[s3.amazonaws.com/cdn.freshdesk.com/data/helpdesk/attachments/production/155003075370/original/fKFlqpgDfvjHDDYhxuE6M4NGgXLR8MOmFwb68a.png]
[s3.amazonaws.com/cdn.freshdesk.com/data/helpdesk/attachments/production/155003075183/original/gszjmO991XcVNZrCj-pwJiWw3SofyeISzQf380.png]
[help.leadconnectorhq.com/support/solutions/articles/155000000271-instagram-reels-publishing-guide-for-the-social-planner/hit.gif]
[help.leadconnectorhq.com/support/solutions/articles/155000000271-instagram-reels-publishing-guide-for-the-social-planner.html]
[help.leadconnectorhq.com/support/solutions/articles/48001240003-social-planner-image-video-content-and-api-limitations/hit.gif]
[help.leadconnectorhq.com/support/solutions/articles/48001240003-social-planner-image-video-content-and-api-limitations.html]
[help.leadconnectorhq.com/support/solutions/folders/155000000012.html]
[s3.amazonaws.com/cdn.freshdesk.com/data/helpdesk/attachments/production/48227948757/original/31_AaJpqQwrqbNtjim_i5EXMTWQTIf8rbg797c.png]
[help.leadconnectorhq.com/support/solutions/articles/155000000166-how-to-reschedule-an-email-campaign-email-builder-/hit.gif]
[help.leadconnectorhq.com/support/solutions/articles/155000000166-how-to-reschedule-an-email-campaign-email-builder-.html]
[s3.amazonaws.com/cdn.freshdesk.com/data/helpdesk/attachments/production/48226657108/original/DUIoTUflyX8ClopHJFi0_IQ8t9RxxYcVXw3ffd.png]
[s3.amazonaws.com/cdn.freshdesk.com/data/helpdesk/attachments/production/155001075185/original/AOjo37SSYGbq-WYjM9vkYunj0Tv8ow0FGQ52cd.png]
[s3.amazonaws.com/cdn.freshdesk.com/data/helpdesk/attachments/production/48226657101/original/VpAO0BKOrkhZl8C-a-sCEGa3Lb-iiX7_xA3086.png]
[s3.amazonaws.com/cdn.freshdesk.com/data/helpdesk/attachments/production/155001075188/original/YrAoUbjFSnkKbe-jpfuDNDZ1ex1LZWZd3Q52cd.png]
[s3.amazonaws.com/cdn.freshdesk.com/data/helpdesk/attachments/production/48227946898/original/QRTq9HNC8dC7uBoDDCRRwCHk_7ZkPSZUZg3aa7.png]
[s3.amazonaws.com/cdn.freshdesk.com/data/helpdesk/attachments/production/155001075189/original/G4Dub-g_9j8_rMHh5GQx1XtLWErQ81A3CQ52cd.jpg]
[s3.amazonaws.com/cdn.freshdesk.com/data/helpdesk/attachments/production/48226654455/original/iDskEJ1bkj0FdIh4SmY9ZG1Ivb0IdOdZnA52bc.png]
[s3.amazonaws.com/cdn.freshdesk.com/data/helpdesk/attachments/production/155001075179/original/i8GHqn-uPZYyfgKxoOA1wq4OLGf-gymoFgf48e.png]
[s3.amazonaws.com/cdn.freshdesk.com/data/helpdesk/attachments/production/48226654461/original/9P2s-_tBazYpefmFw8LrZ0SbG3uJH0ZXyg52bc.jpg]
[s3.amazonaws.com/cdn.freshdesk.com/data/helpdesk/attachments/production/155001075186/original/ryVBdbIdBkxZZS0TysOiNafwIFXh-PpbEg52cd.jpg]
[s3.amazonaws.com/cdn.freshdesk.com/data/helpdesk/attachments/production/48226654460/original/OYRrV9pbP7ORBuRdGG6Rs3M-NYu74VyiOQ52bc.png]
[s3.amazonaws.com/cdn.freshdesk.com/data/helpdesk/attachments/production/155001075187/original/CCaDGSuDzeBKNl_WnKGCxhML7zN_k5QvmQ52cd.png]
[s3.amazonaws.com/cdn.freshdesk.com/data/helpdesk/attachments/production/48227946582/original/TMhl4OdGO7r9304UB9AYpEHOMSdAUQ1e-A25c6.png]
[s3.amazonaws.com/cdn.freshdesk.com/data/helpdesk/attachments/production/155001075190/original/LYuGXiozWHP1Reoo60Att4S9iTkPzPttJQ52cd.jpg]
[help.leadconnectorhq.com/support/solutions/articles/155000000165-how-to-import-html-email-templates-campaigns/hit.gif]
[help.leadconnectorhq.com/support/solutions/articles/155000000165-how-to-import-html-email-templates-campaigns.html]
[help.leadconnectorhq.com/support/solutions/folders/155000000779.html]
[help.leadconnectorhq.com/support/solutions/articles/155000004340-key-components-of-the-marketing-audit-report-in-the-prospecting-tool.html]
[s3.amazonaws.com/cdn.freshdesk.com/data/helpdesk/attachments/production/155051202593/original/eEHK4nlyEIUFIEHW6PKD5YpnJQnvqfThyw5c96.png]
[s3.amazonaws.com/cdn.freshdesk.com/data/helpdesk/attachments/production/155051202652/original/SjcfuQuDXrRYeBtmqlKbB5Im2jqC1D4jtQ6529.jpg]
[s3.amazonaws.com/cdn.freshdesk.com/data/helpdesk/attachments/production/155051202998/original/6u4sV0HJNpL5lOD2Ab8R27jDAAPB1278xw3835.jpg]
[s3.amazonaws.com/cdn.freshdesk.com/data/helpdesk/attachments/production/155051203012/original/QtskfQ3LJ2umtERnwsBM1g9ZmC16Me33vA034a.png]
[help.leadconnectorhq.com/support/solutions/articles/155000003126-understanding-the-grades-in-your-marketing-audit-report/hit.gif]
[help.leadconnectorhq.com/support/solutions/articles/155000003126-understanding-the-grades-in-your-marketing-audit-report.html]
[help.leadconnectorhq.com/support/solutions/articles/155000004336-seo-heatmaps-in-the-prospecting-tool-a-support-guide/hit.gif]
[help.leadconnectorhq.com/support/solutions/articles/155000004336-seo-heatmaps-in-the-prospecting-tool-a-support-guide.html]
[s3.amazonaws.com/cdn.freshdesk.com/data/helpdesk/attachments/production/155021782839/original/boPFnYSB4ovVhxyN6GOxkq0z1sCM_SlOOAf24f.png]
[s3.amazonaws.com/cdn.freshdesk.com/data/helpdesk/attachments/production/155021782958/original/BNdybOqBu1YtcuMTg7IV3r3lWQVdXaUJQw2eb1.png]
[help.leadconnectorhq.com/support/solutions/articles/155000004337-analysing-website-performance-of-a-prospect-in-the-marketing-audit-report/hit.gif]
[help.leadconnectorhq.com/support/solutions/articles/155000004337-analysing-website-performance-of-a-prospect-in-the-marketing-audit-report.html]
[s3.amazonaws.com/cdn.freshdesk.com/data/helpdesk/attachments/production/155037734164/original/j671mHrSd-TooAxz5dyd2Chxmwczn1716Q55c2.png]
[help.leadconnectorhq.com/support/solutions/articles/155000004338-how-to-find-leads-for-a-business-using-prospecting-tool/hit.gif]
[help.leadconnectorhq.com/support/solutions/articles/155000004338-how-to-find-leads-for-a-business-using-prospecting-tool.html]
[s3.amazonaws.com/cdn.freshdesk.com/data/helpdesk/attachments/production/155037733444/original/CkmoMK7WDA6bGgvewqiP214EtnVChaWWZgdcda.png]
[s3.amazonaws.com/cdn.freshdesk.com/data/helpdesk/attachments/production/155037733761/original/NpTy6KqhWyG349iUiB_VWihJN8Ws5_Kcjwc0b6.png]
[s3.amazonaws.com/cdn.freshdesk.com/data/helpdesk/attachments/production/155037733699/original/z0ktRSH9XnG3B7_rMDAb3SuYnCIuJM51ng8087.jpg]
[s3.amazonaws.com/cdn.freshdesk.com/data/helpdesk/attachments/production/155037733929/original/gyBNE7-o2CVUd7h8vJ0R6p2Q5p_urBaTCA423b.png]
[help.leadconnectorhq.com/support/solutions/articles/155000004339-prospecting-tool-create-prospecting-widgets-for-your-websites/hit.gif]
[help.leadconnectorhq.com/support/solutions/articles/155000004339-prospecting-tool-create-prospecting-widgets-for-your-websites.html]
[help.leadconnectorhq.com/support/solutions/articles/155000005190-how-to-create-a-meta-sales-objective-campaign-for-conversion.html]
[help.leadconnectorhq.com/support/solutions/articles/155000005510-how-to-create-a-multiple-ad-group-google-search-ad-campaign.html]
[help.leadconnectorhq.com/support/solutions/articles/155000005499-how-to-create-google-ads-conversion-actions-in-ad-manager.html]
[help.leadconnectorhq.com/support/solutions/articles/155000004987-understanding-facebook-ad-reporting-terminology.html]
[help.leadconnectorhq.com/support/solutions/folders/155000001018.html]
[help.leadconnectorhq.com/support/solutions/articles/155000004988-understanding-google-ad-reporting-terminology.html]
[s3.amazonaws.com/cdn.freshdesk.com/data/helpdesk/attachments/production/155046108115/original/WnlvE7yyVi3U37WvMYo7JAk7tTFqtP0u1Aa46a.jpg]
[s3.amazonaws.com/cdn.freshdesk.com/data/helpdesk/attachments/production/155046108114/original/8_CUEgZkHv9cOR9_YWRJkZQIVD2srYySYwa46a.jpg]
[s3.amazonaws.com/cdn.freshdesk.com/data/helpdesk/attachments/production/155046108116/original/JTWY71xdpkskwr58Ni54EiM6yavvUrU_mwa46a.jpg]
[s3.amazonaws.com/cdn.freshdesk.com/data/helpdesk/attachments/production/155046108119/original/ddb6GU7so2l-PaV7f7q54bk25Dgbk3PdCA1cae.jpg]
[s3.amazonaws.com/cdn.freshdesk.com/data/helpdesk/attachments/production/155046108111/original/uihgJaOvsaBnAD0frnd64alxD6psIo36jw082c.png]
[s3.amazonaws.com/cdn.freshdesk.com/data/helpdesk/attachments/production/155046108107/original/LnsJyR4HP0p5dNXLwa1YGN1Qye8t_4QTVwc399.jpg]
[s3.amazonaws.com/cdn.freshdesk.com/data/helpdesk/attachments/production/155046108109/original/mzvF-ZCliBW-NmNfvCWjC-dd-6zIP-Jd5wc399.jpg]
[s3.amazonaws.com/cdn.freshdesk.com/data/helpdesk/attachments/production/155046108113/original/TLbzQsaPKTAFS4bAkbZAIKxyKK9YJB7HEg082c.jpg]
[s3.amazonaws.com/cdn.freshdesk.com/data/helpdesk/attachments/production/155046108108/original/DhWgXlDs2XKbpRjnIPtPTTLa_VeeabN76wc399.jpg]
[s3.amazonaws.com/cdn.freshdesk.com/data/helpdesk/attachments/production/155046108118/original/QvhGi21ahlpsTpAYco8PgY367HK89jWUow1cae.jpg]
[help.leadconnectorhq.com/support/solutions/articles/155000005188-create-a-new-google-search-ad-campaign/hit.gif]
[help.leadconnectorhq.com/support/solutions/articles/155000005188-create-a-new-google-search-ad-campaign.html]
[help.leadconnectorhq.com/support/solutions/articles/155000005804-guidelines-for-using-custom-questions-in-google-lead-forms/hit.gif]
[help.leadconnectorhq.com/support/solutions/articles/155000005804-guidelines-for-using-custom-questions-in-google-lead-forms.html]
[s3.amazonaws.com/cdn.freshdesk.com/data/helpdesk/attachments/production/155048917936/original/UhoAj56qZhYlfg32kpBZv_Ev-ChoyrxCfg50e9.jpg]
[s3.amazonaws.com/cdn.freshdesk.com/data/helpdesk/attachments/production/155048917935/original/4547QW_DLiv6zJbjB2aXwf3VIeDnRmmocg50e9.jpg]
[help.leadconnectorhq.com/support/solutions/articles/155000005609-how-to-connect-instagram-account-with-facebook-page-/hit.gif]
[help.leadconnectorhq.com/support/solutions/articles/155000005609-how-to-connect-instagram-account-with-facebook-page-.html]
[s3.amazonaws.com/cdn.freshdesk.com/data/helpdesk/attachments/production/155046108767/original/hP5652wZTm1drqRrytYTTD8kqfT5-a382Qd4cf.png]
[s3.amazonaws.com/cdn.freshdesk.com/data/helpdesk/attachments/production/155046108766/original/FUubz3-pfdFbCDioL0ZVHTMmerfoj6GLWQd4cf.png]
[s3.amazonaws.com/cdn.freshdesk.com/data/helpdesk/attachments/production/155046108771/original/TJsJSv2fHUl2rdg--mt1lcE4DJGGRj5bIwa3ea.png]
[s3.amazonaws.com/cdn.freshdesk.com/data/helpdesk/attachments/production/155046108765/original/HfXywcOjTD2RUGJt-Ka8_dOREuhOl8XWLgb9af.png]
[s3.amazonaws.com/cdn.freshdesk.com/data/helpdesk/attachments/production/155046108779/original/rdQraVN_hYnJNGosA2-JKOsqeOPKg7yQRg4a7e.png]
[s3.amazonaws.com/cdn.freshdesk.com/data/helpdesk/attachments/production/155046108770/original/1Q9p3WCR6zRPSq25P0YrPigIUw0wrA9gewa3ea.png]
[s3.amazonaws.com/cdn.freshdesk.com/data/helpdesk/attachments/production/155046108776/original/AcHPJRKtEdB8AuR2fSqbuGbRh_boPFl1IA4a7e.png]
[s3.amazonaws.com/cdn.freshdesk.com/data/helpdesk/attachments/production/155046108773/original/vCgKkdhI7pQ4pKtv6neyh2w_viw8JhdnLAf2c4.png]
[s3.amazonaws.com/cdn.freshdesk.com/data/helpdesk/attachments/production/155046108781/original/slNf5_qH6nR76cIRv-0k8cJM7T44zWFExAcec3.png]
[s3.amazonaws.com/cdn.freshdesk.com/data/helpdesk/attachments/production/155046108769/original/SMZn6MDpMh8lxXlJjT6I8xt1CZ8W3TRdNAa3ea.png]
[s3.amazonaws.com/cdn.freshdesk.com/data/helpdesk/attachments/production/155046108772/original/M0nJjKKXZ4D4WWb4RQaRzwN3Q2Vy5Y2KLQa3ea.jpg]
[s3.amazonaws.com/cdn.freshdesk.com/data/helpdesk/attachments/production/155046108774/original/46R1uXp1s295xSbNSpPKMSLh4tjHnyYwHwf2c4.png]
[s3.amazonaws.com/cdn.freshdesk.com/data/helpdesk/attachments/production/155046108780/original/O9VktCISfJAMrQoHEkTjFXhed7rhVkoG9w4a7e.jpg]
[s3.amazonaws.com/cdn.freshdesk.com/data/helpdesk/attachments/production/155046108778/original/Z_GdszV-s3XVuwXi7p8qxOn2hHQivoafAA4a7e.jpg]
[s3.amazonaws.com/cdn.freshdesk.com/data/helpdesk/attachments/production/155046108768/original/RpKeMMMQASZVBGytNfcn7hPgB-m-6ojMTAd4cf.png]
[help.leadconnectorhq.com/support/solutions/articles/155000005189-how-to-create-a-facebook-form-in-ad-manager/hit.gif]
[help.leadconnectorhq.com/support/solutions/articles/155000005189-how-to-create-a-facebook-form-in-ad-manager.html]
[help.leadconnectorhq.com/support/solutions/articles/155000004353-how-to-create-a-meta-business-manager-and-ad-account-/hit.gif]
[help.leadconnectorhq.com/support/solutions/articles/155000004353-how-to-create-a-meta-business-manager-and-ad-account-.html]
[help.leadconnectorhq.com/support/solutions/folders/155000001176.html]
[help.leadconnectorhq.com/support/solutions/folders/155000001401.html]
[help.leadconnectorhq.com/support/solutions/folders/155000001402.html]
[help.leadconnectorhq.com/support/solutions/folders/155000001403.html]
[help.leadconnectorhq.com/support/solutions/folders/155000001400.html]
[help.leadconnectorhq.com/support/solutions/folders/155000001404.html]
[help.leadconnectorhq.com/support/solutions/articles/155000006885-how-to-access-the-all-in-one-dashboard-for-email-marketing.html]
[help.leadconnectorhq.com/support/solutions/articles/155000006900-tag-contacts-from-campaign-statistics.html]
[help.leadconnectorhq.com/support/solutions/articles/155000006888-email-statistics.html]
[help.leadconnectorhq.com/support/solutions/articles/155000006887-understanding-roi-conversion-metrics-for-tracking-email-campaigns.html]
[help.leadconnectorhq.com/support/solutions/articles/155000006886-workflow-email-actions-included-in-statistics.html]
[help.leadconnectorhq.com/support/solutions/articles/155000006884-click-performance-in-email-statistics.html]
[help.leadconnectorhq.com/support/solutions/articles/155000006883-email-statistics-summary-page.html]
[help.leadconnectorhq.com/support/solutions/folders/155000001405.html]
[help.leadconnectorhq.com/support/solutions/articles/155000006882-guide-to-click-tracking-in-email-campaigns.html]
[help.leadconnectorhq.com/support/solutions/articles/155000006892-email-templates-vs-email-campaigns.html]
[help.leadconnectorhq.com/support/solutions/articles/155000006891-share-email-template-across-agencies.html]
[help.leadconnectorhq.com/support/solutions/articles/155000006890-importing-and-editing-mailchimp-email-templates-in-design-editor.html]
[help.leadconnectorhq.com/support/solutions/folders/155000001406.html]
[help.leadconnectorhq.com/support/solutions/articles/155000006889-whitelabel-email-template-sharing-step-by-step-guide.html]
[help.leadconnectorhq.com/support/solutions/folders/155000001407.html]
[help.leadconnectorhq.com/support/solutions/folders/155000001241.html]
[help.leadconnectorhq.com/support/solutions/articles/155000006893-guide-to-changing-agency-system-email-templates.html]
[help.leadconnectorhq.com/support/solutions/articles/155000005477-limitations-of-recurring-timer-wait-time-behaviour/hit.gif]
[help.leadconnectorhq.com/support/solutions/articles/155000005477-limitations-of-recurring-timer-wait-time-behaviour.html]
[s3.amazonaws.com/cdn.freshdesk.com/data/helpdesk/attachments/production/155060479160/original/hiuchr34jvCC6zI9rF5QfIUoumpzNzVAoQb166.png]
[help.leadconnectorhq.com/support/solutions/articles/155000007172-timezone-adaptation-in-countdown-timers/hit.gif]
[help.leadconnectorhq.com/support/solutions/articles/155000007172-timezone-adaptation-in-countdown-timers.html]
[help.leadconnectorhq.com/support/solutions/folders/155000001351.html]
[s3.amazonaws.com/cdn.freshdesk.com/data/helpdesk/attachments/production/155055017307/original/NXta2BG8hoxRjGHcP3Jfh4ZBZTb0RAxc0gd695.png]
[s3.amazonaws.com/cdn.freshdesk.com/data/helpdesk/attachments/production/155055017317/original/9Rq7vRFfIuHRkIFC1LvDMTimpMJFyrV8QAe2e8.png]
[s3.amazonaws.com/cdn.freshdesk.com/data/helpdesk/attachments/production/155055017349/original/BhA0w3Kh7DT3C1PrwipPppYX7PA-NkeQzg7d5a.png]
[s3.amazonaws.com/cdn.freshdesk.com/data/helpdesk/attachments/production/155055017450/original/e8KZj4eYKM7BALBMEBYXDgJ_fODWX-ee-Q3334.png]
[s3.amazonaws.com/cdn.freshdesk.com/data/helpdesk/attachments/production/155055017366/original/3cnCwkqRRFbMRrVqki6pnW92G2r1LiwqJA5cb9.png]
[s3.amazonaws.com/cdn.freshdesk.com/data/helpdesk/attachments/production/155055017432/original/scU-dOhADw-QxVKZg0H-nrMmcdu50lULhA5ce1.png]
[help.leadconnectorhq.com/support/solutions/articles/155000006378-help-guide-global-custom-colors/hit.gif]
[help.leadconnectorhq.com/support/solutions/articles/155000006378-help-guide-global-custom-colors.html]
[help.leadconnectorhq.com/support/solutions/48000454680.html]
[help.leadconnectorhq.com/support/solutions/folders/48000691526.html]
[s3.amazonaws.com/cdn.freshdesk.com/data/helpdesk/attachments/production/48297593003/original/LKS9JxWK1JP6lqhBxundcLESiCJmpjbYng7968.gif]
[s3.amazonaws.com/cdn.freshdesk.com/data/helpdesk/attachments/production/48297280726/original/_MAQaHtpb9-qXJ4aoqdEUsIuPy78wgX_jQ5184.jpg]
[s3.amazonaws.com/cdn.freshdesk.com/data/helpdesk/attachments/production/48297290647/original/n1Wbok-yrLTTNfuDdQsoKiG7NUmcqJpWmAe5a4.jpg]
[s3.amazonaws.com/cdn.freshdesk.com/data/helpdesk/attachments/production/48297280723/original/vgjwqVj1oZOeepZ0pIjTe4994G_T6EHb9g13a5.jpg]
[s3.amazonaws.com/cdn.freshdesk.com/data/helpdesk/attachments/production/48297290645/original/BWQpF3YkTmwnHC7yC1ZUJha2eO13D6lHpQe5a4.jpg]
[s3.amazonaws.com/cdn.freshdesk.com/data/helpdesk/attachments/production/48297280724/original/Dt2bkzxdUvhDnfiVfX39l2TcIUbKHsZq_Q13a5.jpg]
[s3.amazonaws.com/cdn.freshdesk.com/data/helpdesk/attachments/production/48297290642/original/wrH-AnTisfnpfWiCPR5mbO_x-dEFQ1dl0we5a4.jpg]
[s3.amazonaws.com/cdn.freshdesk.com/data/helpdesk/attachments/production/48297280725/original/P8tKnHQ9CnrLaJr_ZYiWHjVZWplVlSVrtQ13a5.jpg]
[s3.amazonaws.com/cdn.freshdesk.com/data/helpdesk/attachments/production/48297290646/original/wCsfR8W0OBcGCNqXnLPhWDEfTPq2NBKDCAe5a4.jpg]
[help.leadconnectorhq.com/support/solutions/articles/48001239751-leadconnector-webchat-for-weebly-how-to-get-started/hit.gif]
[help.leadconnectorhq.com/support/solutions/articles/48001239751-leadconnector-webchat-for-weebly-how-to-get-started.html]
[s3.amazonaws.com/cdn.freshdesk.com/data/helpdesk/attachments/production/48297593113/original/-2HR2Sq7Z1k6RMe8Up24qHI6Wrph22F4jA8f06.gif]
[s3.amazonaws.com/cdn.freshdesk.com/data/helpdesk/attachments/production/48297298463/original/7osDmJaDbDDGyz3eoae8jWLZgNntqPfhXQbe0e.jpg]
[s3.amazonaws.com/cdn.freshdesk.com/data/helpdesk/attachments/production/48297298462/original/lEupdS6onJfVFtT3B7N2vJtchbGiLmOkcgbe0e.jpg]
[s3.amazonaws.com/cdn.freshdesk.com/data/helpdesk/attachments/production/48297298464/original/avj99lSZILiLAh4n0vlBtaJvR05DoOeg-wbe0e.jpg]
[s3.amazonaws.com/cdn.freshdesk.com/data/helpdesk/attachments/production/48297298461/original/PuvfzPL-G4QWwZZBSituwfgcKuI0inTvbQ7527.jpg]
[help.leadconnectorhq.com/support/solutions/articles/48001239763-leadconnector-webchat-for-squarespace-how-to-get-started/hit.gif]
[help.leadconnectorhq.com/support/solutions/articles/48001239763-leadconnector-webchat-for-squarespace-how-to-get-started.html]
[s3.amazonaws.com/cdn.freshdesk.com/data/helpdesk/attachments/production/48297592882/original/jTgT3BrxGK8oc5KmblvC2gSRcbGNHz6d6Abea9.gif]
[s3.amazonaws.com/cdn.freshdesk.com/data/helpdesk/attachments/production/48297317762/original/afvuactXKgGh8MrZioPfgp44yPZvZ9dVMQb93e.jpg]
[s3.amazonaws.com/cdn.freshdesk.com/data/helpdesk/attachments/production/48297317756/original/w4V_CFuVKnEFUt7QitNud1aLOySbUz5emQ9cbe.png]
[s3.amazonaws.com/cdn.freshdesk.com/data/helpdesk/attachments/production/48297317759/original/9B-EBPNVDe9gBv25cEYvyoVTLUMwuVXzNQb93e.jpg]
[s3.amazonaws.com/cdn.freshdesk.com/data/helpdesk/attachments/production/48297317761/original/If6mts5CUAfyzOaTOstmGhmjsYsATMm4MAb93e.jpg]
[s3.amazonaws.com/cdn.freshdesk.com/data/helpdesk/attachments/production/48297317760/original/KLsgOAnNolAWPwLltKgtg67R88vUyXUHugb93e.jpg]
[help.leadconnectorhq.com/support/solutions/articles/48001239774-leadconnector-webchat-for-wix-how-to-get-started/hit.gif]
[help.leadconnectorhq.com/support/solutions/articles/48001239774-leadconnector-webchat-for-wix-how-to-get-started.html]
[s3.amazonaws.com/cdn.freshdesk.com/data/helpdesk/attachments/production/48297592777/original/6rdSZ7JqMTshr8uKd5s-GywNe4t5E2A5MQ786c.gif]
[s3.amazonaws.com/cdn.freshdesk.com/data/helpdesk/attachments/production/48297323152/original/IVR_6V44Ah7b44fAlmFne9rKqT0eVapOBA1b6a.jpg]
[s3.amazonaws.com/cdn.freshdesk.com/data/helpdesk/attachments/production/48297323153/original/L6onCa0dc86TLDlBnuCndLMfBTdHuPS3MA1b6a.jpg]
[help.leadconnectorhq.com/support/solutions/articles/48001239777-leadconnector-webchat-for-duda-how-to-get-started/hit.gif]
[help.leadconnectorhq.com/support/solutions/articles/48001239777-leadconnector-webchat-for-duda-how-to-get-started.html]
[s3.amazonaws.com/cdn.freshdesk.com/data/helpdesk/attachments/production/48297596658/original/PSsUcBbLJWJKhtf5HfaJApA-SnuxjakuYw166a.gif]
[s3.amazonaws.com/cdn.freshdesk.com/data/helpdesk/attachments/production/48297327387/original/Xo0wZGJkc3cetfK5pkEHnbLEqKKVYkMMbQ5bab.jpg]
[s3.amazonaws.com/cdn.freshdesk.com/data/helpdesk/attachments/production/48297327386/original/Na1JE2ESDFLGPh9FlOa3HgnYSXpg23FAkA5bab.jpg]
[s3.amazonaws.com/cdn.freshdesk.com/data/helpdesk/attachments/production/48297327380/original/HBRae8Gcy0FfwAMHQGIXtLY7973APBmdtg5bab.png]
[s3.amazonaws.com/cdn.freshdesk.com/data/helpdesk/attachments/production/48297327383/original/EapE6bR1rjU8x9KAx6BKgkx_JsYvceQbpw5bab.jpg]
[s3.amazonaws.com/cdn.freshdesk.com/data/helpdesk/attachments/production/48297327382/original/HNLFBinrelhZHO3a_FDjxSHnogvs7bXbbA5bab.jpg]
[s3.amazonaws.com/cdn.freshdesk.com/data/helpdesk/attachments/production/48297327381/original/BPtt2-YEGJ4uatoEbuusWWpgAi4rYOruqg5bab.jpg]
[help.leadconnectorhq.com/support/solutions/articles/48001239779-leadconnector-webchat-for-shopify-how-to-get-started/hit.gif]
[help.leadconnectorhq.com/support/solutions/articles/48001239779-leadconnector-webchat-for-shopify-how-to-get-started.html]
[help.leadconnectorhq.com/support/solutions/folders/155000000496.html]
[help.leadconnectorhq.com/support/solutions/articles/155000006728-how-to-add-custom-css-to-forms-surveys-and-quizzes-/hit.gif]
[help.leadconnectorhq.com/support/solutions/articles/155000006728-how-to-add-custom-css-to-forms-surveys-and-quizzes-.html]
[s3.amazonaws.com/cdn.freshdesk.com/data/helpdesk/attachments/production/155041769873/original/OnIaOzeQ89UkB-13cZHpPSg97FvNXi_7sAbaa0.png]
[s3.amazonaws.com/cdn.freshdesk.com/data/helpdesk/attachments/production/155041769874/original/kvfcznmDJx78bA7krpFxxpcOz8HX_LVVoQbaa0.png]
[s3.amazonaws.com/cdn.freshdesk.com/data/helpdesk/attachments/production/155041769875/original/yHdxRt5oosWrSyOYkARjdFUFiW4DLP_7hQbaa0.png]
[help.leadconnectorhq.com/support/solutions/articles/155000004651-how-to-make-my-form-submissions-secure-from-spammers-/hit.gif]
[help.leadconnectorhq.com/support/solutions/articles/155000004651-how-to-make-my-form-submissions-secure-from-spammers-.html]
[help.leadconnectorhq.com/support/solutions/folders/155000001203.html]
[s3.amazonaws.com/cdn.freshdesk.com/data/helpdesk/attachments/production/155047053447/original/uDyrG-uAcN9TOnBckDLwhlndBngXIv-KQwd149.png]
[s3.amazonaws.com/cdn.freshdesk.com/data/helpdesk/attachments/production/155047053727/original/GVbrpp1CJjs9Wmo0klar5uumGEGdMMEsyg61e6.png]
[s3.amazonaws.com/cdn.freshdesk.com/data/helpdesk/attachments/production/155047054380/original/dwQaJWx44-fe-PVYgPK20c_Q-AJTIOaXQA4141.png]
[s3.amazonaws.com/cdn.freshdesk.com/data/helpdesk/attachments/production/155047054438/original/ztcA_R5Gc3JTtJHsasbNSWUK55JhbGNSug5696.png]
[s3.amazonaws.com/cdn.freshdesk.com/data/helpdesk/attachments/production/155047054593/original/UWzNCWTfEUi7ZxvrHmbt4jcx02mfhhKL2A515d.png]
[help.leadconnectorhq.com/support/solutions/articles/155000005208-how-to-create-qr-codes-manual-and-bulk/hit.gif]
[help.leadconnectorhq.com/support/solutions/articles/155000005208-how-to-create-qr-codes-manual-and-bulk.html]
[help.leadconnectorhq.com/support/solutions/articles/155000007012-understanding-qr-code-types-/hit.gif]
[help.leadconnectorhq.com/support/solutions/articles/155000007012-understanding-qr-code-types-.html]
[help.leadconnectorhq.com/support/solutions/folders/155000001206.html]
[s3.amazonaws.com/cdn.freshdesk.com/data/helpdesk/attachments/production/155046729123/original/CgN0gGBMJjl4Qh88m9ro2sSUHJkFnXdsXg420a.png]
[s3.amazonaws.com/cdn.freshdesk.com/data/helpdesk/attachments/production/155046729134/original/5fZthUNBRAMblaMiV3xFQV4dg4r-iioN6Q420a.png]
[s3.amazonaws.com/cdn.freshdesk.com/data/helpdesk/attachments/production/155046729132/original/rMdRpDnvfg2xi7Wl2RIkUhBMAT2a6coWGg420a.png]
[help.leadconnectorhq.com/support/solutions/articles/155000005296-how-to-assign-categories-and-scoring-in-quizzes-with-dynamic-result-messages-a-complete-guide-/hit.gif]
[help.leadconnectorhq.com/support/solutions/articles/155000005296-how-to-assign-categories-and-scoring-in-quizzes-with-dynamic-result-messages-a-complete-guide-.html]
[s3.amazonaws.com/cdn.freshdesk.com/data/helpdesk/attachments/production/155058075737/original/vR5BPeug3BuEBAiLBrLIlORUHNWj9UX14A2aef.png]
[s3.amazonaws.com/cdn.freshdesk.com/data/helpdesk/attachments/production/155058076061/original/sO3QQFbf9Nws33cWt8gGAjb_Ufzjn2MdSg18e9.png]
[s3.amazonaws.com/cdn.freshdesk.com/data/helpdesk/attachments/production/155058076138/original/W5G_hYDUrOTSj6-jJN3dZGuyWMTwls7Ypgd001.png]
[s3.amazonaws.com/cdn.freshdesk.com/data/helpdesk/attachments/production/155058149568/original/na5paxMvbpufdUiXv36a8m8CvI2Sd5od1Q5ab8.png]
[help.leadconnectorhq.com/support/solutions/articles/155000006944-understanding-score-tiers-in-quizzes/hit.gif]
[help.leadconnectorhq.com/support/solutions/articles/155000006944-understanding-score-tiers-in-quizzes.html]
[help.leadconnectorhq.com/support/solutions/48000454681.html]
[help.leadconnectorhq.com/support/solutions/articles/155000000549-lsa-reserve-with-google-integration.html]
[help.leadconnectorhq.com/support/solutions/articles/155000001367-icloud-integration-with-lead-connector.html]
[help.leadconnectorhq.com/support/solutions/articles/155000001368-booking-redirect-with-google.html]
[help.leadconnectorhq.com/support/solutions/articles/155000001375-service-calendar.html]
[help.leadconnectorhq.com/support/solutions/articles/155000001376-service-menu.html]
[help.leadconnectorhq.com/support/solutions/folders/48000689367/page/2.html]
[help.leadconnectorhq.com/support/solutions/folders/48000689367/page/3.html]
[help.leadconnectorhq.com/support/solutions/folders/48000689367.html]
[help.leadconnectorhq.com/support/solutions/folders/48000689367/page/4.html]
[help.leadconnectorhq.com/support/solutions/articles/155000005594-how-to-connect-your-google-calendar-.html]
[help.leadconnectorhq.com/support/solutions/articles/155000005595-how-to-connect-your-outlook-calendar-.html]
[help.leadconnectorhq.com/support/solutions/articles/155000005596-how-to-connect-your-icloud-calendar-.html]
[help.leadconnectorhq.com/support/solutions/articles/155000005597-how-to-connect-your-calendly-account-.html]
[help.leadconnectorhq.com/support/solutions/articles/155000005598-how-to-connect-google-meet-.html]
[help.leadconnectorhq.com/support/solutions/articles/155000005599-how-to-connect-zoom-.html]
[help.leadconnectorhq.com/support/solutions/articles/155000005600-booking-redirect-with-google-google-organic-booking-.html]
[help.leadconnectorhq.com/support/solutions/articles/155000005601-how-to-connect-microsoft-teams-.html]
[help.leadconnectorhq.com/support/solutions/folders/155000001260.html]
[help.leadconnectorhq.com/support/solutions/articles/155000005603-setting-up-reserve-with-google-lsa-integration-new-.html]
[s3.amazonaws.com/cdn.freshdesk.com/data/helpdesk/attachments/production/48283839127/original/t0i-OYnO597cpGNvWtrjoflwNDgjkyIMKg9bd0.png]
[s3.amazonaws.com/cdn.freshdesk.com/data/helpdesk/attachments/production/48283839879/original/e_vUEn7psmwTExeGk4qmlUzUNpke3Gbh6g854e.png]
[s3.amazonaws.com/cdn.freshdesk.com/data/helpdesk/attachments/production/48283839913/original/0C63_wizc1h6sKV7vcNfpoI4X2oRN7bVkA2efa.png]
[s3.amazonaws.com/cdn.freshdesk.com/data/helpdesk/attachments/production/48283839965/original/0KrW7PCc9NKKe0FEPyLkcKoavUMItTAPNQ8506.png]
[s3.amazonaws.com/cdn.freshdesk.com/data/helpdesk/attachments/production/48283840055/original/nlSAxjv8OpAI2C8zrfoytnYIQappD4S7SQdc15.png]
[s3.amazonaws.com/cdn.freshdesk.com/data/helpdesk/attachments/production/48283840128/original/88X8wjNcPWLFIiAF-8gZUpdcYlTmN-28Ygecce.png]
[s3.amazonaws.com/cdn.freshdesk.com/data/helpdesk/attachments/production/48283840460/original/AOfeyq6Z6N0P8PpxZtbKhK4zpZbZl_fm_Q0ffc.png]
[s3.amazonaws.com/cdn.freshdesk.com/data/helpdesk/attachments/production/48283840273/original/DHilYjLU6R1SX388AQrbu1ACjhRMO5u3PQa12e.png]
[s3.amazonaws.com/cdn.freshdesk.com/data/helpdesk/attachments/production/48283840827/original/5LJVNP4M4V1PcJdw4bhHXsd1U5LSVroS8Q732b.png]
[s3.amazonaws.com/cdn.freshdesk.com/data/helpdesk/attachments/production/48283841067/original/oc4eOeQBCx4TbF0am_aA-sClJBhUgf1_3ga89d.png]
[help.leadconnectorhq.com/support/solutions/articles/48001230992-how-to-set-up-recurring-appointments/hit.gif]
[help.leadconnectorhq.com/support/solutions/articles/48001230992-how-to-set-up-recurring-appointments.html]
[s3.amazonaws.com/cdn.freshdesk.com/data/helpdesk/attachments/production/48290031400/original/qskPd9v2Sc4vqZUqM405b6oY7VGenpnAZg0f9d.png]
[s3.amazonaws.com/cdn.freshdesk.com/data/helpdesk/attachments/production/48290031398/original/7L-9YbHCHOkp9Qz85qOnahPlbSoGzqDbZg0f9d.png]
[s3.amazonaws.com/cdn.freshdesk.com/data/helpdesk/attachments/production/48290031399/original/Vnb9p28-wxqSawFpkZAkhVtOncAv9siBPg0f9d.png]
[s3.amazonaws.com/cdn.freshdesk.com/data/helpdesk/attachments/production/48290031417/original/xNF_zyW9ZTE1_Ribj5AQzprQoiatVn7d8ga1f8.png]
[s3.amazonaws.com/cdn.freshdesk.com/data/helpdesk/attachments/production/48290031396/original/VYfexiCUphCPfMgeNGpSFhE4s4yoZpWZSQ0f9d.png]
[s3.amazonaws.com/cdn.freshdesk.com/data/helpdesk/attachments/production/48290031416/original/bymmLbiy6MRWlqoaklohQDTd2_yhoRQl9Aa1f8.png]
[s3.amazonaws.com/cdn.freshdesk.com/data/helpdesk/attachments/production/48290031370/original/jPqQykU-2CiTGaq0vML_43LnA2F79Qe39g5e2f.png]
[s3.amazonaws.com/cdn.freshdesk.com/data/helpdesk/attachments/production/48290031415/original/4Xzw67xs84QQWA_MQqH7a8Cm3Z-cQOXCCAa1f8.png]
[s3.amazonaws.com/cdn.freshdesk.com/data/helpdesk/attachments/production/48290031411/original/ZvggQoP71l6UmtyOyjagUCKqhdEU5HjtjQ785e.png]
[s3.amazonaws.com/cdn.freshdesk.com/data/helpdesk/attachments/production/48290031397/original/7TsyeN2MQPP5HF83oURWdgRaW8r4ykKW2Q0f9d.png]
[s3.amazonaws.com/cdn.freshdesk.com/data/helpdesk/attachments/production/48290031412/original/rPYVqJkGMvrKt9wTVOamdsQD8uoC9zCddw785e.png]
[s3.amazonaws.com/cdn.freshdesk.com/data/helpdesk/attachments/production/48290044188/original/AvvjrhEhjWEo_LS7BdlmkmSlqR3UmFjJ4wa283.png]
[s3.amazonaws.com/cdn.freshdesk.com/data/helpdesk/attachments/production/48290039121/original/DFy2IeuffWKOXtVnnJPv99dd8ghrgfm0_w21f2.png]
[s3.amazonaws.com/cdn.freshdesk.com/data/helpdesk/attachments/production/48290032876/original/IB4eGmIeM-CAvCpH4S8BY6ePFhZpZSghOA120f.png]
[help.leadconnectorhq.com/support/solutions/articles/48001236474-how-to-set-up-a-calendar-for-classes-/hit.gif]
[help.leadconnectorhq.com/support/solutions/articles/48001236474-how-to-set-up-a-calendar-for-classes-.html]
[s3.amazonaws.com/cdn.freshdesk.com/data/helpdesk/attachments/production/48291041177/original/QrP9t6oFJ20uTa0BIEnhWoMFHa-V-oltyg0d4b.png]
[s3.amazonaws.com/cdn.freshdesk.com/data/helpdesk/attachments/production/48291157004/original/f4KPx8Zqlu-BCfljLn9KQQ01f6KsGc5ecw9d10.gif]
[s3.amazonaws.com/cdn.freshdesk.com/data/helpdesk/attachments/production/48291158038/original/wKPiwq17ScG3eLuElJXMBxm1S3WqvIk78w254e.png]
[s3.amazonaws.com/cdn.freshdesk.com/data/helpdesk/attachments/production/48291158176/original/CM2ek-w-ILuNJOiPVgayyQ12BPhEcjiIHw251d.png]
[help.leadconnectorhq.com/support/solutions/articles/48001236824-how-to-add-change-remove-calendar-widget-logo-/hit.gif]
[help.leadconnectorhq.com/support/solutions/articles/48001236824-how-to-add-change-remove-calendar-widget-logo-.html]
[s3.amazonaws.com/cdn.freshdesk.com/data/helpdesk/attachments/production/48297752932/original/TVc1jSKEBD75RNWK4PhdrkaSm7LSYuQoHga656.png]
[s3.amazonaws.com/cdn.freshdesk.com/data/helpdesk/attachments/production/48297755154/original/Py_NjBUA4CTGlZfI8angi_mh3FjIuDlViw49bc.png]
[s3.amazonaws.com/cdn.freshdesk.com/data/helpdesk/attachments/production/48297752769/original/bpMrud9hVWud7rL_ASwFgrwSpegIcn10gw0520.png]
[s3.amazonaws.com/cdn.freshdesk.com/data/helpdesk/attachments/production/48297754296/original/S8YET4qyg4FsDeTD-VfeqImrasRqcdhdTga33f.png]
[s3.amazonaws.com/cdn.freshdesk.com/data/helpdesk/attachments/production/48297752477/original/hGrdaXdKFgAxVzrm55-oBLenjTT2fAyySA5554.png]
[s3.amazonaws.com/cdn.freshdesk.com/data/helpdesk/attachments/production/48297752468/original/PyHosj0s7WkkRABGcjqqsPxVPvDGfG-8FQe44f.png]
[s3.amazonaws.com/cdn.freshdesk.com/data/helpdesk/attachments/production/48297752472/original/gCgsW2yUhtZaZMgSUiMFBZ20orKy-hO09we44f.png]
[s3.amazonaws.com/cdn.freshdesk.com/data/helpdesk/attachments/production/48297752476/original/-CkHUJNmN6f8IIIuP_0twMYkffirZb3zog5554.png]
[s3.amazonaws.com/cdn.freshdesk.com/data/helpdesk/attachments/production/48297752474/original/9mcRYS7GAjXuYSyD5R8IWBRErDLm0YuZEQ5554.png]
[s3.amazonaws.com/cdn.freshdesk.com/data/helpdesk/attachments/production/48297752483/original/UDP0HHpJXwBAK7JVdFJfRGPPUskDLScxXA5554.png]
[s3.amazonaws.com/cdn.freshdesk.com/data/helpdesk/attachments/production/48297752471/original/KvYp3XmLJnVY2vTCg9kzM8zwk_IzKwoFMwe44f.png]
[s3.amazonaws.com/cdn.freshdesk.com/data/helpdesk/attachments/production/48297752478/original/sb7883I5_r42MPcNAvBk2_aKCBsAD27Now5554.png]
[s3.amazonaws.com/cdn.freshdesk.com/data/helpdesk/attachments/production/48297752539/original/RpQtYWw9b3bq1fEh6A6mpc8wWj0Rf8FCZA10ba.png]
[s3.amazonaws.com/cdn.freshdesk.com/data/helpdesk/attachments/production/48297752536/original/ITEVYPxOevxwZKnxdCpM36vvRI1G2SKJ3Qda80.png]
[s3.amazonaws.com/cdn.freshdesk.com/data/helpdesk/attachments/production/48297752528/original/wUMiWJZXXegLPWAGcMIHSj3TbLL96UUqZAa715.png]
[s3.amazonaws.com/cdn.freshdesk.com/data/helpdesk/attachments/production/48297752541/original/dgBRn44Eni5ZlBKiDFEYAZWcROuNOBAWmQ10ba.png]
[help.leadconnectorhq.com/support/solutions/articles/48001239879-how-to-configure-staff-member-selection-in-round-robin-calendars-/hit.gif]
[help.leadconnectorhq.com/support/solutions/articles/48001239879-how-to-configure-staff-member-selection-in-round-robin-calendars-.html]
[help.leadconnectorhq.com/support/solutions/48000454683.html]
[help.leadconnectorhq.com/support/solutions/articles/48001237084-how-to-set-up-a-funnel-event-pixel-for-facebook-conversion-api-.html]
[help.leadconnectorhq.com/support/solutions/articles/155000003968-connecting-multiple-facebook-pages-to-your-account.html]
[help.leadconnectorhq.com/support/solutions/articles/155000005224-facebook-form-field-mapping.html]
[help.leadconnectorhq.com/support/solutions/articles/155000005225-facebook-multi-page-setup-guide.html]
[help.leadconnectorhq.com/support/solutions/articles/155000005226-messaging-setup-troubleshoot.html]
[help.leadconnectorhq.com/support/solutions/folders/48000683642.html]
[help.leadconnectorhq.com/support/solutions/folders/48000683642/page/2.html]
[s3.amazonaws.com/cdn.freshdesk.com/data/helpdesk/attachments/production/48158896834/original/8eKOtO8t2eG1yp4wke3OalMoIFQSrHIiNAaa4e.png]
[s3.amazonaws.com/cdn.freshdesk.com/data/helpdesk/attachments/production/48158873646/original/wbV8vSrpvyXz5swtfJIgbpNHVbyw2N2Fjge884.png]
[s3.amazonaws.com/cdn.freshdesk.com/data/helpdesk/attachments/production/48158880724/original/L9GkNYFwG50qmAcvN-NCc4KsVbV6EqBX8Q6797.jpg]
[help.leadconnectorhq.com/support/solutions/articles/48001202217-how-to-download-export-facebook-lead-ads-and-manually-ad-them-to-campaigns-workflows/hit.gif]
[help.leadconnectorhq.com/support/solutions/articles/48001202217-how-to-download-export-facebook-lead-ads-and-manually-ad-them-to-campaigns-workflows.html]
[help.leadconnectorhq.com/support/solutions/articles/48001207518-connecting-your-facebook/hit.gif]
[help.leadconnectorhq.com/support/solutions/articles/48001207518-connecting-your-facebook.html]
[s3.amazonaws.com/cdn.freshdesk.com/data/helpdesk/attachments/production/48285091296/original/jyxWYZ4ZcuGHSZ3Y-Takz5Y5Xjvxwexk2wa19a.png]
[s3.amazonaws.com/cdn.freshdesk.com/data/helpdesk/attachments/production/48285091548/original/MY4la9WnthkRntpMaAdBlu_f6dhJhKsRpAaf8e.png]
[s3.amazonaws.com/cdn.freshdesk.com/data/helpdesk/attachments/production/48285091853/original/s3zujjbzAF5uRlCs2fykCNKLtuEIPjggTA8e12.png]
[s3.amazonaws.com/cdn.freshdesk.com/data/helpdesk/attachments/production/48285092344/original/jlqQEEAyTN6cIIlaiDZTsdKyR7qG1tUgoAe223.png]
[s3.amazonaws.com/cdn.freshdesk.com/data/helpdesk/attachments/production/48285092785/original/ZlVTDWKCD6_Afo0yub7nrhW66R5N-1waogba05.png]
[s3.amazonaws.com/cdn.freshdesk.com/data/helpdesk/attachments/production/48291400274/original/g41sAjRNyGtEtdYy-9Cv6ezS7sGvCqVccAa45e.png]
[s3.amazonaws.com/cdn.freshdesk.com/data/helpdesk/attachments/production/48285093690/original/GnmWUdLTUrDK53xlp16hxtC5P-W0QY5R_g89d3.png]
[s3.amazonaws.com/cdn.freshdesk.com/data/helpdesk/attachments/production/48285094456/original/VcAwN-8XK9TNOxA3JBA3wZUSYbzILsQNmw0987.png]
[help.leadconnectorhq.com/support/solutions/articles/48001234489-facebook-pages-missing-in-page-selector-dropdown-during-integration-/hit.gif]
[help.leadconnectorhq.com/support/solutions/articles/48001234489-facebook-pages-missing-in-page-selector-dropdown-during-integration-.html]
[s3.amazonaws.com/cdn.freshdesk.com/data/helpdesk/attachments/production/48291753688/original/343i-_SRh19t53k0V6zM6sz7rir22tbi_A4e79.gif]
[s3.amazonaws.com/cdn.freshdesk.com/data/helpdesk/attachments/production/48291743883/original/y1q_3Pgp56InMvLBpcdUo4HjUu736Q5V4Qa0b8.gif]
[s3.amazonaws.com/cdn.freshdesk.com/data/helpdesk/attachments/production/48291753178/original/zIZh6oYwymkT1UM0_NDaAQaSAh421o2_cw9f1e.gif]
[s3.amazonaws.com/cdn.freshdesk.com/data/helpdesk/attachments/production/48291746325/original/gGqPgg0tsynabYUWhReTDPlzYGkC3hhn0gec3e.gif]
[s3.amazonaws.com/cdn.freshdesk.com/data/helpdesk/attachments/production/48291835640/original/o6NdXuE9kt6bDi0V8lGp7LP3t_Y-Kp63EQce42.gif]
[s3.amazonaws.com/cdn.freshdesk.com/data/helpdesk/attachments/production/48291838218/original/U29MPxp53-OUuYPmglxyLYFUw4Yr1wNgaga85f.gif]
[s3.amazonaws.com/cdn.freshdesk.com/data/helpdesk/attachments/production/48291839257/original/_nHLXnBnc3bkrr7C_5ytS0NbXXuc5dyLJQ2674.gif]
[s3.amazonaws.com/cdn.freshdesk.com/data/helpdesk/attachments/production/48291839922/original/yWSz9zKKOb9cm4dfgF4Lh_WiKQOVwv6qkQ2794.gif]
[s3.amazonaws.com/cdn.freshdesk.com/data/helpdesk/attachments/production/48291842484/original/lQghfi0pLfdv2WnvKYfhAFBjsgaPlenY0Abf0c.gif]
[s3.amazonaws.com/cdn.freshdesk.com/data/helpdesk/attachments/production/48291843678/original/8K6T7yr7IPRcpL04616fbSijDZkCrP2CTw82cf.gif]
[s3.amazonaws.com/cdn.freshdesk.com/data/helpdesk/attachments/production/155003154624/original/bLqtVKBN8UGINMxfZBUzjg1AD6jNnUa8kA1f8e.png]
[s3.amazonaws.com/cdn.freshdesk.com/data/helpdesk/attachments/production/155003154622/original/5r4v1JA3Y3J0cRRkG1waRdaubjq2RBLW_Q310b.png]
[s3.amazonaws.com/cdn.freshdesk.com/data/helpdesk/attachments/production/155003154619/original/Z6VQQOqnO27mYAu-WubB3e6RCyLlXTOJNA4a20.png]
[s3.amazonaws.com/cdn.freshdesk.com/data/helpdesk/attachments/production/155003154621/original/y3qonEgETJNd0qsPOp0J1wPyM_uwl0LOnw310b.png]
[s3.amazonaws.com/cdn.freshdesk.com/data/helpdesk/attachments/production/155003154616/original/ubJSHqz8IYinqkTudGGWBF7pu2kOIBWg8w16eb.png]
[s3.amazonaws.com/cdn.freshdesk.com/data/helpdesk/attachments/production/155003154612/original/CBFhIefGjl3znqqmG9C4J7aVFC5QKNOkRwc27a.png]
[s3.amazonaws.com/cdn.freshdesk.com/data/helpdesk/attachments/production/155003154617/original/HvPNJDcBQp6At1VT0LelMaCEyam581yL9g16eb.png]
[s3.amazonaws.com/cdn.freshdesk.com/data/helpdesk/attachments/production/155003154610/original/6wtnOdwqwcqf4k7dVuQdRix-rX8t2XaUggd903.png]
[s3.amazonaws.com/cdn.freshdesk.com/data/helpdesk/attachments/production/155003154608/original/YNv9_I4XJLAjWMbZ-B5q2faMFprcD0Y7EAbf3a.png]
[s3.amazonaws.com/cdn.freshdesk.com/data/helpdesk/attachments/production/155003154613/original/NYscI4X8VWXwzNOk2IAmoNgX-CEOispOywd56f.png]
[s3.amazonaws.com/cdn.freshdesk.com/data/helpdesk/attachments/production/155003154615/original/xeWA1jCx7a5l5ouGqCZGu5Z-hxPzuHn-2Adbd7.png]
[s3.amazonaws.com/cdn.freshdesk.com/data/helpdesk/attachments/production/155003154605/original/ftY_PfLVLrLWOSHgaw6gzgWaELJFkyzFzQ8bb9.jpg]
[s3.amazonaws.com/cdn.freshdesk.com/data/helpdesk/attachments/production/155003154604/original/Ndiz1QGDFWG2E53xKFNeVD15rh5urivDzw8bb9.png]
[s3.amazonaws.com/cdn.freshdesk.com/data/helpdesk/attachments/production/155003154607/original/Ubl8gYHiE5Cwav94mQ_jOyGcBxtIlPCwbQ476e.png]
[s3.amazonaws.com/cdn.freshdesk.com/data/helpdesk/attachments/production/155003154603/original/KvELMyv7l51JDNS2Z8j6A3v9SqmRBGIKjA87b7.jpg]
[help.leadconnectorhq.com/support/solutions/articles/48001237082-facebook-lead-ad-integration-troubleshooting-guide/hit.gif]
[help.leadconnectorhq.com/support/solutions/articles/48001237082-facebook-lead-ad-integration-troubleshooting-guide.html]
[help.leadconnectorhq.com/support/solutions/articles/48001237084-how-to-set-up-a-funnel-event-pixel-for-facebook-conversion-api-a1bb.html]
[s3.amazonaws.com/cdn.freshdesk.com/data/helpdesk/attachments/production/48284070737/original/AFb9bOXlqhbRRlui5ZOjvh_Ry7MYiUeFaQ9ca9.png]
[s3.amazonaws.com/cdn.freshdesk.com/data/helpdesk/attachments/production/48284518426/original/vpJQuXlQ-fkLtQlkuMXpv-MYw6ymdVS3Ug5f0f.png]
[s3.amazonaws.com/cdn.freshdesk.com/data/helpdesk/attachments/production/48284071479/original/xefmOQbqFZ5OIXwwokxwojclMFUPmsqMgg8352.png]
[s3.amazonaws.com/cdn.freshdesk.com/data/helpdesk/attachments/production/48284071842/original/h2oYqzg70vxwTCK0nhUngOl5xMlDckMaJg4398.png]
[s3.amazonaws.com/cdn.freshdesk.com/data/helpdesk/attachments/production/48284072690/original/qgMYOqAYudCL0t2rtYthWAkL4dYkgKtGTwa87a.png]
[s3.amazonaws.com/cdn.freshdesk.com/data/helpdesk/attachments/production/48284082779/original/89nNGLDYELlJ8JafKn7S3j0a6pDsRUoLjA3925.png]
[s3.amazonaws.com/cdn.freshdesk.com/data/helpdesk/attachments/production/48284077467/original/XbDBEbRH2zr1RvdA7bB2TIyLU185VR0o1w7880.png]
[s3.amazonaws.com/cdn.freshdesk.com/data/helpdesk/attachments/production/48284078270/original/Duh85GlHa-WFW4YqBSbPJ-Dl-_HG5-B0BAf1ad.png]
[s3.amazonaws.com/cdn.freshdesk.com/data/helpdesk/attachments/production/48284079246/original/iHOXn0pJLlidnUuDmTV7dyis5KpBkavXIAe6df.png]
[s3.amazonaws.com/cdn.freshdesk.com/data/helpdesk/attachments/production/48286543223/original/n0p0uk19dTqvfrWV5W8Mdih89QFX0KJQjw8841.png]
[s3.amazonaws.com/cdn.freshdesk.com/data/helpdesk/attachments/production/48286543401/original/iXrLt7Xp2xR1eJl1IT7d6vHsI8ZnYeRBgwd9c7.png]
[s3.amazonaws.com/cdn.freshdesk.com/data/helpdesk/attachments/production/48291755645/original/56BY1UUCTEjpcu59cWIfUX9TBVKhun0qpA62c7.gif]
[s3.amazonaws.com/cdn.freshdesk.com/data/helpdesk/attachments/production/48286543798/original/TN-M497JjRU1QI1H-NwXVq1r1vWxdBHPWw034f.png]
[s3.amazonaws.com/cdn.freshdesk.com/data/helpdesk/attachments/production/48284081045/original/r6dBGPrK4R-SDzJJARAeMGvHU6SwuwwTog5eae.png]
[s3.amazonaws.com/cdn.freshdesk.com/data/helpdesk/attachments/production/48286546010/original/2oXC501R-I5PNsXrie2JGBp-Q1DkpsUjgQ9425.png]
[s3.amazonaws.com/cdn.freshdesk.com/data/helpdesk/attachments/production/48286546006/original/alvpeqMJi-F-GLEN3RRI2cPSXrld3Y5O_w56a9.png]
[s3.amazonaws.com/cdn.freshdesk.com/data/helpdesk/attachments/production/48286546193/original/QCoLEB86JllFreFJ5Diu7cdng-D99varngede2.png]
[s3.amazonaws.com/cdn.freshdesk.com/data/helpdesk/attachments/production/48286546275/original/bIYLs5wFGFib8HHB4wVkTiCZ8LsAI4Ve5Ac097.png]
[s3.amazonaws.com/cdn.freshdesk.com/data/helpdesk/attachments/production/48284912934/original/heugdOwIkkCN3nHUQWQkykYEUrQ-gFxVFAa588.png]
[s3.amazonaws.com/cdn.freshdesk.com/data/helpdesk/attachments/production/48284913014/original/9Bu9owdEH4ngwAV5KbUA_Nv7Cb8l49bevwd5d8.png]
[s3.amazonaws.com/cdn.freshdesk.com/data/helpdesk/attachments/production/48284912843/original/fcbO5T8hniNd4i6_tKAorIYMuq_hfXQF2wc3d6.png]
[s3.amazonaws.com/cdn.freshdesk.com/data/helpdesk/attachments/production/48289810478/original/gxXyO-ikMbIEpVzT21sqwMTnLhg7m_1CPwf550.png]
[s3.amazonaws.com/cdn.freshdesk.com/data/helpdesk/attachments/production/48289810628/original/mhTqoClA-pn-nWwlJHm7NhAtejZptyDiBA9456.png]
[s3.amazonaws.com/cdn.freshdesk.com/data/helpdesk/attachments/production/48289810842/original/6eLWKBPaElTUU6pwWKEHtpyCw7pikrndOg3db0.png]
[s3.amazonaws.com/cdn.freshdesk.com/data/helpdesk/attachments/production/48286547801/original/2IRh7FSb8LVSD_YhLSiMnVX6P9O-GRYuMwa5f3.png]
[s3.amazonaws.com/cdn.freshdesk.com/data/helpdesk/attachments/production/48284913229/original/ZxC5IKj5kcGr8aJ9llZd21BFfo8ebfua1g0845.png]
[s3.amazonaws.com/cdn.freshdesk.com/data/helpdesk/attachments/production/48289811747/original/cNyMa27nnTKziuJvBIsKE44CNNVXEKSLBgf4ff.png]
[s3.amazonaws.com/cdn.freshdesk.com/data/helpdesk/attachments/production/48286550117/original/MWJV_FDpKOSGuoKp2nAB4j22FW0GWZYCSwc5ad.png]
[s3.amazonaws.com/cdn.freshdesk.com/data/helpdesk/attachments/production/48284913563/original/x6nVQu6rCGuqGi1eraGeNkm6anfS5SXrTA10d5.png]
[s3.amazonaws.com/cdn.freshdesk.com/data/helpdesk/attachments/production/48284913625/original/HJDwiaFWG7nIwBKgA-a-n8ssIpyvfCFIJA8533.png]
[s3.amazonaws.com/cdn.freshdesk.com/data/helpdesk/attachments/production/48284913863/original/hG8Y6bkGqBXvPSiwT5BsymoFcATYK0P-eQ779b.png]
[s3.amazonaws.com/cdn.freshdesk.com/data/helpdesk/attachments/production/48284913927/original/RYZECNsdo5FJRAqq5VuGqI0oVmphuPGuMQ6d83.png]
[s3.amazonaws.com/cdn.freshdesk.com/data/helpdesk/attachments/production/48289809267/original/NJE25vxjbsGs1W81dAPerxmifAHywBIwaQ60fe.png]
[s3.amazonaws.com/cdn.freshdesk.com/data/helpdesk/attachments/production/48284083011/original/RwfRWhgZecEtx5n_8bJ4KJoI7xDElidJxg448b.png]
[s3.amazonaws.com/cdn.freshdesk.com/data/helpdesk/attachments/production/48284083404/original/bHK53D95m_c3ncnPCMPnmMRzFZwGImFefA2938.png]
[s3.amazonaws.com/cdn.freshdesk.com/data/helpdesk/attachments/production/48284914111/original/9VLCelzYHWuoWc60Vc70ngi9Fz6FDjHZOg6c9f.png]
[s3.amazonaws.com/cdn.freshdesk.com/data/helpdesk/attachments/production/48284083951/original/E5sstzualqyZTzkOPdRidoKqw9sAFz0YaQ14a0.png]
[s3.amazonaws.com/cdn.freshdesk.com/data/helpdesk/attachments/production/48284914151/original/XROx-MtmbjcQ-0iQe0z1L-5Ba3AxacUTzgf7ec.png]
[s3.amazonaws.com/cdn.freshdesk.com/data/helpdesk/attachments/production/48284914422/original/elCtHmZ8BT5Q3vXnUtgdhsmSHZfrDNYm5w1e4e.png]
[s3.amazonaws.com/cdn.freshdesk.com/data/helpdesk/attachments/production/48284914455/original/gOIy3oLHfVqEUAzKmxvBnlmNly_2NXYgww3485.png]
[s3.amazonaws.com/cdn.freshdesk.com/data/helpdesk/attachments/production/48289807621/original/rWwzj05pUY2_7sFeDhLxXsiVCoXKKRpPKg0c30.png]
[s3.amazonaws.com/cdn.freshdesk.com/data/helpdesk/attachments/production/48284914523/original/l_2ib3vbuisvYM3kwkrFC6fJvfGmEAxTiA56da.jpg]
[s3.amazonaws.com/cdn.freshdesk.com/data/helpdesk/attachments/production/48284085774/original/zCWJuZ-RgVmwqiVyUGkYg9sBskBWo0Oh0Qdd39.png]
[s3.amazonaws.com/cdn.freshdesk.com/data/helpdesk/attachments/production/48289807416/original/lPWKPzVG8LSj7hT4URdCTXBJsQAya3ue-Q100c.png]
[help.leadconnectorhq.com/support/solutions/articles/48001237083-facebook-conversion-leads-walkthrough/hit.gif]
[help.leadconnectorhq.com/support/solutions/articles/48001237083-facebook-conversion-leads-walkthrough.html]
[help.leadconnectorhq.com/support/solutions/folders/48000687440.html]
[s3.amazonaws.com/cdn.freshdesk.com/data/helpdesk/attachments/production/48257311347/original/WKcURJfSkbpoCgoEV2MiloL31Dx0MrGzwQ653a.gif]
[s3.amazonaws.com/cdn.freshdesk.com/data/helpdesk/attachments/production/48257364299/original/3tOTd7BataR_fTqBKcJYxr91ydkofkSLlgf70f.gif]
[s3.amazonaws.com/cdn.freshdesk.com/data/helpdesk/attachments/production/48256325644/original/84lbd4VgOnQd3KlYgJwgi6qPAKc7VAxEkQ4574.png]
[s3.amazonaws.com/cdn.freshdesk.com/data/helpdesk/attachments/production/48257368231/original/hiJqYnRtrztMa7xB3eGG33H8kzvv9wE9NQ7fce.png]
[s3.amazonaws.com/cdn.freshdesk.com/data/helpdesk/attachments/production/48257321656/original/xXzTVfrAbbOcBiPq7778uFuAIqMzW5HmXA6197.png]
[s3.amazonaws.com/cdn.freshdesk.com/data/helpdesk/attachments/production/48257365147/original/n0Iz5JSNuL9kX2TwzptVuetG2qR93ncqkg0877.png]
[s3.amazonaws.com/cdn.freshdesk.com/data/helpdesk/attachments/production/48257366397/original/6SWVGc3OhOy-yis7bBnC83SIZAUxZDY9Awa817.png]
[s3.amazonaws.com/cdn.freshdesk.com/data/helpdesk/attachments/production/48257919706/original/Z1gJeUPtuJkUZQnWw1V4N6eZuhrt1rPWmg3651.gif]
[help.leadconnectorhq.com/support/solutions/articles/48001223557-how-to-integrate-tiktok-leads-ads.html]
[s3.amazonaws.com/cdn.freshdesk.com/data/helpdesk/attachments/production/48257370222/original/SSQ9QW-qjzl5waGuvDu2SyCCk_v-JK-ixAee63.png]
[help.leadconnectorhq.com/support/solutions/articles/48001223557-how-to-integrate-tiktok-lead-ads/hit.gif]
[help.leadconnectorhq.com/support/solutions/articles/48001223557-how-to-integrate-tiktok-lead-ads.html]
[help.leadconnectorhq.com/support/solutions/folders/48000690366.html]
[s3.amazonaws.com/cdn.freshdesk.com/data/helpdesk/attachments/production/48287172202/original/Ov8ZL5bpsQ11-hYQtBEojRIcukahg4g4LQ1087.png]
[s3.amazonaws.com/cdn.freshdesk.com/data/helpdesk/attachments/production/48287172195/original/3CsRgPoAgMOfw8ALOdS6pc-DDLAUd-ZB7w695c.png]
[s3.amazonaws.com/cdn.freshdesk.com/data/helpdesk/attachments/production/48287172136/original/eEHiU83lWrnWYIoNWE57sQC-oZQqucXvwwa57a.png]
[s3.amazonaws.com/cdn.freshdesk.com/data/helpdesk/attachments/production/48287172189/original/FLuw6y9A-vvCxMjw_0KP04tsy1e_QOY5BQ695c.png]
[s3.amazonaws.com/cdn.freshdesk.com/data/helpdesk/attachments/production/155002826972/original/oH7znyWMP4LtMBU1U9ckgwxUUTr-bkn18gc5b8.png]
[s3.amazonaws.com/cdn.freshdesk.com/data/helpdesk/attachments/production/48287099381/original/5yv1sSHvgI7kZ4JHVVjfZBO59-h2hC2NiQ255b.png]
[s3.amazonaws.com/cdn.freshdesk.com/data/helpdesk/attachments/production/48287099648/original/TkUibkPnbsnocvJ7Pe29R3EjDO-IdqMbCgc9b5.png]
[s3.amazonaws.com/cdn.freshdesk.com/data/helpdesk/attachments/production/48287100068/original/KFFk82QyDSizlj8oZgSFpmo62DMwDOMUmQ234b.png]
[s3.amazonaws.com/cdn.freshdesk.com/data/helpdesk/attachments/production/48287100403/original/bvqjrVOEvFHoWUWu56obXKkhDBc9638gvQb93a.png]
[s3.amazonaws.com/cdn.freshdesk.com/data/helpdesk/attachments/production/48287172972/original/eIXwK85vdb6ar3wz96e5oFZi9XhO9yRoXA5ce7.png]
[s3.amazonaws.com/cdn.freshdesk.com/data/helpdesk/attachments/production/48287173057/original/Daj_APA9d_Q-I9r9ZCokna65RMm2KCe-ZA0eae.png]
[s3.amazonaws.com/cdn.freshdesk.com/data/helpdesk/attachments/production/48287173059/original/BR0E9H1Kq-zRARo6Zn0yhTFCJtpCj4j7gw0eae.png]
[s3.amazonaws.com/cdn.freshdesk.com/data/helpdesk/attachments/production/48287173015/original/x7BbOXuVpLR_x9VOtLHn9wvkiRs3JYpbxw8803.png]
[s3.amazonaws.com/cdn.freshdesk.com/data/helpdesk/attachments/production/48287172979/original/Kaw9-ZO4dRY4cVBBYoasnMZbZqRJVq3DgQ1413.png]
[s3.amazonaws.com/cdn.freshdesk.com/data/helpdesk/attachments/production/48287173043/original/vthvUmX6mIVBuwVStPpDG9PTN68x6vvviwc36b.png]
[s3.amazonaws.com/cdn.freshdesk.com/data/helpdesk/attachments/production/48287173042/original/7oxQxp_6W7ZY-RwNj7OY74lo_nfFKtSKKQ9fcc.png]
[s3.amazonaws.com/cdn.freshdesk.com/data/helpdesk/attachments/production/48287173061/original/EDcuU_y8RqC6s794ZWZiywSpWeS9xVMFxgfd6b.png]
[s3.amazonaws.com/cdn.freshdesk.com/data/helpdesk/attachments/production/48287173058/original/IsrUAmxqm3mT_Ut-2S-cG5dBnZBevGjw9w0eae.png]
[s3.amazonaws.com/cdn.freshdesk.com/data/helpdesk/attachments/production/48287173062/original/7Me67gV0KCOl0GVFM5493Q8jY7A9IKyyLAfd6b.png]
[s3.amazonaws.com/cdn.freshdesk.com/data/helpdesk/attachments/production/48287173060/original/oLPD0weRLE5l_DQ8BGGjETrFzpAHOpUWNgfd6b.png]
[s3.amazonaws.com/cdn.freshdesk.com/data/helpdesk/attachments/production/48287173780/original/Z2tWxdGBQs-6ByjzvhBss7rZIabcgOgkbQc960.png]
[s3.amazonaws.com/cdn.freshdesk.com/data/helpdesk/attachments/production/48287173779/original/Ej3-tK6PgUJyMdY_XrThv_WkoiD8d5YMcgc960.png]
[s3.amazonaws.com/cdn.freshdesk.com/data/helpdesk/attachments/production/155003796789/original/y8e4pNvsjXgTN9G3mDxS0Ro04NP8gkUtfAdb00.png]
[help.leadconnectorhq.com/support/solutions/articles/48001235284-how-to-enable-google-outlook-email-two-way-sync/hit.gif]
[help.leadconnectorhq.com/support/solutions/articles/48001235284-how-to-enable-google-outlook-email-two-way-sync.html]
[help.leadconnectorhq.com/support/solutions/folders/155000000180.html]
[s3.amazonaws.com/cdn.freshdesk.com/data/helpdesk/attachments/production/155009528551/original/N97444O72nviaFSR4PTObBZAvNras6Do4Qcf19.png]
[s3.amazonaws.com/cdn.freshdesk.com/data/helpdesk/attachments/production/155009528552/original/I0BgY3ZQgjgsLDGA0jhVd0eNBN2avkC19g2ef6.png]
[s3.amazonaws.com/cdn.freshdesk.com/data/helpdesk/attachments/production/155009528586/original/RwsSsa6B9HJnIVwtCA06DN_U-6yPW5fn0A7b2e.png]
[s3.amazonaws.com/cdn.freshdesk.com/data/helpdesk/attachments/production/155009528604/original/24hzpn6Q_earFGhOEekRLapenHw6sUEVZQ391b.png]
[s3.amazonaws.com/cdn.freshdesk.com/data/helpdesk/attachments/production/155009528620/original/fIitKSnoiK-jQm_Y_DkLtJ6Es4ViKh37Nwde7f.png]
[s3.amazonaws.com/cdn.freshdesk.com/data/helpdesk/attachments/production/155009528628/original/jb44pupUkMKmGiKGuJj7U5IfJ0voNGVCDA3019.png]
[s3.amazonaws.com/cdn.freshdesk.com/data/helpdesk/attachments/production/155009528631/original/ETTW2n1cQ86AbeyvXFYN4ndZrfoiLGNFMg39d5.png]
[help.leadconnectorhq.com/support/solutions/articles/155000001151-integrating-linkedin-lead-ads-with-crm/hit.gif]
[help.leadconnectorhq.com/support/solutions/articles/155000001151-integrating-linkedin-lead-ads-with-crm.html]
[s3.amazonaws.com/cdn.freshdesk.com/data/helpdesk/attachments/production/155010670567/original/FjiBd5gOxs1U_01WZStGAPlYp0t3GLFJfg4f3c.png]
[s3.amazonaws.com/cdn.freshdesk.com/data/helpdesk/attachments/production/155010670653/original/x9ZzK-IuPt8-OdP_yYtAyw19BewK1z-LEwb0df.png]
[s3.amazonaws.com/cdn.freshdesk.com/data/helpdesk/attachments/production/155010670672/original/VBPUgcWHF1zBltucQz5iuOj_BhIXxsqSuwc018.png]
[s3.amazonaws.com/cdn.freshdesk.com/data/helpdesk/attachments/production/155010670808/original/ul5g5Tu2Lv5gOwT6I6eYoCN_GyRz9Ohgxge3a9.png]
[help.leadconnectorhq.com/support/solutions/articles/155000001255-add-workflow-trigger-for-linkedin-lead-ads/hit.gif]
[help.leadconnectorhq.com/support/solutions/articles/155000001255-add-workflow-trigger-for-linkedin-lead-ads.html]
[help.leadconnectorhq.com/support/solutions/folders/155000000523.html]
[help.leadconnectorhq.com/support/solutions/articles/155000005632-messaging-and-social-channel-connection-with-gbp.html]
[s3.amazonaws.com/cdn.freshdesk.com/data/helpdesk/attachments/production/155023403250/original/KzQEIHppbFzMVVZX1nnf0Hidwynw59nWgAe6e8.png]
[s3.amazonaws.com/cdn.freshdesk.com/data/helpdesk/attachments/production/155023403256/original/eveNxg_KVAdocJ3gTBhQ9KeTkpcNPhq8tQ52b8.png]
[s3.amazonaws.com/cdn.freshdesk.com/data/helpdesk/attachments/production/155023403261/original/XiwAJNrACmE9eo55osGbX4-vJ845N_KAjwa56a.png]
[s3.amazonaws.com/cdn.freshdesk.com/data/helpdesk/attachments/production/155023403300/original/xRdZC1YKFRsS_gvLYf_nURzyFQPdTr8T4w4f2b.png]
[s3.amazonaws.com/cdn.freshdesk.com/data/helpdesk/attachments/production/155023403316/original/HGewVuMVutvCscclBJbwFUuMtSuyPy122Q2ccd.png]
[s3.amazonaws.com/cdn.freshdesk.com/data/helpdesk/attachments/production/155023403348/original/LsLVDoaaLU10DZ8-frkaa9hf9LWyiN5Slgb38f.png]
[s3.amazonaws.com/cdn.freshdesk.com/data/helpdesk/attachments/production/155023403358/original/P_xGLSar9-plhCf-dzIhQ407NFrNWl428w71a3.png]
[help.leadconnectorhq.com/support/solutions/articles/155000002138-connect-multiple-google-business-profile-pages-to-a-sub-account/hit.gif]
[help.leadconnectorhq.com/support/solutions/articles/155000002138-connect-multiple-google-business-profile-pages-to-a-sub-account.html]
[help.leadconnectorhq.com/support/solutions/articles/155000002138.html]
[s3.amazonaws.com/cdn.freshdesk.com/data/helpdesk/attachments/production/155023403542/original/8q70GEgTiStrKEg-I7LTPHrWt9WjrpIirA5d8f.png]
[s3.amazonaws.com/cdn.freshdesk.com/data/helpdesk/attachments/production/155023403557/original/u-iunMUeQP7y5LvurCtf4pXvk_wAuQEb-Q8642.png]
[s3.amazonaws.com/cdn.freshdesk.com/data/helpdesk/attachments/production/155023403562/original/Ys_XYZxUMRLWCnOLTJ89iZxKdTiYpHvObA28b6.png]
[s3.amazonaws.com/cdn.freshdesk.com/data/helpdesk/attachments/production/155023403575/original/hXTvEw34Z32pdSAIQyHRlHhvLHfHGKn5hwbff3.png]
[help.leadconnectorhq.com/support/solutions/articles/155000002139-managing-gbp-pages-additions-removals-adjustments/hit.gif]
[help.leadconnectorhq.com/support/solutions/articles/155000002139-managing-gbp-pages-additions-removals-adjustments.html]
[s3.amazonaws.com/cdn.freshdesk.com/data/helpdesk/attachments/production/155023403870/original/zFsH2wSftBAaniIaowoLmow1S-HZcLMnlg107d.png]
[s3.amazonaws.com/cdn.freshdesk.com/data/helpdesk/attachments/production/155023403882/original/A9VI8SP0L2rsB9z8bl0HDGFSfN6tHqTnew24ee.png]
[s3.amazonaws.com/cdn.freshdesk.com/data/helpdesk/attachments/production/155023403896/original/69t6FXddN1JcYcit576tD5UlhHDHoFmLXg5c55.png]
[s3.amazonaws.com/cdn.freshdesk.com/data/helpdesk/attachments/production/155023403898/original/WjtGcT76jEGl0_3k1uG2IxzHBn-zhHYVOwdc47.png]
[s3.amazonaws.com/cdn.freshdesk.com/data/helpdesk/attachments/production/155023403906/original/gDdv6zSkSA2w3jOnK5Qf6C-JwVjRNMJ5Jgc6c0.png]
[s3.amazonaws.com/cdn.freshdesk.com/data/helpdesk/attachments/production/155023403935/original/2afRKnOmX5yd1IJoyfPAHFz-mRNHSDd1tg327b.png]
[help.leadconnectorhq.com/support/solutions/articles/155000002140-managing-customer-interactions-on-connected-gbp-pages/hit.gif]
[help.leadconnectorhq.com/support/solutions/articles/155000002140-managing-customer-interactions-on-connected-gbp-pages.html]
[s3.amazonaws.com/cdn.freshdesk.com/data/helpdesk/attachments/production/155027013160/original/ayp2tJ4Q9YmHQisHTPtoN_kK-UfVaQ8yvQ5300.jpg]
[help.leadconnectorhq.com/support/solutions/articles/155000002649-google-business-profile-chat-sunset-starting-jul-15-2024/hit.gif]
[help.leadconnectorhq.com/support/solutions/articles/155000002649-google-business-profile-chat-sunset-starting-jul-15-2024.html]
[s3.amazonaws.com/cdn.freshdesk.com/data/helpdesk/attachments/production/155046556543/original/j-dotp4OboNwfL3LX5XT6JcxUSkDlPxlHQd0cd.jpg]
[s3.amazonaws.com/cdn.freshdesk.com/data/helpdesk/attachments/production/155046556552/original/0aFhhiHtBtSlpbejqTEdNbHriy1OjfVi_Q4cc7.jpg]
[s3.amazonaws.com/cdn.freshdesk.com/data/helpdesk/attachments/production/155046556544/original/yPKvIorY0FQeA5olJchdMU7y-gyssEz8Cgd0cd.jpg]
[s3.amazonaws.com/cdn.freshdesk.com/data/helpdesk/attachments/production/155046557274/original/PpWI7hD4BnDHofQaxTfaB212XqQwTmuEbQe2fb.png]
[s3.amazonaws.com/cdn.freshdesk.com/data/helpdesk/attachments/production/155046556553/original/Cl--GdQ0ObTyyFhDRJIRsPPK3uH4SOX3EAec7c.jpg]
[s3.amazonaws.com/cdn.freshdesk.com/data/helpdesk/attachments/production/155046557416/original/I4nlYf4GaMXer-4fMLZX1762SXotm0qb1wbc26.png]
[s3.amazonaws.com/cdn.freshdesk.com/data/helpdesk/attachments/production/155046557381/original/WmxZEUC8kRkAOkqzInf361W770_9hrh54w3fbe.png]
[s3.amazonaws.com/cdn.freshdesk.com/data/helpdesk/attachments/production/155046557480/original/c5n_ZY4GGgHvLWVBp-H-DLC4h7Ma6VhsqQe3dd.png]
[s3.amazonaws.com/cdn.freshdesk.com/data/helpdesk/attachments/production/155046557506/original/VbXlA-W1w3z6mVURLS56_db4-EBtmYv9MA1b03.png]
[help.leadconnectorhq.com/support/solutions/articles/155000005265-gmb-troubleshooting-guide/hit.gif]
[help.leadconnectorhq.com/support/solutions/articles/155000005265-gmb-troubleshooting-guide.html]
[help.leadconnectorhq.com/support/solutions/folders/155000000648.html]
[s3.amazonaws.com/cdn.freshdesk.com/data/helpdesk/attachments/production/155029063472/original/0hTPzgy1N82Ii7dE8ljiSCdsMOJrBldpIAbf26.png]
[s3.amazonaws.com/cdn.freshdesk.com/data/helpdesk/attachments/production/155029056090/original/dGWljhwaOkVLtmH_3kePNkznaEjAuoRq_A60d6.png]
[s3.amazonaws.com/cdn.freshdesk.com/data/helpdesk/attachments/production/155029013962/original/yvAW6A_NW5gJMcSx395zGtXk6qkFXs3o5Ac035.png]
[s3.amazonaws.com/cdn.freshdesk.com/data/helpdesk/attachments/production/155029014111/original/ZPgWRbFa4SBbD-MteF42NGBCtFc_Web7EAe569.png]
[s3.amazonaws.com/cdn.freshdesk.com/data/helpdesk/attachments/production/155029014363/original/tAJ8PWx_ICuZS-Qx6eq2Fs2GN1utP1iUMw31e0.png]
[s3.amazonaws.com/cdn.freshdesk.com/data/helpdesk/attachments/production/155029056315/original/iDIuSpkuzyH_p2OdR30IDSvLE7CxS05gQQ4473.png]
[s3.amazonaws.com/cdn.freshdesk.com/data/helpdesk/attachments/production/155029015449/original/YI9nMQbgJqStpF_RBJKBUdj46z9WudaC1g78a1.png]
[s3.amazonaws.com/cdn.freshdesk.com/data/helpdesk/attachments/production/155029055790/original/jZAec5alCqx2g3Mz7J4HCW1gpw2dzTHFTQ4329.png]
[s3.amazonaws.com/cdn.freshdesk.com/data/helpdesk/attachments/production/155029055827/original/M40HLVVe3lBbA0BQ5UX-27DLtKK4PbJOkwd6ea.png]
[s3.amazonaws.com/cdn.freshdesk.com/data/helpdesk/attachments/production/155029055978/original/cs7V4-owR-cA74RwmVmxGDPnAAoecXYpwg421d.png]
[s3.amazonaws.com/cdn.freshdesk.com/data/helpdesk/attachments/production/155029056233/original/1CO8ADONFx1V4l2rZnWDSVNrd5t8mM2NgQ827f.png]
[s3.amazonaws.com/cdn.freshdesk.com/data/helpdesk/attachments/production/155029056251/original/OKlV-5OLCEpFvIO_Ku-xOShU5kLoOKQGRg0289.png]
[s3.amazonaws.com/cdn.freshdesk.com/data/helpdesk/attachments/production/155029056314/original/qTmiWdCADNy02lzHwiGrcrfcOs-HAQIL2w1971.png]
[s3.amazonaws.com/cdn.freshdesk.com/data/helpdesk/attachments/production/155029056506/original/g5TVdfhF6e56Uj9eU3F-f8MDjhINdvwySQa46f.png]
[s3.amazonaws.com/cdn.freshdesk.com/data/helpdesk/attachments/production/155029056523/original/QUgMnaLVazAjL3yWgsZGd5ruujrP6WQgUg1ea4.png]
[s3.amazonaws.com/cdn.freshdesk.com/data/helpdesk/attachments/production/155029056555/original/-CYsioGb7fLRhBOW-4IaGpOmbrFmYWTp3Q0687.png]
[s3.amazonaws.com/cdn.freshdesk.com/data/helpdesk/attachments/production/155029056627/original/_JO1Og2ifY43mlxGgIYT1HGFpwUtB445eA25df.png]
[help.leadconnectorhq.com/support/solutions/articles/155000002774-private-integrations-everything-you-need-to-know/hit.gif]
[help.leadconnectorhq.com/support/solutions/articles/155000002774-private-integrations-everything-you-need-to-know.html]
[s3.amazonaws.com/cdn.freshdesk.com/data/helpdesk/attachments/production/155051136624/original/E18QlbidJLzvzSAKUCgdN40SBsTFKON3-w7ead.png]
[s3.amazonaws.com/cdn.freshdesk.com/data/helpdesk/attachments/production/155051136628/original/gCzh2JFrovwDcrEFESIg46Or5Ip3BJ3L3Q69a2.jpg]
[s3.amazonaws.com/cdn.freshdesk.com/data/helpdesk/attachments/production/155051136626/original/DNovU37i0XmXF-mzLoTpnfdoksJWzjPFSQ69a2.jpg]
[s3.amazonaws.com/cdn.freshdesk.com/data/helpdesk/attachments/production/155051136636/original/M-BixejU609kwV3dJI5VbXGwL7UVDitFGg5500.jpg]
[s3.amazonaws.com/cdn.freshdesk.com/data/helpdesk/attachments/production/155051136625/original/oq31dijswcQEhSgZ9tzYf6jGbTDovyKTtQ51de.jpg]
[s3.amazonaws.com/cdn.freshdesk.com/data/helpdesk/attachments/production/155051136632/original/FCwg3g8jFxGIjGafCf5Y1KkQnUzoTALmEQ5500.jpg]
[s3.amazonaws.com/cdn.freshdesk.com/data/helpdesk/attachments/production/155051136637/original/x6YhiG5r-DLBBpLh05VaJ-AIvjKkl_WXmA5500.jpg]
[s3.amazonaws.com/cdn.freshdesk.com/data/helpdesk/attachments/production/155051136650/original/aM4xQFIDfpO1_wyZ5VaC1otJblm1JBbWVgb733.jpg]
[s3.amazonaws.com/cdn.freshdesk.com/data/helpdesk/attachments/production/155051136648/original/sG9Sh80rEqTA8lw2WD72sAo9qsWhl9_DPgfe8c.jpg]
[help.leadconnectorhq.com/support/solutions/articles/155000005893-connect-sub-account-with-zapier/hit.gif]
[help.leadconnectorhq.com/support/solutions/articles/155000005893-connect-sub-account-with-zapier.html]
[s3.amazonaws.com/cdn.freshdesk.com/data/helpdesk/attachments/production/155060279737/original/MxwssDT5flWKeZdx8g_bBitBvb4nrp0Euwed56.jpg]
[s3.amazonaws.com/cdn.freshdesk.com/data/helpdesk/attachments/production/155060280551/original/NV9c6K4TUlZch0dpEx-6ZPqyKFg8KQUhAg614f.jpg]
[s3.amazonaws.com/cdn.freshdesk.com/data/helpdesk/attachments/production/155060281775/original/3SlhsB_g0nj0YgRkrf27O-uMaKDVGZAYPQ2a33.png]
[s3.amazonaws.com/cdn.freshdesk.com/data/helpdesk/attachments/production/155060282949/original/_thHEDpC_EYhCi9By5CkPPLrpW6wKerOHQef83.png]
[s3.amazonaws.com/cdn.freshdesk.com/data/helpdesk/attachments/production/155060283219/original/Dcp5W5SU7WWl2tQ3Pg0rQhzC0dQfEKazlQa46f.png]
[s3.amazonaws.com/cdn.freshdesk.com/data/helpdesk/attachments/production/155060283536/original/3A179do_EEgosIVFyhQrjh7Xkr6u9geAHgd1b5.png]
[s3.amazonaws.com/cdn.freshdesk.com/data/helpdesk/attachments/production/155060283812/original/z3LvOMgNsMpU6ux_DfD_sJLc0mJ24TKpZw7b30.png]
[help.leadconnectorhq.com/support/solutions/articles/155000007160-zapier-wl-app-connection/hit.gif]
[help.leadconnectorhq.com/support/solutions/articles/155000007160-zapier-wl-app-connection.html]
[help.leadconnectorhq.com/support/solutions/folders/155000000967.html]
[help.leadconnectorhq.com/support/solutions/articles/155000004172-clio-integration/hit.gif]
[help.leadconnectorhq.com/support/solutions/articles/155000004172-clio-integration.html]
[s3.amazonaws.com/cdn.freshdesk.com/data/helpdesk/attachments/production/155058804445/original/mwth-2CEwSAvz8xfRKSVZWhMwZ-kBifmRAabb0.png]
[s3.amazonaws.com/cdn.freshdesk.com/data/helpdesk/attachments/production/155058804374/original/vRKww40gB4yopU8KZTKc-KxWBSFXNQOoDAcca3.png]
[s3.amazonaws.com/cdn.freshdesk.com/data/helpdesk/attachments/production/155060777311/original/6lQMtWmnCH2A8y3NhD-ug-OCkcrszWgWDw8e25.png]
[s3.amazonaws.com/cdn.freshdesk.com/data/helpdesk/attachments/production/155060777317/original/o3ifg-k6xaWx9LJZB6wM5xKE9baemUgZVgc987.png]
[s3.amazonaws.com/cdn.freshdesk.com/data/helpdesk/attachments/production/155060777352/original/eLZUKOPYl-B3wbzbLji0KMXnNSPQ6UH2CAc6d9.png]
[s3.amazonaws.com/cdn.freshdesk.com/data/helpdesk/attachments/production/155058804371/original/rfJ8aQ7bey1doaQuNt8YRxcFxJRKVnFw1gcca3.png]
[s3.amazonaws.com/cdn.freshdesk.com/data/helpdesk/attachments/production/155058804375/original/Jl2VATrQrOPz8wGCA5JrfloVyzl3YQ4f0g2412.png]
[s3.amazonaws.com/cdn.freshdesk.com/data/helpdesk/attachments/production/155058804370/original/lOsRcQfkJUBkCpFU6R2znfrxFm_-zJY9Ygcca3.png]
[s3.amazonaws.com/cdn.freshdesk.com/data/helpdesk/attachments/production/155058804372/original/eG624sYhg3xjd_M0peTnKe57V1ITlSp9YAcca3.png]
[s3.amazonaws.com/cdn.freshdesk.com/data/helpdesk/attachments/production/155058804373/original/ys9fcXXTIiAT89d_121__FkBYFzUZL2W1Acca3.png]
[help.leadconnectorhq.com/support/solutions/articles/155000007187-connect-google-ads-with-crm/hit.gif]
[help.leadconnectorhq.com/support/solutions/articles/155000007187-connect-google-ads-with-crm.html]
[help.leadconnectorhq.com/support/solutions/48000454684.html]
[help.leadconnectorhq.com/support/solutions/folders/155000001274.html]
[help.leadconnectorhq.com/support/solutions/folders/155000001275.html]
[help.leadconnectorhq.com/support/solutions/folders/155000001276.html]
[help.leadconnectorhq.com/support/solutions/folders/155000001277.html]
[s3.amazonaws.com/cdn.freshdesk.com/data/helpdesk/attachments/production/155044636405/original/JSM2-cmm3_7ETshaQCQrA3xgoc0e4Yj-Iwfda8.jpg]
[s3.amazonaws.com/cdn.freshdesk.com/data/helpdesk/attachments/production/155051560834/original/8eaZ-yP52FjewlokOUzLIYLX1eu9tBS6aw9d10.png]
[s3.amazonaws.com/cdn.freshdesk.com/data/helpdesk/attachments/production/155050978546/original/G59Scf-HglYkzzIbsSBG9U1d0SWevkY1Twf733.jpg]
[s3.amazonaws.com/cdn.freshdesk.com/data/helpdesk/attachments/production/155044636407/original/5uDx3COdBBm7S7LkWJLy7k8C0vvCoeTjpg5e18.jpg]
[s3.amazonaws.com/cdn.freshdesk.com/data/helpdesk/attachments/production/155051560866/original/SFVcoLEfXe8-b84txbX2iSSl384AF3cZTw6df2.png]
[s3.amazonaws.com/cdn.freshdesk.com/data/helpdesk/attachments/production/155050978550/original/hW0OkTpNB-BdEPLwiCkNw3rKuZO2WR1JUA475b.jpg]
[s3.amazonaws.com/cdn.freshdesk.com/data/helpdesk/attachments/production/155050978549/original/33dxu9-B5JmjEMvsZFf6Sj6bnyuh5K72ng475b.jpg]
[help.leadconnectorhq.com/support/solutions/articles/155000005880-how-to-use-marketing-audit-report-compare-reports-for-strategic-growth/hit.gif]
[help.leadconnectorhq.com/support/solutions/articles/155000005880-how-to-use-marketing-audit-report-compare-reports-for-strategic-growth.html]
[help.leadconnectorhq.com/support/solutions/48000454685.html]
[help.leadconnectorhq.com/support/solutions/folders/48000685228.html]
[help.leadconnectorhq.com/support/solutions/articles/155000004914-updated-messaging-policies-for-canadian-10dlc-numbers-a2p-registration-requirements/hit.gif]
[help.leadconnectorhq.com/support/solutions/articles/155000004914-updated-messaging-policies-for-canadian-10dlc-numbers-a2p-registration-requirements.html]
[help.leadconnectorhq.com/support/solutions/48000454707.html]
[help.leadconnectorhq.com/support/solutions/articles/155000004781-important-update-whatsapp-marketing-templates-pause-in-the-u-s-starting-april-1-2025.html]
[help.leadconnectorhq.com/support/solutions/articles/155000005515-whatsapp-30-days-free-subscription-trial-promotion.html]
[help.leadconnectorhq.com/support/solutions/folders/48000683466.html]
[help.leadconnectorhq.com/support/solutions/articles/155000006535-whatsapp-onboarding-failure-please-create-a-new-whatsapp-business-account-since-a-payment-method-al.html]
[s3.amazonaws.com/cdn.freshdesk.com/data/helpdesk/attachments/production/155043264548/original/PBZnmwLqQiOxNsGkfRCOdJHeMRy5v4ycVg7a7b.png]
[s3.amazonaws.com/cdn.freshdesk.com/data/helpdesk/attachments/production/155043217457/original/EnOP5s0oMJaqLCTIvFm92g-k0zpn5JnchA7fbf.png]
[s3.amazonaws.com/cdn.freshdesk.com/data/helpdesk/attachments/production/155043217722/original/7hXWg6qU1MtzncKiYsXkRPJQDKJqG68SEA25d2.png]
[s3.amazonaws.com/cdn.freshdesk.com/data/helpdesk/attachments/production/155043217924/original/Wbet0_ZKknBYOiGeGPkF-EaoR_TKsh0Pngea06.png]
[s3.amazonaws.com/cdn.freshdesk.com/data/helpdesk/attachments/production/155043218021/original/CqvLOXQyZRIames9OeJPvjNVova_rkjmYA3032.png]
[s3.amazonaws.com/cdn.freshdesk.com/data/helpdesk/attachments/production/155043264934/original/lLRBPDloYFvcnOBkCDGqV08uABWaOVgSMw926a.png]
[s3.amazonaws.com/cdn.freshdesk.com/data/helpdesk/attachments/production/155043264970/original/0yMcqDoeyCxFkNHo9SCRaE4f4tMA4kEGPQ2dfe.png]
[s3.amazonaws.com/cdn.freshdesk.com/data/helpdesk/attachments/production/155043218213/original/VovypB4OHsSn9tgr6gtffFc2z_XBMMK4RQ1f0b.png]
[s3.amazonaws.com/cdn.freshdesk.com/data/helpdesk/attachments/production/155043218259/original/O3BXOiBpsBNBNPnwI4qAD9pWcHOTKd4N8Aa6ce.png]
[s3.amazonaws.com/cdn.freshdesk.com/data/helpdesk/attachments/production/155043266826/original/4xWwCgWNxR3uaplpLVB_JIi_Pr4ABSKs9g3951.png]
[s3.amazonaws.com/cdn.freshdesk.com/data/helpdesk/attachments/production/155043266858/original/8lyDGiLvex4S4HxSDdgvkKkh3petELRxGw0c33.png]
[s3.amazonaws.com/cdn.freshdesk.com/data/helpdesk/attachments/production/155043265509/original/kW7eqJj59N-Ty7EQ15fYV7D8A4eRIvLAPA5b92.png]
[s3.amazonaws.com/cdn.freshdesk.com/data/helpdesk/attachments/production/155043267565/original/pbwSpW53lYFhfVLIyL475uGfhUVtzrhu-gb325.png]
[s3.amazonaws.com/cdn.freshdesk.com/data/helpdesk/attachments/production/155027471137/original/kPQIZh_lGyO51atsprXMwaxLZ8SPwhgItA1153.png]
[s3.amazonaws.com/cdn.freshdesk.com/data/helpdesk/attachments/production/155028336381/original/8HmRyNP3k07zy2fIYaLUVHXdGYqIJ7wxQQ85b4.png]
[s3.amazonaws.com/cdn.freshdesk.com/data/helpdesk/attachments/production/155043204214/original/BgNTNEIlSba3mwEKRh5lYviyyZjZynjzIA693d.png]
[s3.amazonaws.com/cdn.freshdesk.com/data/helpdesk/attachments/production/155042340575/original/whdwXnQDJn9yN12lFcLs_nrxQ3R8BqoCNA8aa5.png]
[s3.amazonaws.com/cdn.freshdesk.com/data/helpdesk/attachments/production/155042340577/original/tVMusSCHOUUj4Fptlpor9jYJpoBO3eOxaw8aa5.png]
[s3.amazonaws.com/cdn.freshdesk.com/data/helpdesk/attachments/production/155042340574/original/JUtCqb_BYuZ0vvtlQtMoHgSAqmovEH15Wg8aa5.png]
[s3.amazonaws.com/cdn.freshdesk.com/data/helpdesk/attachments/production/155042340576/original/S9M30k8Lx-uOYlCXEmfCpuOYmFHLJ1njsA8aa5.png]
[s3.amazonaws.com/cdn.freshdesk.com/data/helpdesk/attachments/production/155042340579/original/p3InsFkRuLgMfeBzLeJdWi-mb0DECWT1gg8aa5.png]
[s3.amazonaws.com/cdn.freshdesk.com/data/helpdesk/attachments/production/155042340570/original/wRcwfyEA7CljN3Kz5DDLcLD7u16zLcxoeQ197e.png]
[s3.amazonaws.com/cdn.freshdesk.com/data/helpdesk/attachments/production/155042340572/original/I7OVeHbxAff7hf3Ecbh8dqRqAyYI3IeYbw197e.png]
[s3.amazonaws.com/cdn.freshdesk.com/data/helpdesk/attachments/production/155042340578/original/6po3m3NH4ufhpHTwX4g-Frc0WB5vjwvH_w8aa5.png]
[s3.amazonaws.com/cdn.freshdesk.com/data/helpdesk/attachments/production/155042340580/original/gDY7lvaLoNYQAZP5_2qNVMM8ML1JkoFp_g8aa5.jpg]
[s3.amazonaws.com/cdn.freshdesk.com/data/helpdesk/attachments/production/155042340573/original/tOrUqFIQkdpDzo4xqWlM2apae5x1EZp2eQ197e.jpg]
[s3.amazonaws.com/cdn.freshdesk.com/data/helpdesk/attachments/production/155042340571/original/BwfZzATGprc6FkS8Xvk6avdPdOfF12e6ow197e.jpg]
[s3.amazonaws.com/cdn.freshdesk.com/data/helpdesk/attachments/production/155042340569/original/qC5ig-QDZ90SeapgT442xhG_SLJBCeKwPw197e.jpg]
[help.leadconnectorhq.com/support/solutions/articles/48001206219-how-to-enable-whatsapp-in-your-account-/hit.gif]
[help.leadconnectorhq.com/support/solutions/articles/48001206219-how-to-enable-whatsapp-in-your-account-.html]
[help.leadconnectorhq.com/support/solutions/articles/155000002712-whatsapp-faqs/hit.gif]
[help.leadconnectorhq.com/support/solutions/articles/155000002712-whatsapp-faqs.html]
[help.leadconnectorhq.com/support/solutions/articles/155000002714-marketing-opt-out-button-to-your-message-template/hit.gif]
[help.leadconnectorhq.com/support/solutions/articles/155000002714-marketing-opt-out-button-to-your-message-template.html]
[s3.amazonaws.com/cdn.freshdesk.com/data/helpdesk/attachments/production/155042619140/original/eIW31ypzCh-xl0wkSj-ifg5hKoqZRyOzIg3ff5.jpg]
[s3.amazonaws.com/cdn.freshdesk.com/data/helpdesk/attachments/production/155043306025/original/ptKxwsv00rkGALQM6vZISOZMeLMARfm_Jw20c5.png]
[s3.amazonaws.com/cdn.freshdesk.com/data/helpdesk/attachments/production/155042619144/original/mTWQBDtkmDiZApJheYmH9Ky5S7XtAMp3YQ7a07.jpg]
[s3.amazonaws.com/cdn.freshdesk.com/data/helpdesk/attachments/production/155042619138/original/MVc7a3wFf3PLxznpFbNW46u53vsxycEbEw3ff5.jpg]
[s3.amazonaws.com/cdn.freshdesk.com/data/helpdesk/attachments/production/155042619143/original/ZUHId9xnVnPAQJ1lR_zxCD__uS-RWoIckw7a07.jpg]
[s3.amazonaws.com/cdn.freshdesk.com/data/helpdesk/attachments/production/155042619137/original/KPYVkyuFx_G42XRtVVJzorY3w8DDiKO0Xw5855.jpg]
[s3.amazonaws.com/cdn.freshdesk.com/data/helpdesk/attachments/production/155042619331/original/bDo5Ycvq_BhwzqjPKguo7AUkPtY0sKY7ng37a9.jpg]
[s3.amazonaws.com/cdn.freshdesk.com/data/helpdesk/attachments/production/155042619334/original/sVSG2w845Nb_1n9lNwC4LDrVqmpKLXfneA714f.jpg]
[s3.amazonaws.com/cdn.freshdesk.com/data/helpdesk/attachments/production/155042619339/original/raWtFhzjy4PYH0pV1quD36vBc4wP7NF72gef60.jpg]
[s3.amazonaws.com/cdn.freshdesk.com/data/helpdesk/attachments/production/155042619343/original/Ne5yRj_zZ148ecWxmVOrFjwdb19TOIJMPw4473.jpg]
[s3.amazonaws.com/cdn.freshdesk.com/data/helpdesk/attachments/production/155042619333/original/axgq1PL12ZlpTrU6UQ8PkOkBlE-X-CuafA714f.jpg]
[s3.amazonaws.com/cdn.freshdesk.com/data/helpdesk/attachments/production/155042619315/original/SSrC9tlPV9ArFOthVnBCaS9nPX896Wbx5gedda.jpg]
[s3.amazonaws.com/cdn.freshdesk.com/data/helpdesk/attachments/production/155042619330/original/nIACUec6A33iHebs30U5aahq6VTWZQqwJA37a9.png]
[s3.amazonaws.com/cdn.freshdesk.com/data/helpdesk/attachments/production/155042619348/original/99A_LWnUMkfYZgYgpXVAHjNF2z8m7KAI-g48e6.jpg]
[s3.amazonaws.com/cdn.freshdesk.com/data/helpdesk/attachments/production/155042619352/original/Vp0ui60457NH166HdT8ypOUAwJ2UsGGy6w9660.jpg]
[s3.amazonaws.com/cdn.freshdesk.com/data/helpdesk/attachments/production/155042619353/original/zi4DZud_sCRtGmhCcIC9kUn08PhiFTCLzQ48e6.jpg]
[s3.amazonaws.com/cdn.freshdesk.com/data/helpdesk/attachments/production/155042619350/original/LH41mCkKRV_6AAByHtZ6835e7njJjdy4yA48e6.jpg]
[s3.amazonaws.com/cdn.freshdesk.com/data/helpdesk/attachments/production/155042619342/original/9axiIHeQhSp310XGqmhORaXN13_rJ8TMpw4473.jpg]
[s3.amazonaws.com/cdn.freshdesk.com/data/helpdesk/attachments/production/155042619346/original/-HGzR_LX0WR0xHGQMCglxpf4xO218MRsQg48e6.jpg]
[s3.amazonaws.com/cdn.freshdesk.com/data/helpdesk/attachments/production/155042619347/original/9ZkT8KIFk3t7-7i8q8ykLyhD9iuMG8C7yQ48e6.jpg]
[s3.amazonaws.com/cdn.freshdesk.com/data/helpdesk/attachments/production/155042619349/original/Rm2IOWVm11ykDzJQoUzcymdRsagMHVdBug48e6.jpg]
[s3.amazonaws.com/cdn.freshdesk.com/data/helpdesk/attachments/production/155042619354/original/oawrMvJG2g9z9bomGNCWMtc6DtRTay4pfQ9660.jpg]
[help.leadconnectorhq.com/support/solutions/articles/155000004721-whatsapp-workflow-integration/hit.gif]
[help.leadconnectorhq.com/support/solutions/articles/155000004721-whatsapp-workflow-integration.html]
[s3.amazonaws.com/cdn.freshdesk.com/data/helpdesk/attachments/production/155042664280/original/N86rI9ups8L3jq_frmQo4RFi4zSMTF_UoQ6841.png]
[help.leadconnectorhq.com/support/solutions/articles/155000004722-important-update-whatsapp-marketing-messages-to-u-s-numbers-paused-starting-april-1-2025/hit.gif]
[help.leadconnectorhq.com/support/solutions/articles/155000004722-important-update-whatsapp-marketing-messages-to-u-s-numbers-paused-starting-april-1-2025.html]
[help.leadconnectorhq.com/support/solutions/48000455169.html]
[help.leadconnectorhq.com/support/solutions/folders/48000685676.html]
[s3.amazonaws.com/cdn.freshdesk.com/data/helpdesk/attachments/production/48230222731/original/Ai1QyaelMrP9apxAlquVfYlQxuqGSnO-7g71cd.png]
[s3.amazonaws.com/cdn.freshdesk.com/data/helpdesk/attachments/production/48230232737/original/t52kDy2esz8aXGl6kEApiSAfjzhIRefeDg6669.png]
[s3.amazonaws.com/cdn.freshdesk.com/data/helpdesk/attachments/production/48230414863/original/IM6uPYVfoYO9Ds2yxriwjfZvmm7U5l_iUw80b5.png]
[help.leadconnectorhq.com/support/solutions/articles/48001216256-lead-connector-for-mobile-how-to-download-the-beta-version/hit.gif]
[help.leadconnectorhq.com/support/solutions/articles/48001216256-lead-connector-for-mobile-how-to-download-the-beta-version.html]
[s3.amazonaws.com/cdn.freshdesk.com/data/helpdesk/attachments/production/48232199903/original/HzhkRlEmqPePhXo8iJ-ldjDKN0gdnmWgXg2392.png]
[s3.amazonaws.com/cdn.freshdesk.com/data/helpdesk/attachments/production/48232199934/original/SJZsy9KJrb6gFUnZhDrAGPi5s9UcLi3zRQ9380.png]
[s3.amazonaws.com/cdn.freshdesk.com/data/helpdesk/attachments/production/48232199944/original/Ug_rb5NGU7tpnhUxboBBCrIhp5GudMX3RA6fb2.png]
[s3.amazonaws.com/cdn.freshdesk.com/data/helpdesk/attachments/production/48232200103/original/XlcXgc_vp-qQcd0pmhVRpb3FA9kf4iSiuAac68.png]
[s3.amazonaws.com/cdn.freshdesk.com/data/helpdesk/attachments/production/48232200124/original/aHwA0MLsGu5wG3t306vYyq-DyKhdSj7K7g85a1.png]
[s3.amazonaws.com/cdn.freshdesk.com/data/helpdesk/attachments/production/48232200217/original/nP8MX6o2Q86ezHVtYuuoOmHJ9_kMQOsYzwdb63.png]
[s3.amazonaws.com/cdn.freshdesk.com/data/helpdesk/attachments/production/48232200227/original/rdK4UlCG-vQHKEFm_OENL2d4_7hoUppXxA57ee.png]
[s3.amazonaws.com/cdn.freshdesk.com/data/helpdesk/attachments/production/48232200264/original/jcpmBxaroDDMv8cVJnokAGm0doqIH_fjnAbb8f.png]
[s3.amazonaws.com/cdn.freshdesk.com/data/helpdesk/attachments/production/48232200272/original/orv6d9GAeDu56_aCDTUf10vbPJCqf4BGXgf593.png]
[s3.amazonaws.com/cdn.freshdesk.com/data/helpdesk/attachments/production/48232200338/original/WFi-qLy0gQStPcSf53ryIE7FkfZNEPpovAcc0f.png]
[s3.amazonaws.com/cdn.freshdesk.com/data/helpdesk/attachments/production/48232200369/original/ax1QxSLTFMAR5Pe32sECWusQeTBmwG8ezAc866.png]
[s3.amazonaws.com/cdn.freshdesk.com/data/helpdesk/attachments/production/48232200393/original/Q7wLznbPycJaSzy0BEdUY8znEljSd91plg29f1.png]
[s3.amazonaws.com/cdn.freshdesk.com/data/helpdesk/attachments/production/48232200421/original/lQPptYyiZOFdjHxAHbtWa9oeBpCQLPoaJw9138.png]
[s3.amazonaws.com/cdn.freshdesk.com/data/helpdesk/attachments/production/48232200480/original/izD2ObwdL7PkFS3b79OBPWG9ZXE0XUmnRA3ecb.png]
[s3.amazonaws.com/cdn.freshdesk.com/data/helpdesk/attachments/production/48232200488/original/3U8jkjElk7pNLr4e53TPei0FQKEWOYhoUQca2a.png]
[s3.amazonaws.com/cdn.freshdesk.com/data/helpdesk/attachments/production/48232211917/original/eUFAHi8MzTBwQ9oltRYgz18nwoVz2YnSGgc752.png]
[s3.amazonaws.com/cdn.freshdesk.com/data/helpdesk/attachments/production/48232200528/original/2r2lf_8g4n2oYjT3am6jWao4Axcien-ZyAcafa.png]
[s3.amazonaws.com/cdn.freshdesk.com/data/helpdesk/attachments/production/48232200543/original/siQ9Er4XX5wxLIjJMY5a6nVhxgEkOlSW2w5cd1.png]
[s3.amazonaws.com/cdn.freshdesk.com/data/helpdesk/attachments/production/48232212366/original/5LszXt993j8EZNm_G1j0N9_WOVGcNzR_tg212b.png]
[s3.amazonaws.com/cdn.freshdesk.com/data/helpdesk/attachments/production/48232214441/original/IgSeBIXUo3_-_PjRDw_Kque9IXUpJ1H2tA4967.png]
[help.leadconnectorhq.com/support/solutions/articles/48001216434-how-to-create-invoices-in-leadconnector-mobile-app-/hit.gif]
[help.leadconnectorhq.com/support/solutions/articles/48001216434-how-to-create-invoices-in-leadconnector-mobile-app-.html]
[help.leadconnectorhq.com/support/solutions/48000455489.html]
[help.leadconnectorhq.com/support/solutions/folders/48000686933.html]
[help.leadconnectorhq.com/support/solutions/articles/155000006784-how-to-use-ftp-to-access-your-wordpress-website.html]
[s3.amazonaws.com/cdn.freshdesk.com/data/helpdesk/attachments/production/48250795731/original/d7yH5xdDd9jFFLRlaR3yBHFlFkcTvFaj9g95e6.png]
[s3.amazonaws.com/cdn.freshdesk.com/data/helpdesk/attachments/production/48250795733/original/RhdvD81Y2v7hRmleOWoGrn10ozjxVBnwGg95e6.png]
[help.leadconnectorhq.com/support/solutions/articles/48001221954-wordpress-error-codes-and-faq/hit.gif]
[help.leadconnectorhq.com/support/solutions/articles/48001221954-wordpress-error-codes-and-faq.html]
[s3.amazonaws.com/cdn.freshdesk.com/data/helpdesk/attachments/production/48253646254/original/XE5sIAcZXp3SIio_9oW2qGgZbMrW6csYuw1852.gif]
[help.leadconnectorhq.com/support/solutions/articles/48001222861-wp-file-manager-plugin-stable-alternative-for-ftp-access-/hit.gif]
[help.leadconnectorhq.com/support/solutions/articles/48001222861-wp-file-manager-plugin-stable-alternative-for-ftp-access-.html]
[s3.amazonaws.com/cdn.freshdesk.com/data/helpdesk/attachments/production/155025701556/original/Itt0_Kprok-_mtx8VkMOvpnd3aXZf-8ThQ4bcb.png]
[s3.amazonaws.com/cdn.freshdesk.com/data/helpdesk/attachments/production/155025701548/original/T_-mmZio8s_6dfYzhGw5uo4ViEdDAw1hHQ55f3.jpg]
[s3.amazonaws.com/cdn.freshdesk.com/data/helpdesk/attachments/production/155025701558/original/rxhKhZktfXc7Ccvx6h-kE9afC4VzUHkcVQ0309.jpg]
[s3.amazonaws.com/cdn.freshdesk.com/data/helpdesk/attachments/production/155025701563/original/ApeGXEHZuaT_3tJ6ytz5u6fwcPlvA8qc7g7219.png]
[s3.amazonaws.com/cdn.freshdesk.com/data/helpdesk/attachments/production/155025701554/original/MBpFBaQZMzDFVj3Yao9e3ie1Zco1Gs8wRw4bcb.jpg]
[s3.amazonaws.com/cdn.freshdesk.com/data/helpdesk/attachments/production/155025701557/original/PBdZgsLqSH88cHtHBc96CNJvtFjKDc4pdA0309.jpg]
[s3.amazonaws.com/cdn.freshdesk.com/data/helpdesk/attachments/production/155025701559/original/x5yHnvcqOaprVizMzjWyi1GSRkKRe6Zchw7e72.jpg]
[s3.amazonaws.com/cdn.freshdesk.com/data/helpdesk/attachments/production/155025701564/original/IMmgwuod0JtCyCiojCXtSy9MPQ6tJSTKJA7219.jpg]
[s3.amazonaws.com/cdn.freshdesk.com/data/helpdesk/attachments/production/155025701560/original/ZGe12ymCh0LhC_RsyHFNqquPG9vFYsLzRA7e72.png]
[s3.amazonaws.com/cdn.freshdesk.com/data/helpdesk/attachments/production/155025701562/original/kF7zws4cltJrkNS-LMaoSM2zYyQXVhJUiw7219.png]
[s3.amazonaws.com/cdn.freshdesk.com/data/helpdesk/attachments/production/155025701561/original/Coo9rcjMEtOvqUvHOl7VxTD7fPg8peVejw7219.png]
[help.leadconnectorhq.com/support/solutions/articles/155000002384-wordpress-adding-domains-for-your-site/hit.gif]
[help.leadconnectorhq.com/support/solutions/articles/155000002384-wordpress-adding-domains-for-your-site.html]
[s3.amazonaws.com/cdn.freshdesk.com/data/helpdesk/attachments/production/155042057299/original/3rjzw4zQMymtRZTB65J4-lVWM-5LXdCqbA166e.png]
[s3.amazonaws.com/cdn.freshdesk.com/data/helpdesk/attachments/production/155042056236/original/EBXLYvhn0ZLkqQZPubZXqVulZkrMSsjs4Qedf3.png]
[s3.amazonaws.com/cdn.freshdesk.com/data/helpdesk/attachments/production/155042056328/original/ORRvhofyWnfFf_IhBC_BTFBwOVSKHqhGRQ7ea6.png]
[s3.amazonaws.com/cdn.freshdesk.com/data/helpdesk/attachments/production/155042057167/original/ISdT5rL5KKX3WdzXT3QmQ0Px3vxT7lWxcg75f8.png]
[s3.amazonaws.com/cdn.freshdesk.com/data/helpdesk/attachments/production/155042057184/original/bMfQb3760iADRVCzJxEeBOMz4MK2bl6ZlQb2c1.png]
[s3.amazonaws.com/cdn.freshdesk.com/data/helpdesk/attachments/production/155042057277/original/6q8NM7WEeN_WC1f6pkj01BVxGMeHJ_bqFQ2775.png]
[help.leadconnectorhq.com/support/solutions/articles/155000004673-lc-wordpress-plugin-fixing-cron-jobs-crashing-issue/hit.gif]
[help.leadconnectorhq.com/support/solutions/articles/155000004673-lc-wordpress-plugin-fixing-cron-jobs-crashing-issue.html]
[s3.amazonaws.com/cdn.freshdesk.com/data/helpdesk/attachments/production/155045795723/original/y5Pu_6hjpBm6dGZIxjBUkEIXkbvS5xwtLAcdbe.png]
[s3.amazonaws.com/cdn.freshdesk.com/data/helpdesk/attachments/production/155045795770/original/xiHoYfAbYm3zntOc50KVGSiPCsjfs1ygVwde7a.png]
[s3.amazonaws.com/cdn.freshdesk.com/data/helpdesk/attachments/production/155045795801/original/UQsckYcvA3jdy_WTZMGUlqaL13yve4au-waf2f.png]
[s3.amazonaws.com/cdn.freshdesk.com/data/helpdesk/attachments/production/155045795809/original/Eo3Wyh3l3gIzj0rVgSJx4kRukofw-991tAd21d.png]
[s3.amazonaws.com/cdn.freshdesk.com/data/helpdesk/attachments/production/155045795814/original/gN9oVQuLJuaGftaVzvVi_wzxSGr8vKVnMwcc07.png]
[s3.amazonaws.com/cdn.freshdesk.com/data/helpdesk/attachments/production/155045795856/original/-PlJ2n1Dg85bmpN2oVc87uOKAm1JtL8NPgd532.png]
[s3.amazonaws.com/cdn.freshdesk.com/data/helpdesk/attachments/production/155045795881/original/eZph-PGnm0DnMXRoB5T84tMSftGMjySk4w7527.png]
[s3.amazonaws.com/cdn.freshdesk.com/data/helpdesk/attachments/production/155045795893/original/7WCwta81HO2fnXwatsJBiPqH2oAHc0U4zwe945.png]
[s3.amazonaws.com/cdn.freshdesk.com/data/helpdesk/attachments/production/155045795894/original/1yyFiQLpRfSYMGd7PGG6GixI-cb2a_j5Og91fd.png]
[s3.amazonaws.com/cdn.freshdesk.com/data/helpdesk/attachments/production/155045795898/original/6Iqb9vvDyvJnoPYVW2pYOhC1xE86NpiuMg4cdc.png]
[s3.amazonaws.com/cdn.freshdesk.com/data/helpdesk/attachments/production/155045795959/original/mfTW5RSVxEtGvMVwDdxcGNME40pvkimthw8471.png]
[help.leadconnectorhq.com/support/solutions/articles/155000005159-wordpress-hosting-step-by-step-migration-guide/hit.gif]
[help.leadconnectorhq.com/support/solutions/articles/155000005159-wordpress-hosting-step-by-step-migration-guide.html]
[help.leadconnectorhq.com/support/solutions/48000455862.html]
[help.leadconnectorhq.com/support/solutions/folders/48000688667.html]
[s3.amazonaws.com/cdn.freshdesk.com/data/helpdesk/attachments/production/48273571220/original/E1-3Y1Jf6IuMl-7JXLkAvy-H5T0pvl9J7g1597.png]
[s3.amazonaws.com/cdn.freshdesk.com/data/helpdesk/attachments/production/48273571312/original/mPQ5gbB3QnVgq18_UJ07xHsY4iqVbufboAb616.png]
[s3.amazonaws.com/cdn.freshdesk.com/data/helpdesk/attachments/production/48273571382/original/8sH1uXNoYMV2yqAAN898dnQQIZ3ApRHLyA5a17.png]
[s3.amazonaws.com/cdn.freshdesk.com/data/helpdesk/attachments/production/48271707249/original/KG8veGT7R7SMcMz1Efp7fWbQyN1xiVn3wQc247.png]
[s3.amazonaws.com/cdn.freshdesk.com/data/helpdesk/attachments/production/48271707245/original/aaxyEsY-Sr9jtrfOjneAVqTqvl3M2DrQ0Aae4b.png]
[s3.amazonaws.com/cdn.freshdesk.com/data/helpdesk/attachments/production/48271707252/original/xbfZrt9uUGchHGz84HOdFtpqfSk3ANfZgAc247.png]
[s3.amazonaws.com/cdn.freshdesk.com/data/helpdesk/attachments/production/48271707250/original/IZXpZ7QzPQQBvjC2K6q2-aaqS4wosi-_-gc247.png]
[help.leadconnectorhq.com/support/solutions/articles/48001228593-how-to-use-the-company-object-automation-/hit.gif]
[help.leadconnectorhq.com/support/solutions/articles/48001228593-how-to-use-the-company-object-automation-.html]
[help.leadconnectorhq.com/support/solutions/folders/48000691400.html]
[help.leadconnectorhq.com/support/solutions/articles/48001239141-how-to-set-up-the-default-missed-call-text-back-feature/hit.gif]
[help.leadconnectorhq.com/support/solutions/articles/48001239141-how-to-set-up-the-default-missed-call-text-back-feature.html]
[help.leadconnectorhq.com/support/solutions/48000456248.html]
[help.leadconnectorhq.com/support/solutions/folders/48000690799.html]
[s3.amazonaws.com/cdn.freshdesk.com/data/helpdesk/attachments/production/48290942176/original/gNfhyS5hJSk6-c-pTG_OapbvQutIn7cLGA5f9e.png]
[s3.amazonaws.com/cdn.freshdesk.com/data/helpdesk/attachments/production/48290942177/original/PciQXJ-M4TDrioRRmgYxBiYn4RjE8PtO2Q5f9e.png]
[s3.amazonaws.com/cdn.freshdesk.com/data/helpdesk/attachments/production/48290942174/original/tvurjdZCORKlRGFFgucD_VvpsA3UeRB9rw5f9e.png]
[s3.amazonaws.com/cdn.freshdesk.com/data/helpdesk/attachments/production/48290942175/original/tauJYfNADRGRCZ9HwPw3oSvDqhXbTIBbXQ5f9e.png]
[s3.amazonaws.com/cdn.freshdesk.com/data/helpdesk/attachments/production/48290942172/original/nDkPdxo1axAp6iMAS9iddghH7InwpPl9Owa1cc.png]
[s3.amazonaws.com/cdn.freshdesk.com/data/helpdesk/attachments/production/48290942169/original/NY0fdWk7R1kG3j2c65pDQBcFRM3sCothog8bb6.png]
[s3.amazonaws.com/cdn.freshdesk.com/data/helpdesk/attachments/production/48290942173/original/eI_gtrNaOWX1uaZ5qpyB7635VvQbsUjWSw5f9e.png]
[s3.amazonaws.com/cdn.freshdesk.com/data/helpdesk/attachments/production/48290942166/original/os-Smcjml_BrAJWzT4qw95ZJ1nsJHpV90g8bb6.png]
[s3.amazonaws.com/cdn.freshdesk.com/data/helpdesk/attachments/production/48290942171/original/OijsACD3u_CDUuGlMPqOJjgweru6WZn21ga1cc.png]
[help.leadconnectorhq.com/support/solutions/articles/48001236787-how-to-set-up-a-workflow-for-the-affiliate-manager-/hit.gif]
[help.leadconnectorhq.com/support/solutions/articles/48001236787-how-to-set-up-a-workflow-for-the-affiliate-manager-.html]
[help.leadconnectorhq.com/support/solutions/folders/155000000014.html]
[help.leadconnectorhq.com/support/solutions/articles/155000000193-how-to-set-up-the-client-portal-]
[help.leadconnectorhq.com/support/solutions/articles/155000000197-how-can-my-customers-use-the-client-portal-]
[s3.amazonaws.com/cdn.freshdesk.com/data/helpdesk/attachments/production/155001509952/original/9mvsff47wE8G4_jTDfTWJGoVFAV1vb111Q0ef8.png]
[s3.amazonaws.com/cdn.freshdesk.com/data/helpdesk/attachments/production/155001509909/original/Kj3YRkk6di_Vlj269FSG6bgrgG7EAQfRHwd17e.png]
[s3.amazonaws.com/cdn.freshdesk.com/data/helpdesk/attachments/production/155001390797/original/2O7lI9f5am2cyjBs3QVGHkO5SF9JhSKc-w4bb3.png]
[s3.amazonaws.com/cdn.freshdesk.com/data/helpdesk/attachments/production/155001391081/original/wxd8DKIUoD3f3fpPax6WAIG3s1pdDfe6FQ4c9d.png]
[s3.amazonaws.com/cdn.freshdesk.com/data/helpdesk/attachments/production/155001391751/original/MkKAWNzo0VqTR5EB-NP-n3IHALQGuqhG0Qfab6.png]
[s3.amazonaws.com/cdn.freshdesk.com/data/helpdesk/attachments/production/155001496570/original/WlgmnjJqJZberHpbrKF91v07i-lNwfdgqg2d48.png]
[s3.amazonaws.com/cdn.freshdesk.com/data/helpdesk/attachments/production/155001510019/original/ZwZkwxbVu6HCWFEvCQK3CmB6I-xw0CfX0wd5fe.png]
[help.leadconnectorhq.com/support/solutions/articles/155000000205-how-can-my-affiliate-see-their-stats-on-the-client-portal-/hit.gif]
[help.leadconnectorhq.com/support/solutions/articles/155000000205-how-can-my-affiliate-see-their-stats-on-the-client-portal-.html]
[s3.amazonaws.com/cdn.freshdesk.com/data/helpdesk/attachments/production/155003960288/original/dAUd48_R_beDT4CHyUClngbbuzHq0ZObYwfd8b.png]
[s3.amazonaws.com/cdn.freshdesk.com/data/helpdesk/attachments/production/155003960214/original/j3QBhk1Fog9Tpdgoz17EQixpuvINndH0xAd77e.png]
[s3.amazonaws.com/cdn.freshdesk.com/data/helpdesk/attachments/production/155003960453/original/P3KCWxerVMEc1CPy-UGd43CzgwzUXH2fyw19ba.png]
[s3.amazonaws.com/cdn.freshdesk.com/data/helpdesk/attachments/production/155003960542/original/CH9vYnonwIttU1XwnpkSQ78rXQtFb4w7Sg7b35.png]
[s3.amazonaws.com/cdn.freshdesk.com/data/helpdesk/attachments/production/155003960621/original/r1v-c9dtJvexzFKqd2-F4GIx4KARQfTvPgba77.png]
[s3.amazonaws.com/cdn.freshdesk.com/data/helpdesk/attachments/production/155003960738/original/8UjlD8-tFLfXIEsIFiLdLguwCfmB1R3Y6Qb928.png]
[s3.amazonaws.com/cdn.freshdesk.com/data/helpdesk/attachments/production/155003960815/original/A97kkjj9R_C6TZ-VsnAadodk-1gs_PD1yQfb70.png]
[help.leadconnectorhq.com/support/solutions/articles/155000000563-how-to-manually-attribute-sales-to-affiliates/hit.gif]
[help.leadconnectorhq.com/support/solutions/articles/155000000563-how-to-manually-attribute-sales-to-affiliates.html]
[help.leadconnectorhq.com/support/solutions/48000456390.html]
[help.leadconnectorhq.com/support/solutions/articles/155000003281-instagram-dm-workflow-action.html]
[help.leadconnectorhq.com/support/solutions/articles/155000006358-activity-cards-in-conversations.html]
[help.leadconnectorhq.com/support/solutions/articles/155000006633-guide-to-tiktok-messaging-comment-automation.html]
[help.leadconnectorhq.com/support/solutions/folders/48000691395.html]
[help.leadconnectorhq.com/support/solutions/articles/155000007163-preference-management-email-unsubscription-management-.html]
[help.leadconnectorhq.com/support/solutions/folders/155000000462.html]
[help.leadconnectorhq.com/support/solutions/articles/155000001721-setup-contact-engagement-score.html]
[s3.amazonaws.com/cdn.freshdesk.com/data/helpdesk/attachments/production/48252140099/original/ZFVOXmJkjeFg4vlOU2A2W0qudclJZGsG0Qcc81.gif]
[s3.amazonaws.com/cdn.freshdesk.com/data/helpdesk/attachments/production/48299575358/original/zoKVYLITFWkYro7ETUOb50p3cXlGoJ-OGA111f.gif]
[s3.amazonaws.com/cdn.freshdesk.com/data/helpdesk/attachments/production/48252137561/original/xr6GrnN_JuvC9gqJdg0-Gbqlfi_ZLOuKlQa189.gif]
[s3.amazonaws.com/cdn.freshdesk.com/data/helpdesk/attachments/production/48252138548/original/oa-EtJAzAhcAABHrfHcymxV7yq4XsNSRaA59f7.png]
[s3.amazonaws.com/cdn.freshdesk.com/data/helpdesk/attachments/production/48252134426/original/bqutf0YAwKHGdUS4uEsQXbPtm3hAp0EznQ3d0d.gif]
[help.leadconnectorhq.com/support/solutions/articles/48001239134-how-to-use-conversation-filters-bulk-actions-overview/hit.gif]
[help.leadconnectorhq.com/support/solutions/articles/48001239134-how-to-use-conversation-filters-bulk-actions-overview.html]
[s3.amazonaws.com/cdn.freshdesk.com/data/helpdesk/attachments/production/155003164570/original/il3Z5AqzqQL73D7WICFYaznY2f3TFD-WUQ9159.png]
[s3.amazonaws.com/cdn.freshdesk.com/data/helpdesk/attachments/production/155003164296/original/qYWVWaM9pHq3m9xh4yhZ54OMB3FW1P0fVg032c.png]
[s3.amazonaws.com/cdn.freshdesk.com/data/helpdesk/attachments/production/155003167979/original/dKepIyRSdkN_nrkwK1iK66ycKOlbEaq8TQfd59.gif]
[s3.amazonaws.com/cdn.freshdesk.com/data/helpdesk/attachments/production/155003168102/original/TcxDovrBn6I5ZxYM9rEvnAC51p49OiFMEw07fb.png]
[s3.amazonaws.com/cdn.freshdesk.com/data/helpdesk/attachments/production/155003168352/original/4Jpor8Jl26KBh9xA7d-k9dp8dyqf2aOggwdf5f.png]
[s3.amazonaws.com/cdn.freshdesk.com/data/helpdesk/attachments/production/155003168429/original/el191MGSCaOCMk0wRDkdbJwkFSZBvnHaFw5178.png]
[s3.amazonaws.com/cdn.freshdesk.com/data/helpdesk/attachments/production/155003168497/original/rQPbqsdio9yN2jhxJa7BsS1iV6qn4gMqkQ56dd.png]
[help.leadconnectorhq.com/support/solutions/articles/155000000445-how-to-cc-carbon-copy-and-bcc-blind-carbon-copy-for-email-composer/hit.gif]
[help.leadconnectorhq.com/support/solutions/articles/155000000445-how-to-cc-carbon-copy-and-bcc-blind-carbon-copy-for-email-composer.html]
[help.leadconnectorhq.com/support/solutions/articles/155000002740-conversations-faqs/hit.gif]
[help.leadconnectorhq.com/support/solutions/articles/155000002740-conversations-faqs.html]
[s3.amazonaws.com/cdn.freshdesk.com/data/helpdesk/attachments/production/155030049016/original/1ZSk4ELYuOe5RoJrZckFQ2fb0j7W29rpDw95eb.png]
[s3.amazonaws.com/cdn.freshdesk.com/data/helpdesk/attachments/production/155030049335/original/i150SOLnrV0vzOpcX5AFX8GDS4qb2g5aCQa177.png]
[s3.amazonaws.com/cdn.freshdesk.com/data/helpdesk/attachments/production/155030049744/original/wDhFwiA4PKkIt55s5hntwRsFrKy050Hdzw546d.png]
[s3.amazonaws.com/cdn.freshdesk.com/data/helpdesk/attachments/production/155030050022/original/bCkK1GTlWcW3c87myvaFIBEXFbgOvHwyDQfd01.png]
[s3.amazonaws.com/cdn.freshdesk.com/data/helpdesk/attachments/production/155030050317/original/aov6CsyaGDQwCtzXJuoISUVm-7pMvKx2eA2168.png]
[s3.amazonaws.com/cdn.freshdesk.com/data/helpdesk/attachments/production/155030050720/original/NjOWrt1ItkIe7diZyhF_CwcgPJ5bdT37RQ2cec.png]
[help.leadconnectorhq.com/support/solutions/articles/155000002932-workflow-action-log-external-call/hit.gif]
[help.leadconnectorhq.com/support/solutions/articles/155000002932-workflow-action-log-external-call.html]
[help.leadconnectorhq.com/support/solutions/folders/48000691396.html]
[help.leadconnectorhq.com/support/solutions/folders/48000691397.html]
[help.leadconnectorhq.com/support/solutions/folders/48000691398.html]
[help.leadconnectorhq.com/support/solutions/48000454677.html]
[help.leadconnectorhq.com/support/solutions/articles/155000000623-how-to-enable-lc-email-validation.html]
[help.leadconnectorhq.com/support/solutions/articles/155000001160-what-is-a-dedicated-ip-in-lc-email-.html]
[help.leadconnectorhq.com/support/solutions/articles/155000001162-reverse-dns-white-labeling-dedicated-ip.html]
[help.leadconnectorhq.com/support/solutions/articles/155000001635-achieving-compliance-meeting-google-and-yahoo-s-email-sender-requirements-in-2024.html]
[help.leadconnectorhq.com/support/solutions/articles/155000001671-email-authentication-dmarc.html]
[help.leadconnectorhq.com/support/solutions/folders/48000687936.html]
[help.leadconnectorhq.com/support/solutions/folders/48000687936/page/2.html]
[s3.amazonaws.com/cdn.freshdesk.com/data/helpdesk/attachments/production/48262590918/original/6-_k0W2j8SJLorj0ZVug-gygFcvVnttM4g76e8.gif]
[help.leadconnectorhq.com/support/solutions/articles/48001225442-what-is-leadconnector-email-/hit.gif]
[help.leadconnectorhq.com/support/solutions/articles/48001225442-what-is-leadconnector-email-.html]
[s3.amazonaws.com/cdn.freshdesk.com/data/helpdesk/attachments/production/48265938968/original/spw7PyvCIf6DlxRXiukwE1KRAbxsW5nK9wa053.png]
[s3.amazonaws.com/cdn.freshdesk.com/data/helpdesk/attachments/production/48266011842/original/2vSwdC8UDRIvgg8Nxg03cX3oivgmKwUnjgf650.png]
[s3.amazonaws.com/cdn.freshdesk.com/data/helpdesk/attachments/production/48266019581/original/ULirlt2iKm4tlyTAcqEPEbZngi4m5KFHHgb4dc.png]
[s3.amazonaws.com/cdn.freshdesk.com/data/helpdesk/attachments/production/155044534677/original/AhwYYnbjZAeBkUwuL5YfHhJDs1uh97xpsQa3f0.png]
[s3.amazonaws.com/cdn.freshdesk.com/data/helpdesk/attachments/production/155044883184/original/y_tZkZ81wptjB7EhY1Kc1SiyyeRQKv6wEQb510.png]
[s3.amazonaws.com/cdn.freshdesk.com/data/helpdesk/attachments/production/155044883139/original/2L9UE5joSnseGJ1dYnzonDBt82Pz3oZsqwa92d.png]
[s3.amazonaws.com/cdn.freshdesk.com/data/helpdesk/attachments/production/155021698396/original/XSYQYyqpEIm0mh30456h9k4v29Sno1nZvQ2982.png]
[s3.amazonaws.com/cdn.freshdesk.com/data/helpdesk/attachments/production/48266012249/original/qQB-C0oyNt3QXlikSuDZ3ZxqtHbcEOojDAee69.png]
[s3.amazonaws.com/cdn.freshdesk.com/data/helpdesk/attachments/production/48266012644/original/HId6bwZLXtHzQVMcReIBVLpozaZfBkBxeA389a.png]
[s3.amazonaws.com/cdn.freshdesk.com/data/helpdesk/attachments/production/48266013445/original/b7skmFdUBgDZk-CxtpZf9QmzCA6QjuWwygf2da.png]
[s3.amazonaws.com/cdn.freshdesk.com/data/helpdesk/attachments/production/48266012833/original/k-MlboH-Tv8bVGcsspHLBwjpB9fDq5K9xAb51c.png]
[help.leadconnectorhq.com/support/solutions/articles/155000001160.html]
[help.leadconnectorhq.com/support/solutions/articles/48001226590-how-to-set-up-a-dedicated-sending-domain-within-a-sub-account/hit.gif]
[help.leadconnectorhq.com/support/solutions/articles/48001226590-how-to-set-up-a-dedicated-sending-domain-within-a-sub-account.html]
[s3.amazonaws.com/cdn.freshdesk.com/data/helpdesk/attachments/production/48266907594/original/Z6XADnkJnHjs3RvDeTxPLW_KoDKYOCuvAg71b4.png]
[s3.amazonaws.com/cdn.freshdesk.com/data/helpdesk/attachments/production/48266907796/original/Hhz7s6BiwgXwslho8dETlocuU5wNPKD8lQ4920.png]
[s3.amazonaws.com/cdn.freshdesk.com/data/helpdesk/attachments/production/48266909698/original/vvCr9Rt_H03ul7u1FWANUPWN7a8IA8SzVw27da.png]
[s3.amazonaws.com/cdn.freshdesk.com/data/helpdesk/attachments/production/48266908036/original/OLubMDza33pTST_uBn2Cahlk5I08ilUKdwd16e.png]
[s3.amazonaws.com/cdn.freshdesk.com/data/helpdesk/attachments/production/48266908585/original/nkbNPlRo60mBXFSvdTW2fPrV_EbOzw6nTg1ca5.png]
[help.leadconnectorhq.com/support/solutions/articles/48001226926-how-to-set-up-unsubscribe-links/hit.gif]
[help.leadconnectorhq.com/support/solutions/articles/48001226926-how-to-set-up-unsubscribe-links.html]
[s3.amazonaws.com/cdn.freshdesk.com/data/helpdesk/attachments/production/48274395767/original/Rby05oCkzbYHyRC0wVO5O4aOWB8Qxw08AQ000e.png]
[s3.amazonaws.com/cdn.freshdesk.com/data/helpdesk/attachments/production/48274396289/original/mBVWnL8bflbaxM8Djfy_UHCxlhpa9aYGtQ056c.png]
[s3.amazonaws.com/cdn.freshdesk.com/data/helpdesk/attachments/production/48274396813/original/LD4N2tgQLSC-NRdaiZGUrm6eEE72i3r2YA040e.png]
[s3.amazonaws.com/cdn.freshdesk.com/data/helpdesk/attachments/production/48286150045/original/2395BAOyhwzzqcDX-7ZUQXdm9mKz6fHR7w9f32.png]
[s3.amazonaws.com/cdn.freshdesk.com/data/helpdesk/attachments/production/48286150199/original/kGgkCc6_lLVmhqnQD4rLEctTCF9xVtGiQQ2a4a.png]
[s3.amazonaws.com/cdn.freshdesk.com/data/helpdesk/attachments/production/48274401676/original/DNRjHYfFf17fEXfeXb-ypPjxirSlR7P5ZA517b.png]
[s3.amazonaws.com/cdn.freshdesk.com/data/helpdesk/attachments/production/48274407469/original/36-6kdo8xbItgNvL7sH3sbtwUlOAnuTfbQ4cca.png]
[s3.amazonaws.com/cdn.freshdesk.com/data/helpdesk/attachments/production/48274409947/original/nfYhNJX6kd_mnmRKWkhoz3S44-iW8-pTiA0ea6.png]
[s3.amazonaws.com/cdn.freshdesk.com/data/helpdesk/attachments/production/48274410786/original/O95R2YOy0ICNsr69vc64B2WeyxEaBLfNwQ45ef.png]
[s3.amazonaws.com/cdn.freshdesk.com/data/helpdesk/attachments/production/48274412128/original/RQB5_IDLbACkqcfgyi85FCRt-RV1OHXtoAa8bd.png]
[s3.amazonaws.com/cdn.freshdesk.com/data/helpdesk/attachments/production/48274411519/original/Qcf30hK4rYTieaYlqtiX7wPtH3YSk14exwbd6e.png]
[s3.amazonaws.com/cdn.freshdesk.com/data/helpdesk/attachments/production/48274411984/original/iRhDXxDWcE5l-Tq60A1ApVfKpQYbnuowfwdd20.png]
[s3.amazonaws.com/cdn.freshdesk.com/data/helpdesk/attachments/production/48274412595/original/K7lc8soEvt0eZrmsM_N1Bi4SkEDNDfhIsAba47.png]
[s3.amazonaws.com/cdn.freshdesk.com/data/helpdesk/attachments/production/48274412884/original/-1hFYB1PHiPT0S6vhujtn2BPxSBXrHPIAA980a.png]
[s3.amazonaws.com/cdn.freshdesk.com/data/helpdesk/attachments/production/155025702047/original/mAlG66wxqjm_EmDFM7t9xa0wdB01NOqudg9e12.png]
[help.leadconnectorhq.com/support/solutions/articles/48001229728-two-way-email-sync-for-outlook/hit.gif]
[help.leadconnectorhq.com/support/solutions/articles/48001229728-two-way-email-sync-for-outlook.html]
[s3.amazonaws.com/cdn.freshdesk.com/data/helpdesk/attachments/production/155004402168/original/n_G799yFb2FrHOvsMH_8KR5NYH-bUM0Gmwd768.png]
[help.leadconnectorhq.com/support/solutions/articles/155000000576-how-to-use-the-email-risk-assessment-tool/hit.gif]
[help.leadconnectorhq.com/support/solutions/articles/155000000576-how-to-use-the-email-risk-assessment-tool.html]
[help.leadconnectorhq.com/support/solutions/folders/155000001393.html]
[help.leadconnectorhq.com/support/solutions/articles/155000006794-email-authentication-errors-fix-spf-dkim-and-dmarc-issues.html]
[help.leadconnectorhq.com/support/solutions/articles/155000006948-blacklisted-domain-or-ip-remove-from-blocklists-and-restore-delivery.html]
[help.leadconnectorhq.com/support/solutions/folders/155000001395.html]
[help.leadconnectorhq.com/support/solutions/articles/155000006966-spam-filter-blocks-improve-content-and-sender-reputation.html]
[help.leadconnectorhq.com/support/solutions/articles/155000006945-low-domain-reputation-rebuild-trust-and-improve-deliverability.html]
[help.leadconnectorhq.com/support/solutions/articles/155000006946-low-ip-reputation-restore-sending-ip-credibility.html]
[help.leadconnectorhq.com/support/solutions/folders/155000001397.html]
[help.leadconnectorhq.com/support/solutions/articles/155000006951-rate-limited-emails-resolve-throttling-and-sending-limits.html]
[help.leadconnectorhq.com/support/solutions/articles/155000006947-mail-loop-detected-resolve-email-routing-conflicts.html]
[help.leadconnectorhq.com/support/solutions/folders/155000001412.html]
[help.leadconnectorhq.com/support/solutions/articles/155000006949-email-standards-compliance-resolving-rfc-5322-violations.html]
[help.leadconnectorhq.com/support/solutions/folders/155000001413.html]
[help.leadconnectorhq.com/support/solutions/articles/155000006950-resolving-multiple-email-delivery-issues-complete-recovery-guide.html]
[help.leadconnectorhq.com/support/solutions/folders/155000001414.html]
[help.leadconnectorhq.com/support/solutions/155000000003.html]
[help.leadconnectorhq.com/support/solutions/folders/155000000016.html]
[help.leadconnectorhq.com/support/solutions/folders/155000001135.html]
[help.leadconnectorhq.com/support/solutions/articles/155000006955-recipient-policy-block-bypass-server-restrictions.html]
[s3.amazonaws.com/cdn.freshdesk.com/data/helpdesk/attachments/production/155041886156/original/3l8-lM-iblc4GVHrRi-8IhRW2xCRmZ6Tsg309b.png]
[s3.amazonaws.com/cdn.freshdesk.com/data/helpdesk/attachments/production/155041886204/original/ZHNn6_Z56c2duoC4liKc--nFsOKTlXVijA1520.png]
[s3.amazonaws.com/cdn.freshdesk.com/data/helpdesk/attachments/production/155041885054/original/JkXb463bY70qAH4y6dK73xEgndgb3IcV7Q3494.png]
[s3.amazonaws.com/cdn.freshdesk.com/data/helpdesk/attachments/production/155041885125/original/xTvFuUFCNtTcKTjqrwDvy8iTG58BUcVCswc34a.png]
[s3.amazonaws.com/cdn.freshdesk.com/data/helpdesk/attachments/production/155041885222/original/V2Zd2QpS0cXgoTUimEXHQpGIOxhByiTylQb785.gif]
[s3.amazonaws.com/cdn.freshdesk.com/data/helpdesk/attachments/production/155041896996/original/kfpdFfMGGODU1vsv4UNRNq_0dj2zr96_oAdc8f.png]
[s3.amazonaws.com/cdn.freshdesk.com/data/helpdesk/attachments/production/155041897064/original/rBa3NLNS4UtjZo9eHwTsF0inZ7XPsQL3ZAc158.png]
[s3.amazonaws.com/cdn.freshdesk.com/data/helpdesk/attachments/production/155041897180/original/KBylowqsqanJ5tOJ9mrnYTRaETXcTTiN5Aefeb.png]
[s3.amazonaws.com/cdn.freshdesk.com/data/helpdesk/attachments/production/155041922612/original/nrk8CoJ8Af2WyYh5z1xykSf0RniuSzb3aAb2cd.png]
[s3.amazonaws.com/cdn.freshdesk.com/data/helpdesk/attachments/production/155041897491/original/PdWOOr3dq4GJ9RgkwKDn29zqmSzWmov0Wgac99.jpg]
[s3.amazonaws.com/cdn.freshdesk.com/data/helpdesk/attachments/production/155041897285/original/_yXbsBRV0ctdMgFl8AU1Tm9uE1TD-elZVA9148.png]
[s3.amazonaws.com/cdn.freshdesk.com/data/helpdesk/attachments/production/155041898099/original/FjpmKYteP-O6b7CMk55-SvJzrJf5wxJeMA99ef.png]
[s3.amazonaws.com/cdn.freshdesk.com/data/helpdesk/attachments/production/155041898572/original/PnYS-U2q4HxeusttUQ0ApMPUg59YrMJAZAe6db.png]
[s3.amazonaws.com/cdn.freshdesk.com/data/helpdesk/attachments/production/155041916436/original/9235Ht5a7ANf1861Qswh9SNGrDX-ZdP5UA26e4.png]
[s3.amazonaws.com/cdn.freshdesk.com/data/helpdesk/attachments/production/155042037157/original/Q59lkUxpC2KGbEbRlSXTgCQ0PQPXZ3jwBw4676.png]
[help.leadconnectorhq.com/support/solutions/articles/155000004950-interactive-voice-response-ivr-guide-triggers-actions/hit.gif]
[help.leadconnectorhq.com/support/solutions/articles/155000004950-interactive-voice-response-ivr-guide-triggers-actions.html]
[help.leadconnectorhq.com/support/solutions/155000000007.html]
[help.leadconnectorhq.com/support/solutions/folders/48000683911.html]
[s3.amazonaws.com/cdn.freshdesk.com/data/helpdesk/attachments/production/48188471292/original/GMC5baHrqCQj9pqR_TqqD34yp1WB-mKVCQ4bc8.jpg]
[s3.amazonaws.com/cdn.freshdesk.com/data/helpdesk/attachments/production/48188471320/original/lPVFsn8Nl2PkRQ8KV6Ombx0SOojGK1QjUQ31fe.jpg]
[s3.amazonaws.com/cdn.freshdesk.com/data/helpdesk/attachments/production/48188471406/original/cbZfodBRGhNiiVchaRteUZmqRNaxz5Pt7Q1ddc.jpg]
[s3.amazonaws.com/cdn.freshdesk.com/data/helpdesk/attachments/production/48188471370/original/tWFsddzjOdWeqlvQ4e-KDuGWmUvVaeQIcw2509.jpg]
[s3.amazonaws.com/cdn.freshdesk.com/data/helpdesk/attachments/production/48201204369/original/nIDSt9MYWOdAYk9e2uEJCQa92NB763Hqpw87dd.jpg]
[s3.amazonaws.com/cdn.freshdesk.com/data/helpdesk/attachments/production/48188471381/original/Wsrrj5bvG2Rl4f63SmSlYNH-yE4T7_1AzQ5ac5.jpg]
[s3.amazonaws.com/cdn.freshdesk.com/data/helpdesk/attachments/production/48188471323/original/YTNVI1Y1QdLojnbIwWVPiche0ZKg0z1BWA31fe.jpg]
[s3.amazonaws.com/cdn.freshdesk.com/data/helpdesk/attachments/production/48188471383/original/bOeOyX1k0nvskjbvO47uY6TZBmAwQszKRg8a55.jpg]
[s3.amazonaws.com/cdn.freshdesk.com/data/helpdesk/attachments/production/48188471391/original/cD38dP29VnBWpw_gf-vO-wHCI2qFnylOvgae24.jpg]
[s3.amazonaws.com/cdn.freshdesk.com/data/helpdesk/attachments/production/48188471409/original/pFP11wJjegZytAZXIlUvLkReL_r5fRQACA47b9.jpg]
[help.leadconnectorhq.com/support/solutions/articles/48001209042-how-to-use-memberships-themes/hit.gif]
[help.leadconnectorhq.com/support/solutions/articles/48001209042-how-to-use-memberships-themes.html]
[s3.amazonaws.com/cdn.freshdesk.com/data/helpdesk/attachments/production/155036347756/original/r2Awd-Fj-gJQUzaJolsec9Me6B2oMMsQ5w8698.png]
[help.leadconnectorhq.com/support/solutions/articles/155000004157-how-to-create-your-whitelabel-community-inside-a-subaccount/hit.gif]
[help.leadconnectorhq.com/support/solutions/articles/155000004157-how-to-create-your-whitelabel-community-inside-a-subaccount.html]
[s3.amazonaws.com/cdn.freshdesk.com/data/helpdesk/attachments/production/155052668362/original/br2Nv92dQDBJz43AfgHvOtYxlk95EJcwNA8be7.png]
[s3.amazonaws.com/cdn.freshdesk.com/data/helpdesk/attachments/production/155052668507/original/wuYZ1mfekMz3FVZn326JdDRRRjpnPtPYpw6020.png]
[s3.amazonaws.com/cdn.freshdesk.com/data/helpdesk/attachments/production/155052668865/original/yKGDGvLWNCZjz86aB00yxtYhKdvns4yZYgf007.png]
[s3.amazonaws.com/cdn.freshdesk.com/data/helpdesk/attachments/production/155052669090/original/x9L8RIf_u4zx2ml6_iHfFzgw6veaKEuyCQ5f24.png]
[s3.amazonaws.com/cdn.freshdesk.com/data/helpdesk/attachments/production/155052669207/original/HruAXfBBtUsdfrW10M-iia7yq9UBiIC6cw7b1e.png]
[s3.amazonaws.com/cdn.freshdesk.com/data/helpdesk/attachments/production/155052669484/original/ayY5-o3245fX0eEdBGev9aY_LTK-aiRHgQcb13.png]
[help.leadconnectorhq.com/support/solutions/articles/155000006217-getting-started-launch-a-course/hit.gif]
[help.leadconnectorhq.com/support/solutions/articles/155000006217-getting-started-launch-a-course.html]
[s3.amazonaws.com/cdn.freshdesk.com/data/helpdesk/attachments/production/155044175223/original/OFrDPO2uoIZ7HZ4q7AUeYvcOSkHje9xMrw8aff.png]
[s3.amazonaws.com/cdn.freshdesk.com/data/helpdesk/attachments/production/155044175300/original/RNC6wDcIIWamj1ZTroRlIQCqyFfNXrJElwfe08.png]
[s3.amazonaws.com/cdn.freshdesk.com/data/helpdesk/attachments/production/155044187405/original/KBNa6b3XissJF0OX0Ux99bkjN2MQ21Ao5Q945e.png]
[s3.amazonaws.com/cdn.freshdesk.com/data/helpdesk/attachments/production/155044187453/original/XsOCn6P1dyfXZOToSQabEO0DxT3pGmbLyg8706.png]
[s3.amazonaws.com/cdn.freshdesk.com/data/helpdesk/attachments/production/155044187583/original/jRHQQlDKIFD1BaeyjR1wuzeXXNftM9dwOgb618.png]
[s3.amazonaws.com/cdn.freshdesk.com/data/helpdesk/attachments/production/155044187811/original/M6s7VEc_jQH6lwVR9MQncc0XKhS_DJP1Qwa518.png]
[s3.amazonaws.com/cdn.freshdesk.com/data/helpdesk/attachments/production/155044187639/original/AEOr7JCiUvNtW6r0ajBtGnKrRQi7hyKcZg9c5b.png]
[s3.amazonaws.com/cdn.freshdesk.com/data/helpdesk/attachments/production/155044187725/original/M1V6nfNwHIN5YqKpqmASL0K0p_MuT8-3zA3829.png]
[help.leadconnectorhq.com/support/solutions/articles/155000006554-new-theme-customizer-for-courses/hit.gif]
[help.leadconnectorhq.com/support/solutions/articles/155000006554-new-theme-customizer-for-courses.html]
[s3.amazonaws.com/cdn.freshdesk.com/data/helpdesk/attachments/production/155055395802/original/vD9DCgTZaQDZNpa_iFvMFcikxVMzHC2DVwa462.png]
[s3.amazonaws.com/cdn.freshdesk.com/data/helpdesk/attachments/production/155055395785/original/HbutawjgLU0inQavztzee8ZyYxQdK94v3Aa462.png]
[s3.amazonaws.com/cdn.freshdesk.com/data/helpdesk/attachments/production/155055395788/original/J_uZsz-3QTsBZCBkExK7vnFnTc_gpzy5OAaf1c.jpg]
[s3.amazonaws.com/cdn.freshdesk.com/data/helpdesk/attachments/production/155055395779/original/DJq6NoDdZOnBPuEp7IRNGyOWYydoGs1lCgaf1c.png]
[s3.amazonaws.com/cdn.freshdesk.com/data/helpdesk/attachments/production/155055395803/original/cMZTh7Ax6TXbuGTWpoxvWF2ESl3nImmvnQa462.jpg]
[s3.amazonaws.com/cdn.freshdesk.com/data/helpdesk/attachments/production/155055395806/original/oZ8MWQ5N42yi3ChSuLY9NCS_vl4zOGB3cQ04cf.jpg]
[s3.amazonaws.com/cdn.freshdesk.com/data/helpdesk/attachments/production/155055395805/original/8fjLnmE2Sv44S_Y_dOOU0bNlEWpPFQLopAcd45.jpg]
[s3.amazonaws.com/cdn.freshdesk.com/data/helpdesk/attachments/production/155055395804/original/D090ZohwVmuw5HDxXEJkjBIKWsSt5WyyYw04cf.png]
[s3.amazonaws.com/cdn.freshdesk.com/data/helpdesk/attachments/production/155055395801/original/yGxs5fkX0iJpMnsTDbGmEWzODFZGmllXwQa462.png]
[s3.amazonaws.com/cdn.freshdesk.com/data/helpdesk/attachments/production/155055395781/original/9GxS0bZhxaovW-MRAE_krsTVGvH-fxKhhwa462.png]
[help.leadconnectorhq.com/support/solutions/articles/155000006555-magic-links-in-memberships-courses-/hit.gif]
[help.leadconnectorhq.com/support/solutions/articles/155000006555-magic-links-in-memberships-courses-.html]
[help.leadconnectorhq.com/support/solutions/folders/155000000026.html]
[s3.amazonaws.com/cdn.freshdesk.com/data/helpdesk/attachments/production/155002363127/original/dOy-y3abYlDBZtWHEAEJZogNcCH_-ScZsw13ab.png]
[s3.amazonaws.com/cdn.freshdesk.com/data/helpdesk/attachments/production/155002161517/original/zPreBNzfR9sslr_a4hFble0EBTzt8CQ-zA0d6a.gif]
[s3.amazonaws.com/cdn.freshdesk.com/data/helpdesk/attachments/production/155002162783/original/nTbGudlrXdaBvsegk0XMd9-lDuLtelaW6Q5088.png]
[s3.amazonaws.com/cdn.freshdesk.com/data/helpdesk/attachments/production/155002189444/original/Wf1RGa1tHWUcQcHzBwWxYfdr6uyPYOxn-w0de4.gif]
[s3.amazonaws.com/cdn.freshdesk.com/data/helpdesk/attachments/production/155002189887/original/fLFHQZ3k3mNYyK3sb63aTjAQb8VhwMfJkA3037.png]
[s3.amazonaws.com/cdn.freshdesk.com/data/helpdesk/attachments/production/155002190012/original/Z-WRBg_u0nSUjHVFm8uVhf2737s1uyBehgd1f0.png]
[s3.amazonaws.com/cdn.freshdesk.com/data/helpdesk/attachments/production/155002194834/original/xzYrZ1JNxVQhcM7BPJzf7FabA32Mr-MzZAebab.png]
[s3.amazonaws.com/cdn.freshdesk.com/data/helpdesk/attachments/production/155002190667/original/c70P1b7GyM0cNBQqa9rFFvAMsnkzr88Ryw6f99.png]
[s3.amazonaws.com/cdn.freshdesk.com/data/helpdesk/attachments/production/155001322192/original/Td94GZjenSgFsO6IoEZOtqujmsbtrR8kaQ91c2.png]
[s3.amazonaws.com/cdn.freshdesk.com/data/helpdesk/attachments/production/155001323808/original/waKWI4CeOu8GF9ko2JYH4yVoTGab3L396g7f4d.png]
[s3.amazonaws.com/cdn.freshdesk.com/data/helpdesk/attachments/production/155002194248/original/1b4YH1UUv--g7Fug1T-aYWO4HMOYtsK5bQ3cc4.png]
[s3.amazonaws.com/cdn.freshdesk.com/data/helpdesk/attachments/production/155002194359/original/U4mvBT_4NGPmvVWz7o4MuO9Ngqxz9gW3bQ37a3.png]
[s3.amazonaws.com/cdn.freshdesk.com/data/helpdesk/attachments/production/155002195145/original/Y9uvm-n26y9l2NKhtA2q4uGgH3ohuuZYpQ48fe.png]
[s3.amazonaws.com/cdn.freshdesk.com/data/helpdesk/attachments/production/155002195227/original/4rTJ_dLGZgwFRreMgET33R5T4pclnxWq6w1fc0.png]
[s3.amazonaws.com/cdn.freshdesk.com/data/helpdesk/attachments/production/155002195229/original/TPyS1NSYzPe1ObLU9U2qKwPoXpJLR-A36ga7d2.png]
[s3.amazonaws.com/cdn.freshdesk.com/data/helpdesk/attachments/production/155002195264/original/xf6bJKvUvy9DQbh64tgyrF-MK5AlFDhbDg9e29.png]
[s3.amazonaws.com/cdn.freshdesk.com/data/helpdesk/attachments/production/155002196007/original/f7XJ8frBpyiASNLYr5VaLn9P9EBq0TqMHwcdfd.png]
[s3.amazonaws.com/cdn.freshdesk.com/data/helpdesk/attachments/production/155002196087/original/v3JkUKhr4--n1uNSWVPzd1KxpRXg-98OiA2d44.png]
[s3.amazonaws.com/cdn.freshdesk.com/data/helpdesk/attachments/production/155002196401/original/-vyMQwC9owqRxIjN2xLXT12N2lUeU28H_A15a7.png]
[s3.amazonaws.com/cdn.freshdesk.com/data/helpdesk/attachments/production/155002196410/original/cj-cJv82IUZ0T0MWElObWf5f_ip0pdB4zg2933.png]
[s3.amazonaws.com/cdn.freshdesk.com/data/helpdesk/attachments/production/155002196430/original/hDvI654bGp3hy992sKX9E6hJVrybrTpQPA4be1.png]
[s3.amazonaws.com/cdn.freshdesk.com/data/helpdesk/attachments/production/155002196501/original/31Kk3H1dJflNxpY-k1scDlCX5DctDgJ4oge8de.png]
[s3.amazonaws.com/cdn.freshdesk.com/data/helpdesk/attachments/production/155005330533/original/NCzk4AIcj4jzbeD6DfCop4A2D08JgvZ15Qea41.png]
[s3.amazonaws.com/cdn.freshdesk.com/data/helpdesk/attachments/production/155005330832/original/Isfs6pZJPyV2gMAlzsYegXVnn5bpkO6-vg3fd5.png]
[help.leadconnectorhq.com/support/solutions/articles/155000000282-how-to-setup-customize-and-manage-your-communities/hit.gif]
[help.leadconnectorhq.com/support/solutions/articles/155000000282-how-to-setup-customize-and-manage-your-communities.html]
[s3.amazonaws.com/cdn.freshdesk.com/data/helpdesk/attachments/production/155002278944/original/3EVZ7iyNBftQ0nMm2kQ5AvlrK8U8lh9cJAe685.png]
[s3.amazonaws.com/cdn.freshdesk.com/data/helpdesk/attachments/production/155002278581/original/AKzICenTq8Y6-Xd7A9QRwGm8LgYaDw70Dgc407.png]
[s3.amazonaws.com/cdn.freshdesk.com/data/helpdesk/attachments/production/155002278941/original/gPBvhf_bT5ORuBAb6spCaXKjGEOVvSfapgdc13.png]
[s3.amazonaws.com/cdn.freshdesk.com/data/helpdesk/attachments/production/155005345350/original/YrYad4AvfawVzWqe4gvrIw49bgx2ruNQXg3079.gif]
[s3.amazonaws.com/cdn.freshdesk.com/data/helpdesk/attachments/production/155002279077/original/Tz-V6Ca7IHuQKarCH68guCFtL7Vay6EIuge2ae.png]
[help.leadconnectorhq.com/support/solutions/articles/155000000290-how-to-manage-members-inside-groups/hit.gif]
[help.leadconnectorhq.com/support/solutions/articles/155000000290-how-to-manage-members-inside-groups.html]
[s3.amazonaws.com/cdn.freshdesk.com/data/helpdesk/attachments/production/155002352409/original/UWWwsYj9SrmNGYSmdsCGVoZ7IMpC1qZq_Q07bf.gif]
[s3.amazonaws.com/cdn.freshdesk.com/data/helpdesk/attachments/production/155002351570/original/WV8WkntS36MV4ddNmeSNsMLlj8yEN0_Kpw61d0.png]
[s3.amazonaws.com/cdn.freshdesk.com/data/helpdesk/attachments/production/155002351620/original/Fqn_vld-eqFIAoGkJAmShIsYaVVgDSL7bg1fac.png]
[s3.amazonaws.com/cdn.freshdesk.com/data/helpdesk/attachments/production/155002352002/original/fAWxk78_QvcPWdrRRje12fgqPRcRBBkzCg4bdc.png]
[s3.amazonaws.com/cdn.freshdesk.com/data/helpdesk/attachments/production/155002354543/original/Nl1AOpy80BtP5PUIqV3bk1CblMVKYuocjQ2a52.gif]
[s3.amazonaws.com/cdn.freshdesk.com/data/helpdesk/attachments/production/155002356384/original/CNVS3wWHL5TEw-WpfOgGU27E39dJGLBHGw8903.png]
[s3.amazonaws.com/cdn.freshdesk.com/data/helpdesk/attachments/production/155002356417/original/xOt5LYZfpE2Anz6UtBTDUZwZ--lH0hfJvg05f9.png]
[s3.amazonaws.com/cdn.freshdesk.com/data/helpdesk/attachments/production/155002356438/original/K6hFUyx1UOoPbGeN6pO89dVwcG_GFQnhJg665a.png]
[s3.amazonaws.com/cdn.freshdesk.com/data/helpdesk/attachments/production/155002356484/original/H9DpnTbVpeAMFHdi6CBkB3MVtK5DkNmTgg41ec.png]
[s3.amazonaws.com/cdn.freshdesk.com/data/helpdesk/attachments/production/155002358590/original/2D04XP0IHu4yKiKO1IR6mx22YRczr1hR5g6e73.png]
[s3.amazonaws.com/cdn.freshdesk.com/data/helpdesk/attachments/production/155002356521/original/wkQyld-jzeLodyWIFTBIw6Y_Xx111QACtg1aa6.png]
[s3.amazonaws.com/cdn.freshdesk.com/data/helpdesk/attachments/production/155002356769/original/iXWzJ9fQNFS5TnG1Zz5Of9zZnH1QJt_ESw8d23.png]
[s3.amazonaws.com/cdn.freshdesk.com/data/helpdesk/attachments/production/155002356842/original/ZyF9YEGwqQ6sukwFzzG4PIAeZEEq8IDQQgfab4.png]
[s3.amazonaws.com/cdn.freshdesk.com/data/helpdesk/attachments/production/155002357175/original/jcImV1znaXXpjIhzATGcutscm2Mg1Hu5XAd7d3.png]
[s3.amazonaws.com/cdn.freshdesk.com/data/helpdesk/attachments/production/155002357242/original/l9y-1Gl5su2DCnGBvKkXgOOnPVaX8vbdBQ9a6b.png]
[s3.amazonaws.com/cdn.freshdesk.com/data/helpdesk/attachments/production/155002358278/original/nIAmlpk5ru4vleLA3AvzLDLIAarzyvQonwd422.gif]
[s3.amazonaws.com/cdn.freshdesk.com/data/helpdesk/attachments/production/155002359963/original/HXrsktJNlNKmkntdwt9Y2bsm8qVkDovcUA2e92.gif]
[s3.amazonaws.com/cdn.freshdesk.com/data/helpdesk/attachments/production/155002360131/original/W7srHM1cC8SXz8PjG1xhKYr_d9lfIDXVdw6ba9.png]
[help.leadconnectorhq.com/support/solutions/articles/155000000298-content-management-in-communities/hit.gif]
[help.leadconnectorhq.com/support/solutions/articles/155000000298-content-management-in-communities.html]
[s3.amazonaws.com/cdn.freshdesk.com/data/helpdesk/attachments/production/155025258246/original/c1w4cEUYQKoUPVZoKSj7uNDrMIag_8yX8gb5a1.png]
[s3.amazonaws.com/cdn.freshdesk.com/data/helpdesk/attachments/production/155025258249/original/MbMX7qwvpugGtzhL_qBgf3CB9O9RNy2AIwbea0.jpg]
[s3.amazonaws.com/cdn.freshdesk.com/data/helpdesk/attachments/production/155025258251/original/UOeKzleAn-GQCgbMapRzWWg1x7_ytlXcBQbea0.jpg]
[s3.amazonaws.com/cdn.freshdesk.com/data/helpdesk/attachments/production/155025258250/original/IUNuraWWo5pcl1JmGTAoBDBNb1Vy5cGsrwbea0.jpg]
[s3.amazonaws.com/cdn.freshdesk.com/data/helpdesk/attachments/production/155025258248/original/9IgkSLRO1aDlVMSc46HRf1JsmDb8LbzKBgbea0.jpg]
[s3.amazonaws.com/cdn.freshdesk.com/data/helpdesk/attachments/production/155025258247/original/PwnAq61KU4jVXLTYBObMRDriv5nyzq8hNQbea0.jpg]
[help.leadconnectorhq.com/support/solutions/articles/155000002345-kajabi-importer-easily-move-courses-to-the-platform/hit.gif]
[help.leadconnectorhq.com/support/solutions/articles/155000002345-kajabi-importer-easily-move-courses-to-the-platform.html]
[s3.amazonaws.com/cdn.freshdesk.com/data/helpdesk/attachments/production/155026469171/original/WAyFZAVDCRYjreQZ0dWZYMlq7yRoa6AauQ8b61.png]
[s3.amazonaws.com/cdn.freshdesk.com/data/helpdesk/attachments/production/155026474931/original/75Ho9llSeK8mGlNFEhZyG8DGufpU7u_M7gd76d.png]
[s3.amazonaws.com/cdn.freshdesk.com/data/helpdesk/attachments/production/155026469917/original/_pTV6STA6UfUzczwkAPNx_e5LWHYDrWm5we784.png]
[s3.amazonaws.com/cdn.freshdesk.com/data/helpdesk/attachments/production/155026474933/original/QWWuRoKkQSKuHrCt0JMYsJ5bjoILt25xdwd76d.png]
[s3.amazonaws.com/cdn.freshdesk.com/data/helpdesk/attachments/production/155026472230/original/qNn-OvbdLnAMTFzMIFryEgs1hu-TIVQWngd91e.png]
[s3.amazonaws.com/cdn.freshdesk.com/data/helpdesk/attachments/production/155026474936/original/spMBQMrp4IcUY2rl8ogY_5Ig9EFgJM9K9Qd76d.jpg]
[s3.amazonaws.com/cdn.freshdesk.com/data/helpdesk/attachments/production/155026474116/original/nENSnRWx_0cLUCOMit-kvKpIZVQNoakgQQede9.png]
[s3.amazonaws.com/cdn.freshdesk.com/data/helpdesk/attachments/production/155026474930/original/4DUnm4kFRZqYyFBKTLPxZjkqTLGEOt388wd76d.png]
[s3.amazonaws.com/cdn.freshdesk.com/data/helpdesk/attachments/production/155026474290/original/2tjFyU4M4S4G4WLz3FlNYA5UhPYMNEF7lA2801.png]
[s3.amazonaws.com/cdn.freshdesk.com/data/helpdesk/attachments/production/155026474932/original/Kafz-18EpY_SUfRB7oWTuOFy5yxV-oIMjAd76d.png]
[help.leadconnectorhq.com/support/solutions/articles/155000002488-gamification-points-badges-and-leaderboard/hit.gif]
[help.leadconnectorhq.com/support/solutions/articles/155000002488-gamification-points-badges-and-leaderboard.html]
[help.leadconnectorhq.com/support/solutions/155000000014.html]
[help.leadconnectorhq.com/support/solutions/articles/155000004413-merging-multiple-records.html]
[help.leadconnectorhq.com/support/solutions/folders/155000000051.html]
[help.leadconnectorhq.com/support/solutions/articles/155000004433-importing-contacts.html]
[s3.amazonaws.com/cdn.freshdesk.com/data/helpdesk/attachments/production/155003232363/original/kHPOhcwnlOTsyUK_7W7g7kdGghH3LZqJAQf5e5.png]
[s3.amazonaws.com/cdn.freshdesk.com/data/helpdesk/attachments/production/155003232367/original/EGv4edmfbT2jVyOKixJydtvLhcUsy6ysJA3f06.png]
[s3.amazonaws.com/cdn.freshdesk.com/data/helpdesk/attachments/production/155003232365/original/3TeiIna41bhoa29OLXuNu8YV9qpmMBm1wgf5e5.png]
[s3.amazonaws.com/cdn.freshdesk.com/data/helpdesk/attachments/production/155003232360/original/PyediLEfE82adPR6zpu-ylsHPYLChav3NA93b5.png]
[s3.amazonaws.com/cdn.freshdesk.com/data/helpdesk/attachments/production/155003232359/original/fqADA3Za3e_HyOnez-6ZNprXEz_mAQqFEg6428.png]
[s3.amazonaws.com/cdn.freshdesk.com/data/helpdesk/attachments/production/155003232362/original/r-oD7KVsmOcTOf_tyemsm4v6SCpaoHMATQf5e5.png]
[s3.amazonaws.com/cdn.freshdesk.com/data/helpdesk/attachments/production/155003232361/original/5FCJT1AUIDfSsiy_skBrq8wModNt_bQMZwf5e5.png]
[s3.amazonaws.com/cdn.freshdesk.com/data/helpdesk/attachments/production/155003232364/original/X1NnjksjW9Mwk1DGEM6Y1cAqdroATTUYegf5e5.png]
[s3.amazonaws.com/cdn.freshdesk.com/data/helpdesk/attachments/production/155003232366/original/aFQnhN06c3OLcNn82uZOtnyM7t5qr4CWpQ3f06.png]
[help.leadconnectorhq.com/support/solutions/articles/155000000449-how-to-input-multiple-phone-numbers-for-a-contact-/hit.gif]
[help.leadconnectorhq.com/support/solutions/articles/155000000449-how-to-input-multiple-phone-numbers-for-a-contact-.html]
[s3.amazonaws.com/cdn.freshdesk.com/data/helpdesk/attachments/production/155031834092/original/scyVr4PTKsxiSsgXegZWYBX3NdQwIj7C0g2140.png]
[s3.amazonaws.com/cdn.freshdesk.com/data/helpdesk/attachments/production/155031834096/original/gBQnEyla7kGNULhFoIFXyA9s7XhG_sjebQ2140.jpg]
[s3.amazonaws.com/cdn.freshdesk.com/data/helpdesk/attachments/production/155031834094/original/TxLpwBXCBXhUWeUHSm_jswONGbjGKr8LJQ2140.png]
[s3.amazonaws.com/cdn.freshdesk.com/data/helpdesk/attachments/production/155031834093/original/Stba_jmP426SCpccdfgGLndGkVLGDL5PPg2140.png]
[s3.amazonaws.com/cdn.freshdesk.com/data/helpdesk/attachments/production/155031834095/original/eOp6hJfARMGQEWdNonYvhaeKmQcJhDgV9Q2140.jpg]
[s3.amazonaws.com/cdn.freshdesk.com/data/helpdesk/attachments/production/155031834090/original/OSJUzMPPn_opSYSQuNfEG2-2Yaf70cR4HA2140.jpg]
[s3.amazonaws.com/cdn.freshdesk.com/data/helpdesk/attachments/production/155031834097/original/OucoYLFo0JztYb9Zy_y_HrxX7kXJJvvULA5a2d.jpg]
[help.leadconnectorhq.com/support/solutions/articles/155000003233-bulk-add-and-remove-tags-from-contacts/hit.gif]
[help.leadconnectorhq.com/support/solutions/articles/155000003233-bulk-add-and-remove-tags-from-contacts.html]
[s3.amazonaws.com/cdn.freshdesk.com/data/helpdesk/attachments/production/155034620571/original/aXNLc4EWmAnnshlnUftwp_26gQbLrt2vmw7674.jpg]
[s3.amazonaws.com/cdn.freshdesk.com/data/helpdesk/attachments/production/155034244715/original/F5j-cSikDfZtbl5xK3y-fYMPkyPg2C17xA56fd.png]
[s3.amazonaws.com/cdn.freshdesk.com/data/helpdesk/attachments/production/155034244822/original/2o4coThu5UzPYJ798fR97pxxEYJZLVt34Q751f.png]
[s3.amazonaws.com/cdn.freshdesk.com/data/helpdesk/attachments/production/155034244931/original/OOjoGGyYwhKrfeHKOMWCtpqbHPIjB_CMdQ9e24.png]
[s3.amazonaws.com/cdn.freshdesk.com/data/helpdesk/attachments/production/155034245007/original/wuLXSCIz_qiLRiHi4uK802K4YYfSO-pEUAecba.png]
[s3.amazonaws.com/cdn.freshdesk.com/data/helpdesk/attachments/production/155034245261/original/crEVyZlazCEKFvCQx_D6pl9wiua1OgZeYAc8df.jpg]
[s3.amazonaws.com/cdn.freshdesk.com/data/helpdesk/attachments/production/155034245560/original/vMAskb6Oq03vMKPFD476aFkJi8Czr3dWUw2349.jpg]
[s3.amazonaws.com/cdn.freshdesk.com/data/helpdesk/attachments/production/155034533907/original/mPCVkIsRGLR9KpYLfailitMyPaG41RUcmgc7d2.jpg]
[s3.amazonaws.com/cdn.freshdesk.com/data/helpdesk/attachments/production/155034533906/original/0gra7J-J1HyTPmerzV3eqtTTQ6QVPdLASQ28b9.png]
[s3.amazonaws.com/cdn.freshdesk.com/data/helpdesk/attachments/production/155034533997/original/c1_9oPAMn02B0rS4itVgumykC0W-V4MmbQ03a0.png]
[s3.amazonaws.com/cdn.freshdesk.com/data/helpdesk/attachments/production/155034620640/original/BXUnXs--b3w30otXst2Bdfku63GhwDBmOQe878.png]
[s3.amazonaws.com/cdn.freshdesk.com/data/helpdesk/attachments/production/155034534116/original/oXMWnRsuJ02qexPBBjtI9bgjjz-hrKfM0g3957.png]
[help.leadconnectorhq.com/support/solutions/articles/155000003713-configuring-searchable-fields-for-objects/hit.gif]
[help.leadconnectorhq.com/support/solutions/articles/155000003713-configuring-searchable-fields-for-objects.html]
[s3.amazonaws.com/cdn.freshdesk.com/data/helpdesk/attachments/production/155034983487/original/mrFhTvXDzXBoTbuukoK89ACy4RQPmU3ebQac56.jpg]
[s3.amazonaws.com/cdn.freshdesk.com/data/helpdesk/attachments/production/155034983490/original/g9mLTO5Z_JluZxxM6Xdpc92qaDn8cBxv0gfcff.jpg]
[s3.amazonaws.com/cdn.freshdesk.com/data/helpdesk/attachments/production/155034983500/original/ysqtJJt71J3SxnSZQEZfwYfem6l0B5X77wcc82.jpg]
[s3.amazonaws.com/cdn.freshdesk.com/data/helpdesk/attachments/production/155034983521/original/FYbitXHh9rZK13xLxiPCUe7yq-ALNnHREgcc82.jpg]
[s3.amazonaws.com/cdn.freshdesk.com/data/helpdesk/attachments/production/155034983516/original/V88KmKIIaPHJmcMx7b08gZIae380BIzcPQcc82.jpg]
[s3.amazonaws.com/cdn.freshdesk.com/data/helpdesk/attachments/production/155034983486/original/7LbPj2jZ4DxP7hE7b1w6GmpgwSK5AbR5Dgac56.jpg]
[s3.amazonaws.com/cdn.freshdesk.com/data/helpdesk/attachments/production/155034983488/original/vTC2yjmKvY0sQ4YQBFeYcrZHioSR3aaFeQfcff.jpg]
[help.leadconnectorhq.com/support/solutions/articles/155000003916-importing-contacts-and-opportunities-via-csv-coming-soon-/hit.gif]
[help.leadconnectorhq.com/support/solutions/articles/155000003916-importing-contacts-and-opportunities-via-csv-coming-soon-.html]
[s3.amazonaws.com/cdn.freshdesk.com/data/helpdesk/attachments/production/155034995727/original/EKs7g3Ivnst59SM8jkR3igktKLbrZLiOlw8d73.jpg]
[s3.amazonaws.com/cdn.freshdesk.com/data/helpdesk/attachments/production/155034995734/original/O92K9GRD58PVlgXPU_Zz40L4Y_vExpLJtw50ea.jpg]
[s3.amazonaws.com/cdn.freshdesk.com/data/helpdesk/attachments/production/155034995732/original/8qUqRZIFswXHFQD-UB3sF02y-2o7xOxKFg50ea.jpg]
[s3.amazonaws.com/cdn.freshdesk.com/data/helpdesk/attachments/production/155034995723/original/1Ps4Y1dpCfnV1aRutiDfBWisNn1CEVY4uQd5b7.jpg]
[s3.amazonaws.com/cdn.freshdesk.com/data/helpdesk/attachments/production/155034995733/original/l1KUPePnJhdOWbXJOPcP1hVOCqpc41qetg50ea.jpg]
[s3.amazonaws.com/cdn.freshdesk.com/data/helpdesk/attachments/production/155034995724/original/nS5dzo-GVSMBGgRcO5uqWVQuQabHja-oXQd5b7.jpg]
[s3.amazonaws.com/cdn.freshdesk.com/data/helpdesk/attachments/production/155034995725/original/ukOt8S5U4wxsH88MNPJMH8n26xssPW5AvA4e43.jpg]
[s3.amazonaws.com/cdn.freshdesk.com/data/helpdesk/attachments/production/155034995722/original/eAuWFvn_zM5uqHg2U9d3g3I9HEr4f4b8FQd5b7.png]
[s3.amazonaws.com/cdn.freshdesk.com/data/helpdesk/attachments/production/155034995728/original/-c1GRJ2gG2e5KrmS8h8VEOa2TL1HY29Y8g8d73.jpg]
[help.leadconnectorhq.com/support/solutions/articles/155000003919-associating-contacts-using-custom-labels-coming-soon-/hit.gif]
[help.leadconnectorhq.com/support/solutions/articles/155000003919-associating-contacts-using-custom-labels-coming-soon-.html]
[help.leadconnectorhq.com/support/solutions/folders/155000000052.html]
[help.leadconnectorhq.com/support/solutions/155000000060.html]
[help.leadconnectorhq.com/support/solutions/folders/155000000183.html]
[s3.amazonaws.com/cdn.freshdesk.com/data/helpdesk/attachments/production/155009863068/original/whRkcIk52YXl6DMPF1c60NUqKoHzzn228g6475.png]
[s3.amazonaws.com/cdn.freshdesk.com/data/helpdesk/attachments/production/155009860359/original/fswGv1l8UoXLl5t3Fn4RkHP3YIN4UnMs4Af041.png]
[s3.amazonaws.com/cdn.freshdesk.com/data/helpdesk/attachments/production/155009860611/original/mTUQW6qsSZYl8RAEbdjEAsro-n2CgRRQjga267.png]
[s3.amazonaws.com/cdn.freshdesk.com/data/helpdesk/attachments/production/155009861541/original/k328OzLBuWvNwd2sCYArIzqdJ2bytlY91g8d16.png]
[s3.amazonaws.com/cdn.freshdesk.com/data/helpdesk/attachments/production/155009861598/original/0j8EcBeTnbPz9aYxUrz6acv6P9RD2fFakw4a35.png]
[s3.amazonaws.com/cdn.freshdesk.com/data/helpdesk/attachments/production/155009861867/original/ayRLLi0kL2sCWhTWeI7ynPB0JnN6MhOZUg6fcd.png]
[s3.amazonaws.com/cdn.freshdesk.com/data/helpdesk/attachments/production/155010519287/original/FQ3STx8T5RP98XE_jfQti5y_-bJJYwuRKA4465.png]
[s3.amazonaws.com/cdn.freshdesk.com/data/helpdesk/attachments/production/155009862007/original/Zs36Lpr0hqAQsjD0qpoVL5SLPNzElsDsQwedb5.png]
[s3.amazonaws.com/cdn.freshdesk.com/data/helpdesk/attachments/production/155009862696/original/sIs6-8hPeMDH-_USecUkaYvvxXIS1BSMQg5b32.png]
[s3.amazonaws.com/cdn.freshdesk.com/data/helpdesk/attachments/production/155009862790/original/MAJo_2QInkWASoFGLt7Td8loUnXO1DZhvQ8810.png]
[help.leadconnectorhq.com/support/solutions/articles/155000001158-marketplace-apps-view-installation/hit.gif]
[help.leadconnectorhq.com/support/solutions/articles/155000001158-marketplace-apps-view-installation.html]
[s3.amazonaws.com/cdn.freshdesk.com/data/helpdesk/attachments/production/155035079076/original/jW1Kdjk0URd0St_Ft8U3ydTY4r0EK8fRwA012f.png]
[s3.amazonaws.com/cdn.freshdesk.com/data/helpdesk/attachments/production/155035079137/original/tZMsit332mZ5OmauOCI7hun5gNTZgcxNdQ9fa1.jpg]
[s3.amazonaws.com/cdn.freshdesk.com/data/helpdesk/attachments/production/155035079139/original/DTYmrhu8jqLQnR0hTB6vgnc6-VlBQhz42Q7ca9.jpg]
[help.leadconnectorhq.com/support/solutions/articles/155000003985-changing-your-app-pricing-plan-in-the-app-marketplace/hit.gif]
[help.leadconnectorhq.com/support/solutions/articles/155000003985-changing-your-app-pricing-plan-in-the-app-marketplace.html]
[s3.amazonaws.com/cdn.freshdesk.com/data/helpdesk/attachments/production/155045400048/original/NdEcEEe-rp_S-EwjakEzcAuEC6bvWMG_ow775f.png]
[s3.amazonaws.com/cdn.freshdesk.com/data/helpdesk/attachments/production/155045397924/original/-ReSHkU1udc9ULp9VhWijfeCsaGePJibhQ85d6.png]
[help.leadconnectorhq.com/support/solutions/articles/155000005112-usage-based-pricing-on-app-marketplace/hit.gif]
[help.leadconnectorhq.com/support/solutions/articles/155000005112-usage-based-pricing-on-app-marketplace.html]
[help.leadconnectorhq.com/support/solutions/155000000109.html]
[help.leadconnectorhq.com/support/solutions/articles/155000005317-domain-transfer-in-finalize-transfer.html]
[help.leadconnectorhq.com/support/solutions/articles/155000005318-how-to-upload-a-dns-zone-file-during-domain-transfer.html]
[help.leadconnectorhq.com/support/solutions/articles/155000005326-domain-transfer-in-approve-transfer.html]
[help.leadconnectorhq.com/support/solutions/articles/155000005357-domains-complete-overview-and-centralized-management-.html]
[help.leadconnectorhq.com/support/solutions/folders/155000001199.html]
[help.leadconnectorhq.com/support/solutions/articles/155000006915-domain-transfer-in-overview.html]
[s3.amazonaws.com/cdn.freshdesk.com/data/helpdesk/attachments/production/155046014673/original/imnqVROmRrW3Lv_8x0mzLNYyma-nM3Cz1A54ad.png]
[s3.amazonaws.com/cdn.freshdesk.com/data/helpdesk/attachments/production/155046014675/original/i-mlbwpnMnRxn40LyYWDlCYJL7R2q8xfFg54ad.png]
[s3.amazonaws.com/cdn.freshdesk.com/data/helpdesk/attachments/production/155046014681/original/2MNAtKUsDLUOI2MAdDu4a7YsUg1ZAroGrQd441.jpg]
[s3.amazonaws.com/cdn.freshdesk.com/data/helpdesk/attachments/production/155046014683/original/8KM5JwRDxmO3DOwz8w42MGSCzvnfXVxumQd441.jpg]
[s3.amazonaws.com/cdn.freshdesk.com/data/helpdesk/attachments/production/155046014679/original/J9xkpfcQdpZR0zUIA67hfb6HdJ5FPJXEfgd441.jpg]
[s3.amazonaws.com/cdn.freshdesk.com/data/helpdesk/attachments/production/155046014682/original/LgJ67EMpsRdwg4nWfgUTXVrZIoqMS9OXkgd441.jpg]
[s3.amazonaws.com/cdn.freshdesk.com/data/helpdesk/attachments/production/155046014680/original/jCFrZOSHaGrhIUPUscYRJo8fvbOB8AP_sAd441.jpg]
[s3.amazonaws.com/cdn.freshdesk.com/data/helpdesk/attachments/production/155046014674/original/jY9PPmE5Kti3UkFd87sFH46emvGJzqLtTg54ad.jpg]
[s3.amazonaws.com/cdn.freshdesk.com/data/helpdesk/attachments/production/155046176463/original/eg_qe7JZrPhL5QRw2qRWnieAISySpi-SjQ56cd.png]
[s3.amazonaws.com/cdn.freshdesk.com/data/helpdesk/attachments/production/155046110498/original/9w5CUTY7e1aRJH_nN1Axvi7o1npiKF7oKwf12a.png]
[s3.amazonaws.com/cdn.freshdesk.com/data/helpdesk/attachments/production/155046110500/original/5WtpI9h_w9sTo3givdSn58Kw028kOw7dxgf12a.jpg]
[help.leadconnectorhq.com/support/solutions/articles/155000005177-domain-transfer-out-to-cloudflare/hit.gif]
[help.leadconnectorhq.com/support/solutions/articles/155000005177-domain-transfer-out-to-cloudflare.html]
[s3.amazonaws.com/cdn.freshdesk.com/data/helpdesk/attachments/production/155046655018/original/Z3qXa2R-Nk3ULwcMHRurCOPIoxel1AUtngb60d.jpg]
[s3.amazonaws.com/cdn.freshdesk.com/data/helpdesk/attachments/production/155046655020/original/QTIlR-F5qNFttAnb1dVYSTHN32AK-iKEFwb60d.jpg]
[s3.amazonaws.com/cdn.freshdesk.com/data/helpdesk/attachments/production/155046655019/original/Z7h44VmS7sQ1tb6p5RmqJNNpEs-kU3GKUgb60d.png]
[s3.amazonaws.com/cdn.freshdesk.com/data/helpdesk/attachments/production/155046655022/original/bXlA6Canqq8-HPQpq5XnhFoWyD5El-Q2awe59b.png]
[s3.amazonaws.com/cdn.freshdesk.com/data/helpdesk/attachments/production/155046655026/original/cHQgguyBQaaSSir3GPui2P0Xa8T1OjY-EQe59b.png]
[s3.amazonaws.com/cdn.freshdesk.com/data/helpdesk/attachments/production/155046655030/original/zXuryY68zjRfdnIm3GCT4pvI9S7tTIFeIAe59b.png]
[s3.amazonaws.com/cdn.freshdesk.com/data/helpdesk/attachments/production/155046655024/original/lOsk8ZcAx7Ax992nD1ohbhpVnuaPye3THge59b.png]
[s3.amazonaws.com/cdn.freshdesk.com/data/helpdesk/attachments/production/155047257422/original/VflEoYd9Gr0XSOpC5yhiOuoBw6KqXnwGZAbb9b.png]
[help.leadconnectorhq.com/support/solutions/articles/155000005273-connecting-your-domain-a-guide/hit.gif]
[help.leadconnectorhq.com/support/solutions/articles/155000005273-connecting-your-domain-a-guide.html]
[s3.amazonaws.com/cdn.freshdesk.com/data/helpdesk/attachments/production/155045733019/original/DIvH4iHNY9DqPOPkav9Mc_1s6mjbbl8msw45d9.png]
[s3.amazonaws.com/cdn.freshdesk.com/data/helpdesk/attachments/production/155045733029/original/-RNzp0jA3JWzd4QZVqOi5rai-iejIYL9Zw0c1c.png]
[s3.amazonaws.com/cdn.freshdesk.com/data/helpdesk/attachments/production/155045733052/original/RtgRUz9io4MZ7vJqjTtFBqQB-nIQxnVIIQ7a18.png]
[s3.amazonaws.com/cdn.freshdesk.com/data/helpdesk/attachments/production/155045733059/original/F56NxP7-Oqt6VC1T0xNvVEB7O70WboJcUAf289.png]
[s3.amazonaws.com/cdn.freshdesk.com/data/helpdesk/attachments/production/155046744361/original/qCyHgP6j6vMpWj-CPVI18stp1mKpr1fyPA19dd.png]
[help.leadconnectorhq.com/support/solutions/articles/155000004862-troubleshooting-guide-connecting-your-domain/hit.gif]
[help.leadconnectorhq.com/support/solutions/articles/155000004862-troubleshooting-guide-connecting-your-domain.html]
[s3.amazonaws.com/cdn.freshdesk.com/data/helpdesk/attachments/production/155047274770/original/veefoERVve7yU_lCK-xmOg2v_k25-M-Okw7a5d.png]
[s3.amazonaws.com/cdn.freshdesk.com/data/helpdesk/attachments/production/155047274769/original/Akh2GFhiv2nOShgqGV5GLECG5ym1wrJyyA4edf.png]
[help.leadconnectorhq.com/support/solutions/articles/155000005315-domain-transfer-in-and-eligibility-check/hit.gif]
[help.leadconnectorhq.com/support/solutions/articles/155000005315-domain-transfer-in-and-eligibility-check.html]
[s3.amazonaws.com/cdn.freshdesk.com/data/helpdesk/attachments/production/155047256366/original/dn8FSXT4YEd5fapJn6tMfXtdno4gIpCQ5g6f51.png]
[s3.amazonaws.com/cdn.freshdesk.com/data/helpdesk/attachments/production/155047294027/original/a_Aa2nz80cD6o0L2p6AXMe_-9Kq9Io1VTQd36d.png]
[s3.amazonaws.com/cdn.freshdesk.com/data/helpdesk/attachments/production/155047294066/original/1Uz8wzjSfUSZwRlP2-R73_9rcUaCoQtXoA2205.png]
[help.leadconnectorhq.com/support/solutions/articles/155000005316-domain-transfer-in-review-dns-records/hit.gif]
[help.leadconnectorhq.com/support/solutions/articles/155000005316-domain-transfer-in-review-dns-records.html]
[help.leadconnectorhq.com/support/solutions/155000000125.html]
[help.leadconnectorhq.com/support/solutions/folders/155000000612.html]
[s3.amazonaws.com/cdn.freshdesk.com/data/helpdesk/attachments/production/155027213179/original/dAwVOrWuYOHy1JxSm_Mf4XD63jOAqt5u5w1509.png]
[s3.amazonaws.com/cdn.freshdesk.com/data/helpdesk/attachments/production/155038320957/original/ZLg_6B0IqDQG685cTTEw7UvGngh28mkZvAb47c.png]
[s3.amazonaws.com/cdn.freshdesk.com/data/helpdesk/attachments/production/155027213300/original/JMidq5l4Bu1h-KT2buT98Qmjdahw0Pu64A6648.png]
[s3.amazonaws.com/cdn.freshdesk.com/data/helpdesk/attachments/production/155027212140/original/ob2jWRkSHijDRhe5E6DjanFjjTfnFGOIBw7728.png]
[s3.amazonaws.com/cdn.freshdesk.com/data/helpdesk/attachments/production/155027212139/original/D-7XytmbLVjmsJ_6WtBBcetXQLtRD6qqVg7728.png]
[s3.amazonaws.com/cdn.freshdesk.com/data/helpdesk/attachments/production/155027213416/original/xZ2SjzDzwf6cqEvpdDXVlPHwSwmVBAQx-w11c2.png]
[s3.amazonaws.com/cdn.freshdesk.com/data/helpdesk/attachments/production/155027213458/original/HJbs1SEbAh47RepDkDvREkiTinbyJamuJQ8c2c.png]
[s3.amazonaws.com/cdn.freshdesk.com/data/helpdesk/attachments/production/155027213463/original/UssiZNoQL0VUPhNzXaYuSSRm4Fmo0-RUaQ9a3a.png]
[help.leadconnectorhq.com/support/solutions/articles/155000002608-how-to-setup-branded-client-portal-mobile-app/hit.gif]
[help.leadconnectorhq.com/support/solutions/articles/155000002608-how-to-setup-branded-client-portal-mobile-app.html]
[help.leadconnectorhq.com/support/solutions/articles/155000006077-why-add-our-team-as-an-admin-to-your-developer-accounts-/hit.gif]
[help.leadconnectorhq.com/support/solutions/articles/155000006077-why-add-our-team-as-an-admin-to-your-developer-accounts-.html]
[help.leadconnectorhq.com/support/solutions/155000000025.html]
[help.leadconnectorhq.com/support/solutions/folders/155000000085.html]
[s3.amazonaws.com/cdn.freshdesk.com/data/helpdesk/attachments/production/155052931734/original/p-URl4Gt2dE6u871WwsQF2Utosmx-z9WZg9e0b.png]
[help.leadconnectorhq.com/support/solutions/articles/48001078171-list-of-merge-fields/hit.gif]
[help.leadconnectorhq.com/support/solutions/articles/48001078171-list-of-merge-fields.html]
[s3.amazonaws.com/cdn.freshdesk.com/data/helpdesk/attachments/production/155038179987/original/CIMPjRzS7O5MF0Jw2hVtWWl5yxJQWTGeuwbfb0.gif]
[s3.amazonaws.com/cdn.freshdesk.com/data/helpdesk/attachments/production/155050627933/original/0hvzLjck-ePx1lATFQVAewPGB8OeM9WjSgd78c.png]
[s3.amazonaws.com/cdn.freshdesk.com/data/helpdesk/attachments/production/155038180066/original/1U_pnxGaeBpxPQ0iwghG44A_fA39DpxSSQ4a18.gif]
[s3.amazonaws.com/cdn.freshdesk.com/data/helpdesk/attachments/production/155038181649/original/XY9sK9lfsJXm_0wAF65f326NHZC_bGbHMA350e.png]
[s3.amazonaws.com/cdn.freshdesk.com/data/helpdesk/attachments/production/155038181655/original/AC2Btejbek4Zd1s_Iqp37FuV_y40rrl7LQdc76.png]
[s3.amazonaws.com/cdn.freshdesk.com/data/helpdesk/attachments/production/155038181657/original/UoIjYlXVO56LaHBIYRYtRgKO3G24PZeSZQ3f7c.png]
[s3.amazonaws.com/cdn.freshdesk.com/data/helpdesk/attachments/production/155038181670/original/M50eooA0oko4LMEr-qqR7pzSpqvBF_O77w28d2.png]
[s3.amazonaws.com/cdn.freshdesk.com/data/helpdesk/attachments/production/155038181674/original/V8ElOxH9SxlSZw9Q-Vt3ku-rYlqjhRsmVA9988.png]
[help.leadconnectorhq.com/support/solutions/articles/155000004390-overview-of-merge-fields-custom-variables/hit.gif]
[help.leadconnectorhq.com/support/solutions/articles/155000004390-overview-of-merge-fields-custom-variables.html]
[help.leadconnectorhq.com/support/solutions/155000000134.html]
[help.leadconnectorhq.com/support/solutions/folders/155000000652.html]
[s3.amazonaws.com/cdn.freshdesk.com/data/helpdesk/attachments/production/155059645779/original/olDzRwb1XQbVOrdYRoiGmDtK-CujmpCrvA42b1.png]
[s3.amazonaws.com/cdn.freshdesk.com/data/helpdesk/attachments/production/155059645870/original/bjfS3r4HxJOXcOmak62d91XPwVldLbkAzA9804.png]
[s3.amazonaws.com/cdn.freshdesk.com/data/helpdesk/attachments/production/155059645181/original/vzlEvcZCWs8Fa3R8J3NOByVone5es_C5OQ3a9d.png]
[s3.amazonaws.com/cdn.freshdesk.com/data/helpdesk/attachments/production/155059645060/original/GCZlsIjRNb4DwCdsAuSOYh8BWDyYLusSvw20ac.png]
[s3.amazonaws.com/cdn.freshdesk.com/data/helpdesk/attachments/production/155059644977/original/g0vWHxvqRcgzSGt8xQdnu2fcEp7Y6kW-oQ1346.png]
[s3.amazonaws.com/cdn.freshdesk.com/data/helpdesk/attachments/production/155059644803/original/IMH_WR-Jes6GRMNui3QoepuLpy9-37mb5w44ea.png]
[help.leadconnectorhq.com/support/solutions/articles/155000007073-understanding-hipaa-compliance/hit.gif]
[help.leadconnectorhq.com/support/solutions/articles/155000007073-understanding-hipaa-compliance.html]
[help.leadconnectorhq.com/support/solutions/155000000160.html]
[help.leadconnectorhq.com/support/solutions/articles/155000004534-shipping-and-delivery-rates-for-ecommerce-stores.html]
[help.leadconnectorhq.com/support/solutions/articles/155000004535-how-to-set-up-an-e-commerce-online-store.html]
[help.leadconnectorhq.com/support/solutions/articles/155000004536-creating-and-publishing-products-in-a-location.html]
[help.leadconnectorhq.com/support/solutions/articles/155000005546-how-to-place-a-test-order-in-your-ecommerce-store-.html]
[help.leadconnectorhq.com/support/solutions/articles/155000005635-shipstation-setup-checklist.html]
[help.leadconnectorhq.com/support/solutions/folders/155000000784.html]
[help.leadconnectorhq.com/support/solutions/folders/155000000784/page/2.html]
[s3.amazonaws.com/cdn.freshdesk.com/data/helpdesk/attachments/production/155031484932/original/rhPvZlOA4-QgPBcvx1TEED5zAjXJq6wTCQ6b6c.jpg]
[s3.amazonaws.com/cdn.freshdesk.com/data/helpdesk/attachments/production/155031484930/original/Cq_b0SJPBbnI8p3No0vscNav74TAIR7F5w6b6c.jpg]
[s3.amazonaws.com/cdn.freshdesk.com/data/helpdesk/attachments/production/155031484928/original/Imd5I3ojmxNLCs2sovh8bCtlCof3w2JKdQ15b5.jpg]
[s3.amazonaws.com/cdn.freshdesk.com/data/helpdesk/attachments/production/155031484929/original/SAI4FwF5hN0mnjHUFP61W-qpK2B9rJQCCw15b5.jpg]
[s3.amazonaws.com/cdn.freshdesk.com/data/helpdesk/attachments/production/155031484942/original/G8XEjXrMjppeUZgquQEDiYCFFULLkNbicQ1cd1.jpg]
[s3.amazonaws.com/cdn.freshdesk.com/data/helpdesk/attachments/production/155031484935/original/hujHmE5_k9_qLwew26fo5Q1O4s1Mty-p0g6b6c.jpg]
[s3.amazonaws.com/cdn.freshdesk.com/data/helpdesk/attachments/production/155031484946/original/mEIlQFJzslFWGyj9W30zORtsNjJyyZZxyw1cd1.jpg]
[s3.amazonaws.com/cdn.freshdesk.com/data/helpdesk/attachments/production/155031484945/original/WEATtb6w-tgtNpTwirQO425kD7orLhfgsQ1cd1.jpg]
[s3.amazonaws.com/cdn.freshdesk.com/data/helpdesk/attachments/production/155031484950/original/ptqEV1YJfRAge8DK802-Hcg-Q_c7Kh8rnA1cd1.jpg]
[s3.amazonaws.com/cdn.freshdesk.com/data/helpdesk/attachments/production/155031484943/original/GIrcp5ZVkacT9blbI3Srvq6JFRrhkYLueA1cd1.jpg]
[s3.amazonaws.com/cdn.freshdesk.com/data/helpdesk/attachments/production/155031484949/original/stEqJql6pd-TRHUAb4RpPdHMpf7EE-xsIQ646a.jpg]
[s3.amazonaws.com/cdn.freshdesk.com/data/helpdesk/attachments/production/155035682182/original/PNu4Hk0mHsWYspzpBgBRIrNHhp0YCsX1LA0180.png]
[s3.amazonaws.com/cdn.freshdesk.com/data/helpdesk/attachments/production/155035682652/original/Hl0ZFzPHqpTgkZ1BezDiAyT0CyvD5MLsWAa59f.jpg]
[s3.amazonaws.com/cdn.freshdesk.com/data/helpdesk/attachments/production/155035682340/original/bXrbZF_9z7qqW_dBacCBV8nX7iGRa6PrAQ8c38.png]
[s3.amazonaws.com/cdn.freshdesk.com/data/helpdesk/attachments/production/155035682707/original/dl8Cnz3ntMASfLMVRxHPbR2nzjAm4T_W0Q1a93.png]
[s3.amazonaws.com/cdn.freshdesk.com/data/helpdesk/attachments/production/155031484941/original/GkSk79hiTOVSpP6TuB4E0U2jmb1X-34tXw1cd1.jpg]
[s3.amazonaws.com/cdn.freshdesk.com/data/helpdesk/attachments/production/155031484948/original/bi_bHr9Q_tmdk-Db4JFHvzmWfm03UOtbOQ646a.jpg]
[s3.amazonaws.com/cdn.freshdesk.com/data/helpdesk/attachments/production/155031484944/original/PPyyDxgklvVaL28g-LMgSpbtPsizJ5oXoA1cd1.jpg]
[s3.amazonaws.com/cdn.freshdesk.com/data/helpdesk/attachments/production/155035683099/original/R4fdoYyCrqypqE2Pg7kCbwDo8Im6hJkueA5ae2.png]
[s3.amazonaws.com/cdn.freshdesk.com/data/helpdesk/attachments/production/155035683258/original/I7YOfyOJx3gPAV3kq6sqnQ_6YshtNnXr-Abdca.png]
[s3.amazonaws.com/cdn.freshdesk.com/data/helpdesk/attachments/production/155035683365/original/HZ8DP5UNHnjVbbQc68Qkrdebg0BpPnXMLAb09b.png]
[help.leadconnectorhq.com/support/solutions/articles/155000003162-how-to-use-shippo-integration-for-automatic-fulfilments-live-rates-/hit.gif]
[help.leadconnectorhq.com/support/solutions/articles/155000003162-how-to-use-shippo-integration-for-automatic-fulfilments-live-rates-.html]
[s3.amazonaws.com/cdn.freshdesk.com/data/helpdesk/attachments/production/155035274558/original/ZSJJrCQiG1mxMWdAognKbVtt7sLmlZO5Rg160c.png]
[s3.amazonaws.com/cdn.freshdesk.com/data/helpdesk/attachments/production/155035274557/original/WIhYzLcoelf6zT6fSg3xpF2MbizCAgcIdg160c.png]
[s3.amazonaws.com/cdn.freshdesk.com/data/helpdesk/attachments/production/155035274554/original/c1efIzaYNwK6AMhTsaqHHPcWiflc3hwaXw160c.png]
[s3.amazonaws.com/cdn.freshdesk.com/data/helpdesk/attachments/production/155035274555/original/c3C51155RfXJBhQ91P_M-mUb_IaR1UG_6Q160c.png]
[s3.amazonaws.com/cdn.freshdesk.com/data/helpdesk/attachments/production/155035274560/original/kWDttIMq7bGHQ6X8hRxK6-YZRrOS2qhqsg08a8.png]
[s3.amazonaws.com/cdn.freshdesk.com/data/helpdesk/attachments/production/155035274561/original/SnexU3bF6wv-D0lEC6Iv8cXaqQX-SA6lXA08a8.png]
[s3.amazonaws.com/cdn.freshdesk.com/data/helpdesk/attachments/production/155035274559/original/Em7J9mPM5C9u_MSWaVd7Q1t7gdPU_jgsrg3916.png]
[s3.amazonaws.com/cdn.freshdesk.com/data/helpdesk/attachments/production/155035274568/original/MBWg0uA8kYUDN-1WQnXphdBk0j_OohW3Bw372d.jpg]
[s3.amazonaws.com/cdn.freshdesk.com/data/helpdesk/attachments/production/155035278217/original/zbwoZ95ElWEao2flGsTzj1raSsFps7JUVQf3f5.png]
[s3.amazonaws.com/cdn.freshdesk.com/data/helpdesk/attachments/production/155035274552/original/P7Z8MGEHQOVtd8Eij3a-MM0bdhBlGpW90g160c.png]
[s3.amazonaws.com/cdn.freshdesk.com/data/helpdesk/attachments/production/155035274571/original/Nqj0fAX2cPnqXad89vM16z7gPjzmXowFfA372d.png]
[s3.amazonaws.com/cdn.freshdesk.com/data/helpdesk/attachments/production/155035278346/original/mR5D0owQUbz3NuMj87W8ZaKuxGFQscb_YAc272.png]
[s3.amazonaws.com/cdn.freshdesk.com/data/helpdesk/attachments/production/155035279308/original/pySvS_dv6-v1XgVd9IuTVwvZ8Eg3iSvw5Q05f8.png]
[s3.amazonaws.com/cdn.freshdesk.com/data/helpdesk/attachments/production/155035279765/original/Jez2k-yblgx-Dfk1R5tXQVEeYTTMvAQ1WQb2a7.png]
[s3.amazonaws.com/cdn.freshdesk.com/data/helpdesk/attachments/production/155035274562/original/LQrins-fsfsZ5o6RdJTjTN31MyUG44KmPQ50c6.png]
[s3.amazonaws.com/cdn.freshdesk.com/data/helpdesk/attachments/production/155035274563/original/uaDkd9S1RtsNKm2vue958XKXpOqC4YuslQ717b.png]
[s3.amazonaws.com/cdn.freshdesk.com/data/helpdesk/attachments/production/155035274567/original/lIbw63vCPHdPPpo5mvjDlfUBz9RrvaHc6g372d.png]
[s3.amazonaws.com/cdn.freshdesk.com/data/helpdesk/attachments/production/155050249674/original/BNomncFhtx_t7mQa6Tq4se8AyFs5idiupQf5d5.png]
[s3.amazonaws.com/cdn.freshdesk.com/data/helpdesk/attachments/production/155050250397/original/CTLVi2OkD2Q_pGZzxIdPBL3fieXKM1AVEQb831.png]
[s3.amazonaws.com/cdn.freshdesk.com/data/helpdesk/attachments/production/155050250152/original/xmcecQkcD97iu8O7AMzkc2Vv6fXIrQO1ZAf397.jpg]
[s3.amazonaws.com/cdn.freshdesk.com/data/helpdesk/attachments/production/155050250254/original/W-aICI6xtxX_-E0kQYNmsVHvVlBYw30gNw5753.png]
[s3.amazonaws.com/cdn.freshdesk.com/data/helpdesk/attachments/production/155035277243/original/WMC9UZReXPr_dzCylfjhn1dTsN-2ID1nTAbe0c.jpg]
[s3.amazonaws.com/cdn.freshdesk.com/data/helpdesk/attachments/production/155047784356/original/-7XMs4nO56tCJNcc1BE3TJ-V7pTVnPl9uAb18f.png]
[help.leadconnectorhq.com/support/solutions/articles/155000004061-how-to-use-shopify-integration-with-your-sub-account-/hit.gif]
[help.leadconnectorhq.com/support/solutions/articles/155000004061-how-to-use-shopify-integration-with-your-sub-account-.html]
[s3.amazonaws.com/cdn.freshdesk.com/data/helpdesk/attachments/production/155035281001/original/-xmZc1Kjy1lKoUUbMlHbG8h4dvWLCXCFxg0d52.png]
[s3.amazonaws.com/cdn.freshdesk.com/data/helpdesk/attachments/production/155035285020/original/MfS_iEuE7MNOGFkU8BfGohcLN2XtOZQXFg6bcf.png]
[s3.amazonaws.com/cdn.freshdesk.com/data/helpdesk/attachments/production/155035285145/original/9-725Kjnr7A714raxX8_0O7Owc_PEbUlwg18bc.jpg]
[s3.amazonaws.com/cdn.freshdesk.com/data/helpdesk/attachments/production/155035285032/original/f-tvOv-qHFMLl9kzjXog4OKNe-nTjZeJbAbf1a.png]
[s3.amazonaws.com/cdn.freshdesk.com/data/helpdesk/attachments/production/155035285237/original/5yWM3ZU6Rhb5DoQhrcZv6QZt_clI877zhA775d.png]
[s3.amazonaws.com/cdn.freshdesk.com/data/helpdesk/attachments/production/155035285097/original/mJlOWqctoYa7xBnjik99Dw23Kyw3uwHjpw65d9.png]
[help.leadconnectorhq.com/support/solutions/articles/155000004062-how-to-use-woocommerce-integration-in-e-commerce-stores-/hit.gif]
[help.leadconnectorhq.com/support/solutions/articles/155000004062-how-to-use-woocommerce-integration-in-e-commerce-stores-.html]
[s3.amazonaws.com/cdn.freshdesk.com/data/helpdesk/attachments/production/155037787630/original/FIYMyHLq6UlodIIGtu3Vc9VOk9jPfii3YQf938.jpg]
[s3.amazonaws.com/cdn.freshdesk.com/data/helpdesk/attachments/production/155037787735/original/qIiimoUplf4q_pYsNi4JgRxR-SCqEeZxBAdddd.jpg]
[s3.amazonaws.com/cdn.freshdesk.com/data/helpdesk/attachments/production/155037787732/original/GeoNZtXdB4x1mJ4-0gV54JWGWLP2HeAtZAdddd.jpg]
[s3.amazonaws.com/cdn.freshdesk.com/data/helpdesk/attachments/production/155037787666/original/_3st_djVvA5ivvpC39AE6ZPnMJbG6Usdtgc791.jpg]
[s3.amazonaws.com/cdn.freshdesk.com/data/helpdesk/attachments/production/155037787631/original/alFEICNpwd7bBAde4ZP7mfJkmySo8-XwBgf938.jpg]
[s3.amazonaws.com/cdn.freshdesk.com/data/helpdesk/attachments/production/155037787615/original/2i2c5vRWlhGJDtwVpRSfmLGkEEz00-7Ypg6a75.jpg]
[s3.amazonaws.com/cdn.freshdesk.com/data/helpdesk/attachments/production/155037787634/original/UH_HGWN8FqlO6uPF175K0vG2Ju89LARSow4db8.jpg]
[s3.amazonaws.com/cdn.freshdesk.com/data/helpdesk/attachments/production/155037787692/original/cGZutMaRYS7QltD_hiHCrgrbfERuDer96g43ea.jpg]
[s3.amazonaws.com/cdn.freshdesk.com/data/helpdesk/attachments/production/155037787636/original/Y4hSDLa33vVuZ8at_qHDubw6AAjXJmAx-g4db8.jpg]
[s3.amazonaws.com/cdn.freshdesk.com/data/helpdesk/attachments/production/155037787639/original/FXZdoR3yarIJlaqMyzj6x298g-noCy0e7A7040.jpg]
[s3.amazonaws.com/cdn.freshdesk.com/data/helpdesk/attachments/production/155037787650/original/ta9dHbVDij39e2-AWJ9gQTK6y0YYWIm1GQe54e.jpg]
[s3.amazonaws.com/cdn.freshdesk.com/data/helpdesk/attachments/production/155037787704/original/tvwTr6CW5RDtPqVzMileAWzhZFSsQ-WCcg410f.jpg]
[s3.amazonaws.com/cdn.freshdesk.com/data/helpdesk/attachments/production/155037787700/original/vcFubgJpEjnHDi372D1SicpChj0RWEPX3g410f.jpg]
[s3.amazonaws.com/cdn.freshdesk.com/data/helpdesk/attachments/production/155037787740/original/JAqhxNZvWKpl-u1nnxLvEsJglklRoPMZnAcb52.jpg]
[s3.amazonaws.com/cdn.freshdesk.com/data/helpdesk/attachments/production/155037787731/original/J8SzxztD2VfZ5BIAaVzGmfxp5mP6FjXn_wdddd.jpg]
[s3.amazonaws.com/cdn.freshdesk.com/data/helpdesk/attachments/production/155037787727/original/7T4khKgIfS3ez_9INOuydUegckT7fz3w5gbcd7.jpg]
[s3.amazonaws.com/cdn.freshdesk.com/data/helpdesk/attachments/production/155037787738/original/sXClkVuWnRuCXL3eC32kTeuBWqsgmm152ge9bd.jpg]
[s3.amazonaws.com/cdn.freshdesk.com/data/helpdesk/attachments/production/155037787695/original/1k-MS1hX1jJFA_ZbrKWm46mXbYQ8UbCR5wad29.jpg]
[s3.amazonaws.com/cdn.freshdesk.com/data/helpdesk/attachments/production/155037787706/original/bANk4jwa8LaM5bASZ_wis8DNRW0Lxmp0ng410f.jpg]
[s3.amazonaws.com/cdn.freshdesk.com/data/helpdesk/attachments/production/155037787697/original/VaQXc2Nca7HaV-TaTOG26GrbAKHBDG2CKQ410f.jpg]
[s3.amazonaws.com/cdn.freshdesk.com/data/helpdesk/attachments/production/155037787730/original/NjHvzWZg5wxrgeqJq-juZ91dgbVcmT-4HAbcd7.jpg]
[s3.amazonaws.com/cdn.freshdesk.com/data/helpdesk/attachments/production/155037787725/original/OmgcxFW8XVW-wdC4u44C1PWsx5t97a3EVgbcd7.jpg]
[s3.amazonaws.com/cdn.freshdesk.com/data/helpdesk/attachments/production/155037787702/original/KAU8NMrKg63MYr50yr0g3kiyc3PtmIdKQQ410f.jpg]
[s3.amazonaws.com/cdn.freshdesk.com/data/helpdesk/attachments/production/155037787701/original/iNzSjWSIhvbzdB9g5ta8C5sy9CWTeFpWqw410f.jpg]
[s3.amazonaws.com/cdn.freshdesk.com/data/helpdesk/attachments/production/155037787703/original/cVI-3jGcaiZOLrvLc8KKqgwccSN9YgdXlA410f.jpg]
[s3.amazonaws.com/cdn.freshdesk.com/data/helpdesk/attachments/production/155037787710/original/Gr5sXAZhIs8emwNeQcp7v0uHyYJA6pJmRA4bbc.jpg]
[s3.amazonaws.com/cdn.freshdesk.com/data/helpdesk/attachments/production/155037787705/original/cjbFBKo5FuwwmrNG6tOpbGYO3QoilaNEPw4bbc.jpg]
[s3.amazonaws.com/cdn.freshdesk.com/data/helpdesk/attachments/production/155037787733/original/rPGLxbNp3q59_0wqgUkPVE-eA5xPCjzqAQe9bd.jpg]
[s3.amazonaws.com/cdn.freshdesk.com/data/helpdesk/attachments/production/155037787734/original/MHT8Pzvi7UE51E2CsS_A6NADMN7nLDi2Hwe9bd.jpg]
[s3.amazonaws.com/cdn.freshdesk.com/data/helpdesk/attachments/production/155037787694/original/3vp2RQKb1EX__t8Wpb8Hkp_eIkFAaZ-KBw410f.jpg]
[s3.amazonaws.com/cdn.freshdesk.com/data/helpdesk/attachments/production/155037787739/original/IpY1QJmUbQpwFPHcQP4qVQix7AP62I8cNwcb52.png]
[s3.amazonaws.com/cdn.freshdesk.com/data/helpdesk/attachments/production/155037787736/original/HHAUJnI_l5P1debBz0Nsi59U2fK5ysJBzwcb52.png]
[s3.amazonaws.com/cdn.freshdesk.com/data/helpdesk/attachments/production/155037787737/original/LKfPex5BdbwrKUmMtmWJBBRNw_TBXZBEgAcb52.png]
[help.leadconnectorhq.com/support/solutions/articles/155000004355-how-to-setup-facebook-and-instagram-shops-/hit.gif]
[help.leadconnectorhq.com/support/solutions/articles/155000004355-how-to-setup-facebook-and-instagram-shops-.html]
[s3.amazonaws.com/cdn.freshdesk.com/data/helpdesk/attachments/production/155040492770/original/EMrReL4T17uNJ43fMvwC54KQUYU-G8P6sA6227.jpg]
[s3.amazonaws.com/cdn.freshdesk.com/data/helpdesk/attachments/production/155040492767/original/XHAGL_eBneGLZJ0I-DEEF98gvi4_ZQDgVQ7b5e.jpg]
[s3.amazonaws.com/cdn.freshdesk.com/data/helpdesk/attachments/production/155040492768/original/fLu1tv8Rs0pVNTqQmBK8T6zLWY8UbuZBKQcc2e.jpg]
[s3.amazonaws.com/cdn.freshdesk.com/data/helpdesk/attachments/production/155040492769/original/A_WiMS_vn3h_jrQPWs0AFyXsdu6DvWdDLwcc2e.jpg]
[s3.amazonaws.com/cdn.freshdesk.com/data/helpdesk/attachments/production/155040492766/original/bNFORIZT7e8-J9Bz1ObsawNHItVc7yMSaw7b5e.png]
[help.leadconnectorhq.com/support/solutions/articles/155000004532-how-to-bulk-import-products/hit.gif]
[help.leadconnectorhq.com/support/solutions/articles/155000004532-how-to-bulk-import-products.html]
[help.leadconnectorhq.com/support/solutions/155000000159.html]
[help.leadconnectorhq.com/support/solutions/folders/155000000766.html]
[s3.amazonaws.com/cdn.freshdesk.com/data/helpdesk/attachments/production/155030887096/original/psdMFSbIyXp9g7J6t5WQ2MapKw8Yq5prDw0899.png]
[s3.amazonaws.com/cdn.freshdesk.com/data/helpdesk/attachments/production/155030884994/original/L34G3P0_Yc7mGb6ICOSvja-Zsy4OZnIEjgfbac.png]
[s3.amazonaws.com/cdn.freshdesk.com/data/helpdesk/attachments/production/155030887082/original/MB7eOg4xl_JZhxZRzMCggR_Zus95zhjRXw01c8.jpg]
[s3.amazonaws.com/cdn.freshdesk.com/data/helpdesk/attachments/production/155030887151/original/5mAnqtCOXtbeIRK3K-QXF38I8BuiHeGp0w4ee9.png]
[s3.amazonaws.com/cdn.freshdesk.com/data/helpdesk/attachments/production/155030887208/original/c4koMP5LeC548R6-dUN47agKEc61E_6I3w3b33.png]
[s3.amazonaws.com/cdn.freshdesk.com/data/helpdesk/attachments/production/155030887666/original/TpraYd5gJyeK18OwvDFC-mzTFXxcFUuyFw1c95.png]
[s3.amazonaws.com/cdn.freshdesk.com/data/helpdesk/attachments/production/155030887842/original/KYwlSCOj-NSSb0JDsgwuF1NFrVgC-FUxfAc21b.png]
[help.leadconnectorhq.com/support/solutions/articles/155000003063-associations-amongst-objects/hit.gif]
[help.leadconnectorhq.com/support/solutions/articles/155000003063-associations-amongst-objects.html]
[help.leadconnectorhq.com/support/solutions/folders/155000001314.html]
[help.leadconnectorhq.com/support/solutions/articles/155000006250-getting-started-with-custom-objects/hit.gif]
[help.leadconnectorhq.com/support/solutions/articles/155000006250-getting-started-with-custom-objects.html]
[s3.amazonaws.com/cdn.freshdesk.com/data/helpdesk/attachments/production/155058408189/original/pnh73-mjY_rKd5y0fDNJ9M4E0Wevq4cRQgd3fe.gif]
[s3.amazonaws.com/cdn.freshdesk.com/data/helpdesk/attachments/production/155058405899/original/19muD-f-IgODYh2yNQ--bLnKCPn89sP4Yg5f42.png]
[s3.amazonaws.com/cdn.freshdesk.com/data/helpdesk/attachments/production/155058406204/original/fgF0GrDpzjlp6BKbCr0R0F-t6lSOdYrBxAa5dd.png]
[s3.amazonaws.com/cdn.freshdesk.com/data/helpdesk/attachments/production/155058406333/original/_BTexHTI5lwA1w4QfD8N8itV1YC4bALzAw9fc9.jpg]
[s3.amazonaws.com/cdn.freshdesk.com/data/helpdesk/attachments/production/155058406564/original/DIem8kq3voYpJAFkfcf-oqn43QIQXi24Cg0e11.gif]
[help.leadconnectorhq.com/support/solutions/articles/155000006251-creating-and-editing-custom-objects/hit.gif]
[help.leadconnectorhq.com/support/solutions/articles/155000006251-creating-and-editing-custom-objects.html]
[help.leadconnectorhq.com/support/solutions/folders/155000001315.html]
[help.leadconnectorhq.com/support/solutions/48000454682.html]
[help.leadconnectorhq.com/support/solutions/folders/155000000077.html]
[s3.amazonaws.com/cdn.freshdesk.com/data/helpdesk/attachments/production/155024707553/original/3H5g46uZnnomF4Nv2dSV5XCxePZeDJ35EQ077b.png]
[help.leadconnectorhq.com/support/solutions/articles/155000003118-opportunity-owners-decoupling-settings/hit.gif]
[help.leadconnectorhq.com/support/solutions/articles/155000003118-opportunity-owners-decoupling-settings.html]
[s3.amazonaws.com/cdn.freshdesk.com/data/helpdesk/attachments/production/155026651766/original/Fh2Xg_wkwpHExItbx89slk6bCrdn8QCNVQb4a6.png]
[s3.amazonaws.com/cdn.freshdesk.com/data/helpdesk/attachments/production/155026651951/original/Xs_GUUYQd1aZVPF2IkM8pf1ZSxqGbJevVQ6680.png]
[s3.amazonaws.com/cdn.freshdesk.com/data/helpdesk/attachments/production/155026651841/original/m8XleCF2yG1M5UAc7ijQhrNQsy_0gsaJng6f4b.jpg]
[s3.amazonaws.com/cdn.freshdesk.com/data/helpdesk/attachments/production/155026651859/original/5aGfH_KL23MEOGucizB4qF93EMlqaVwyHg6339.png]
[s3.amazonaws.com/cdn.freshdesk.com/data/helpdesk/attachments/production/155031119664/original/L_ZWT-Vy3GlMufVL-3HwCZRvPyVafHvl0Q69b3.png]
[s3.amazonaws.com/cdn.freshdesk.com/data/helpdesk/attachments/production/155026651879/original/FXJvg9PdXkM-PU49GHcdQFsTQujQlf0pgA6382.png]
[s3.amazonaws.com/cdn.freshdesk.com/data/helpdesk/attachments/production/155031119666/original/NUjzmGJXX-6iapJJXxCgTwIuzJ2QweuTJQ8efa.png]
[s3.amazonaws.com/cdn.freshdesk.com/data/helpdesk/attachments/production/155031119670/original/YPVXhlT6rSlddANSB3MTF7tHcOwPMH6P4A86c3.png]
[help.leadconnectorhq.com/support/solutions/articles/155000003119-import-opportunities/hit.gif]
[help.leadconnectorhq.com/support/solutions/articles/155000003119-import-opportunities.html]
[s3.amazonaws.com/cdn.freshdesk.com/data/helpdesk/attachments/production/155047255325/original/QowfBDIdZvAOaULSn8WSglK4Zak2W0_KKQebe6.jpg]
[s3.amazonaws.com/cdn.freshdesk.com/data/helpdesk/attachments/production/155047255324/original/kGYoH0yo8Q1zvoLV2QVTaI_OAuEf48lTaQcce5.jpg]
[help.leadconnectorhq.com/support/solutions/articles/155000005356-understanding-pipelines/hit.gif]
[help.leadconnectorhq.com/support/solutions/articles/155000005356-understanding-pipelines.html]
[s3.amazonaws.com/cdn.freshdesk.com/data/helpdesk/attachments/production/155056173343/original/0wYZa6AiRjw3L_qTq5dVCpNtNDaVgykBPQe691.jpg]
[s3.amazonaws.com/cdn.freshdesk.com/data/helpdesk/attachments/production/155056173347/original/iKle1MfzZzJbjKo4dGvR9Qcxy8jEZ-fjdAe691.jpg]
[s3.amazonaws.com/cdn.freshdesk.com/data/helpdesk/attachments/production/155056173344/original/MmQ-R40mG5my1qAQ4LAliZEiDPrUSU-V7we691.jpg]
[s3.amazonaws.com/cdn.freshdesk.com/data/helpdesk/attachments/production/155056173342/original/sbx_uRKBYVEIWrm3QCx4gVpwmo86s6jcag17a8.jpg]
[s3.amazonaws.com/cdn.freshdesk.com/data/helpdesk/attachments/production/155056173346/original/iPtcapVXVPXUY2xG0GBAh8PHOW6L-TaSRge691.jpg]
[s3.amazonaws.com/cdn.freshdesk.com/data/helpdesk/attachments/production/155056173345/original/Se7co2ZWPAf3PQi_MUbBdQyN76hnzCFXBwe691.jpg]
[s3.amazonaws.com/cdn.freshdesk.com/data/helpdesk/attachments/production/155056173348/original/iTtONgg3Mqeam9A_7tUyvZi7XkIgdn8sQQ4705.png]
[s3.amazonaws.com/cdn.freshdesk.com/data/helpdesk/attachments/production/155056173349/original/CY-kQiSbg-AAArGTNkvSKrpGUzvqiEUXLg4705.jpg]
[help.leadconnectorhq.com/support/solutions/articles/155000006735-how-to-color-code-opportunity-pipelines-smart-tags-/hit.gif]
[help.leadconnectorhq.com/support/solutions/articles/155000006735-how-to-color-code-opportunity-pipelines-smart-tags-.html]
[help.leadconnectorhq.com/support/solutions/155000000185.html]
[help.leadconnectorhq.com/support/solutions/folders/155000000945.html]
[help.leadconnectorhq.com/support/solutions/articles/155000004060-how-to-resell-and-use-prospecting-tool-for-sub-accounts/hit.gif]
[help.leadconnectorhq.com/support/solutions/articles/155000004060-how-to-resell-and-use-prospecting-tool-for-sub-accounts.html]
[s3.amazonaws.com/cdn.freshdesk.com/data/helpdesk/attachments/production/155037731399/original/Ex_gtuyy4L3qYHQskBgBu0h9coVS6vcLBw1445.jpg]
[s3.amazonaws.com/cdn.freshdesk.com/data/helpdesk/attachments/production/155037731401/original/ldowswQKyznIkWKi8TV7jxx5G5dNRf2F8Adca8.jpg]
[s3.amazonaws.com/cdn.freshdesk.com/data/helpdesk/attachments/production/155037731405/original/gbGwPQrIlpdPuEsz9EXF0Y2LkgXiDHF0Zwdca8.jpg]
[s3.amazonaws.com/cdn.freshdesk.com/data/helpdesk/attachments/production/155037731403/original/FqU1jVAggNhBffX72Xq8jLdCDZ-EVEmRHwdca8.jpg]
[s3.amazonaws.com/cdn.freshdesk.com/data/helpdesk/attachments/production/155037731404/original/tPO1L-aUZ_jsXorNH8s38CTiW6ArqUlRegdca8.jpg]
[s3.amazonaws.com/cdn.freshdesk.com/data/helpdesk/attachments/production/155037731402/original/7FI1iH1xogpwshjThGEAYQbrM72xc5M0Igdca8.jpg]
[help.leadconnectorhq.com/support/solutions/articles/155000004335-prospecting-tool-create-prospecting-widgets-for-your-websites/hit.gif]
[help.leadconnectorhq.com/support/solutions/articles/155000004335-prospecting-tool-create-prospecting-widgets-for-your-websites.html]
[s3.amazonaws.com/cdn.freshdesk.com/data/helpdesk/attachments/production/155042667812/original/J7_JjPQl1g_8GDphNAjVZCVff2AR4Y9WVA7358.png]
[s3.amazonaws.com/cdn.freshdesk.com/data/helpdesk/attachments/production/155042668089/original/uiGuEMyxOMg0cRoIQNQZjmT4-WB-0QAaow9b27.png]
[s3.amazonaws.com/cdn.freshdesk.com/data/helpdesk/attachments/production/155042668514/original/SpCNFLtYtWletTvD8VH-BT-otXkirO35MA6400.png]
[s3.amazonaws.com/cdn.freshdesk.com/data/helpdesk/attachments/production/155042668797/original/MlQt_Xokh72Q0ovGFecCdpb8sPGaFs0c2A2bdb.png]
[s3.amazonaws.com/cdn.freshdesk.com/data/helpdesk/attachments/production/155042669188/original/A-Dw-9pd-gFV7chkjMSuRxyf2drHd_C9cQd969.png]
[s3.amazonaws.com/cdn.freshdesk.com/data/helpdesk/attachments/production/155042669078/original/6fQBPfu0OP4TYpNCCkN3Y2Tqh1vJ7nOAAw2d5b.png]
[help.leadconnectorhq.com/support/solutions/articles/155000004732-how-to-send-marketing-audit-report-as-email-sms-to-your-prospects/hit.gif]
[help.leadconnectorhq.com/support/solutions/articles/155000004732-how-to-send-marketing-audit-report-as-email-sms-to-your-prospects.html]
[s3.amazonaws.com/cdn.freshdesk.com/data/helpdesk/attachments/production/155048847433/original/4C3-0f81CV4PTu6rPkW5RpnJF5vz7ahCuQ271d.png]
[s3.amazonaws.com/cdn.freshdesk.com/data/helpdesk/attachments/production/155048846421/original/roa4AwWSZzwO2V5I4HBF86ZxGvXnTjBQOA50cf.jpg]
[s3.amazonaws.com/cdn.freshdesk.com/data/helpdesk/attachments/production/155048845996/original/ljZcNGKRAVR-HMrtLuok76a_VGEGLA2p9wa413.jpg]
[s3.amazonaws.com/cdn.freshdesk.com/data/helpdesk/attachments/production/155048846035/original/25V0TFzeULQ5VBxu9zSuoOd9Ci9-6s9REAd426.jpg]
[s3.amazonaws.com/cdn.freshdesk.com/data/helpdesk/attachments/production/155048846057/original/3kjSDAeQ8nC-KwdaTAo8dn5DYBdf2tOJSgd957.jpg]
[s3.amazonaws.com/cdn.freshdesk.com/data/helpdesk/attachments/production/155048846073/original/8AA6zPvLhuByAr1Wtriki0QJOcAAdG6H4gf016.jpg]
[s3.amazonaws.com/cdn.freshdesk.com/data/helpdesk/attachments/production/155048846183/original/hkLtnCL7IgGXEKkcCe8_TtozmS-J3h9pMAa91a.jpg]
[s3.amazonaws.com/cdn.freshdesk.com/data/helpdesk/attachments/production/155048846156/original/pSky1l4Txykkl--6GZky4T2WGzMMtVJ-YAcf3a.jpg]
[s3.amazonaws.com/cdn.freshdesk.com/data/helpdesk/attachments/production/155048846282/original/encSERqjwxG100X1nWxYEVAQLgtR3p03UA96c3.jpg]
[help.leadconnectorhq.com/support/solutions/articles/155000005593-how-to-customise-prospecting-report-with-report-builder/hit.gif]
[help.leadconnectorhq.com/support/solutions/articles/155000005593-how-to-customise-prospecting-report-with-report-builder.html]
[help.leadconnectorhq.com/support/solutions/articles/155000007200-workflow-actions-generate-marketing-audit-report/hit.gif]
[help.leadconnectorhq.com/support/solutions/articles/155000007200-workflow-actions-generate-marketing-audit-report.html]
[help.leadconnectorhq.com/support/solutions/folders/155000001171.html]
[help.leadconnectorhq.com/support/solutions/articles/155000004980-how-to-generate-marketing-audit-reports-for-existing-sub-accounts/hit.gif]
[help.leadconnectorhq.com/support/solutions/articles/155000004980-how-to-generate-marketing-audit-reports-for-existing-sub-accounts.html]
[help.leadconnectorhq.com/support/solutions/155000000187.html]
[help.leadconnectorhq.com/support/solutions/folders/155000000957.html]
[s3.amazonaws.com/cdn.freshdesk.com/data/helpdesk/attachments/production/155036139795/original/pW01VvpKfazWMFe763tjerTxGILxDDVFnA07e3.jpg]
[help.leadconnectorhq.com/support/solutions/articles/155000004131-how-to-retry-a-failed-payment-for-subscription-products/hit.gif]
[help.leadconnectorhq.com/support/solutions/articles/155000004131-how-to-retry-a-failed-payment-for-subscription-products.html]
[help.leadconnectorhq.com/support/solutions/155000000196.html]
[help.leadconnectorhq.com/support/solutions/folders/155000001313.html]
[help.leadconnectorhq.com/support/solutions/155000000250.html]
[help.leadconnectorhq.com/support/solutions/folders/155000001320.html]
[help.leadconnectorhq.com/support/solutions/articles/155000006093-track-external-forms-with-the-tracking-script/hit.gif]
[help.leadconnectorhq.com/support/solutions/articles/155000006093-track-external-forms-with-the-tracking-script.html]
[help.leadconnectorhq.com/support/solutions/155000000254.html]
[help.leadconnectorhq.com/support/solutions/folders/155000001335.html]
[help.leadconnectorhq.com/support/solutions/articles/155000006490-external-website-seo-fixes-via-seo-pixel/hit.gif]
[help.leadconnectorhq.com/support/solutions/articles/155000006490-external-website-seo-fixes-via-seo-pixel.html]
[assets6.freshdesk.com/assets/cdn/portal_print-6e04b27f27ab27faab81f917d275d593fa892ce13150854024baaf983b3f4326.css]
[assets1.freshdesk.com/assets/cdn-ignored/sprites/portal/icon-s507c4b1df6-698d3abd0dde03af087eba2d9c96cf1575e4b721a7ce6dc28d423c2a91a21baa.png]
[assets1.freshdesk.com/assets/cdn-ignored/sprites/portal/sources-sc9dbab78af-1b1903ef4ad90edfe633a3b49c0275ea335f2bf566134a4b559045b4dc5c8b1e.png]
[assets1.freshdesk.com/assets/cdn-ignored/sprites/portal/wicon-se7dff6d3f1-8f415516bad5930ff4da8f0c24cac34d793d4e544779dbe3799abd2051b1b2c6.png]
[assets1.freshdesk.com/assets/animated/ajax-loader.gif]
[assets1.freshdesk.com/images/email-bot.png]
[assets1.freshdesk.com/assets/cdn/falcon_portal_utils-a58414d6bc8bc6ca4d78f5b3f76522e4970de435e68a5a2fedcda0db58f21600.css]
[assets7.freshdesk.com/assets/cdn/portal_print-6e04b27f27ab27faab81f917d275d593fa892ce13150854024baaf983b3f4326.css]
[assets9.freshdesk.com/assets/cdn-ignored/sprites/portal/icon-s507c4b1df6-698d3abd0dde03af087eba2d9c96cf1575e4b721a7ce6dc28d423c2a91a21baa.png]
[assets9.freshdesk.com/assets/cdn-ignored/sprites/portal/sources-sc9dbab78af-1b1903ef4ad90edfe633a3b49c0275ea335f2bf566134a4b559045b4dc5c8b1e.png]
[assets9.freshdesk.com/assets/cdn-ignored/sprites/portal/wicon-se7dff6d3f1-8f415516bad5930ff4da8f0c24cac34d793d4e544779dbe3799abd2051b1b2c6.png]
[assets9.freshdesk.com/assets/animated/ajax-loader.gif]
[assets9.freshdesk.com/images/email-bot.png]
[assets9.freshdesk.com/assets/cdn/falcon_portal_utils-a58414d6bc8bc6ca4d78f5b3f76522e4970de435e68a5a2fedcda0db58f21600.css]
[assets2.freshdesk.com/assets/cdn/portal_print-6e04b27f27ab27faab81f917d275d593fa892ce13150854024baaf983b3f4326.css]
[help.leadconnectorhq.com/sso/facebook.html]
[assets9.freshdesk.com/assets/cdn/portal_print-6e04b27f27ab27faab81f917d275d593fa892ce13150854024baaf983b3f4326.css]
[assets1.freshdesk.com/assets/cdn/portal_print-6e04b27f27ab27faab81f917d275d593fa892ce13150854024baaf983b3f4326.css]
[assets8.freshdesk.com/assets/cdn-ignored/sprites/portal/icon-s507c4b1df6-698d3abd0dde03af087eba2d9c96cf1575e4b721a7ce6dc28d423c2a91a21baa.png]
[assets8.freshdesk.com/assets/cdn-ignored/sprites/portal/sources-sc9dbab78af-1b1903ef4ad90edfe633a3b49c0275ea335f2bf566134a4b559045b4dc5c8b1e.png]
[assets8.freshdesk.com/assets/cdn-ignored/sprites/portal/wicon-se7dff6d3f1-8f415516bad5930ff4da8f0c24cac34d793d4e544779dbe3799abd2051b1b2c6.png]
[assets8.freshdesk.com/assets/animated/ajax-loader.gif]
[assets8.freshdesk.com/images/email-bot.png]
[assets8.freshdesk.com/assets/cdn/falcon_portal_utils-a58414d6bc8bc6ca4d78f5b3f76522e4970de435e68a5a2fedcda0db58f21600.css]
[assets6.freshdesk.com/assets/cdn-ignored/sprites/portal/icon-s507c4b1df6-698d3abd0dde03af087eba2d9c96cf1575e4b721a7ce6dc28d423c2a91a21baa.png]
[assets6.freshdesk.com/assets/cdn-ignored/sprites/portal/sources-sc9dbab78af-1b1903ef4ad90edfe633a3b49c0275ea335f2bf566134a4b559045b4dc5c8b1e.png]
[assets6.freshdesk.com/assets/cdn-ignored/sprites/portal/wicon-se7dff6d3f1-8f415516bad5930ff4da8f0c24cac34d793d4e544779dbe3799abd2051b1b2c6.png]
[assets6.freshdesk.com/assets/animated/ajax-loader.gif]
[assets6.freshdesk.com/images/email-bot.png]
[assets6.freshdesk.com/assets/cdn/falcon_portal_utils-a58414d6bc8bc6ca4d78f5b3f76522e4970de435e68a5a2fedcda0db58f21600.css]
[s3.amazonaws.com/cdn.freshdesk.com/data/helpdesk/attachments/production/155045443507/original/tb8s53SRWznc5Y-FT4QpSquowdP981WGRQ8794.jpg]
[s3.amazonaws.com/cdn.freshdesk.com/data/helpdesk/attachments/production/155045443512/original/1_jX2X1Tk_GF2sXcoXch2jwwYwNn6-ronA623c.jpg]
[s3.amazonaws.com/cdn.freshdesk.com/data/helpdesk/attachments/production/155045443513/original/WB_cr3CP8QmtczL9vPaBruONgZunMmjBXwfb7c.png]
[s3.amazonaws.com/cdn.freshdesk.com/data/helpdesk/attachments/production/155045443508/original/FtdupowvhlU5Uw5xMaarvywYBPRcGusKDg623c.jpg]
[s3.amazonaws.com/cdn.freshdesk.com/data/helpdesk/attachments/production/155045443511/original/gKHZerlSoT8QwzwoZAK_QYsDdhRTX42UtQ623c.jpg]
[s3.amazonaws.com/cdn.freshdesk.com/data/helpdesk/attachments/production/155045443510/original/IuHKQPN4wPsyLAi5MTqPBrLm8tyxAvjymg623c.jpg]
[s3.amazonaws.com/cdn.freshdesk.com/data/helpdesk/attachments/production/155045443506/original/q3DMTBNjgHuZwZwtqXUMlQd8dJXtli6-9A8794.png]
[s3.amazonaws.com/cdn.freshdesk.com/data/helpdesk/attachments/production/155045443509/original/gYoBtpXl8Y1wckUV25PwzTh6MpYR2z_AhQ623c.png]
[help.leadconnectorhq.com/support/solutions/articles/155000005123-wallet-auto-recharge-and-frequency/hit.gif]
[help.leadconnectorhq.com/support/solutions/articles/155000005123-wallet-auto-recharge-and-frequency.html]
[help.leadconnectorhq.com/support/solutions/articles/155000005269-wallet-auto-recharge/hit.gif]
[help.leadconnectorhq.com/support/solutions/articles/155000005269-wallet-auto-recharge.html]
[assets3.freshdesk.com/assets/cdn-ignored/sprites/portal/icon-s507c4b1df6-698d3abd0dde03af087eba2d9c96cf1575e4b721a7ce6dc28d423c2a91a21baa.png]
[assets3.freshdesk.com/assets/cdn-ignored/sprites/portal/sources-sc9dbab78af-1b1903ef4ad90edfe633a3b49c0275ea335f2bf566134a4b559045b4dc5c8b1e.png]
[assets3.freshdesk.com/assets/cdn-ignored/sprites/portal/wicon-se7dff6d3f1-8f415516bad5930ff4da8f0c24cac34d793d4e544779dbe3799abd2051b1b2c6.png]
[assets3.freshdesk.com/assets/animated/ajax-loader.gif]
[assets3.freshdesk.com/images/email-bot.png]
[assets3.freshdesk.com/assets/cdn/falcon_portal_utils-a58414d6bc8bc6ca4d78f5b3f76522e4970de435e68a5a2fedcda0db58f21600.css]
[assets4.freshdesk.com/assets/cdn/portal_print-6e04b27f27ab27faab81f917d275d593fa892ce13150854024baaf983b3f4326.css]
[assets10.freshdesk.com/assets/cdn-ignored/sprites/portal/icon-s507c4b1df6-698d3abd0dde03af087eba2d9c96cf1575e4b721a7ce6dc28d423c2a91a21baa.png]
[assets10.freshdesk.com/assets/cdn-ignored/sprites/portal/sources-sc9dbab78af-1b1903ef4ad90edfe633a3b49c0275ea335f2bf566134a4b559045b4dc5c8b1e.png]
[assets10.freshdesk.com/assets/cdn-ignored/sprites/portal/wicon-se7dff6d3f1-8f415516bad5930ff4da8f0c24cac34d793d4e544779dbe3799abd2051b1b2c6.png]
[assets10.freshdesk.com/assets/animated/ajax-loader.gif]
[assets10.freshdesk.com/images/email-bot.png]
[assets10.freshdesk.com/assets/cdn/falcon_portal_utils-a58414d6bc8bc6ca4d78f5b3f76522e4970de435e68a5a2fedcda0db58f21600.css]
[assets2.freshdesk.com/assets/cdn-ignored/sprites/portal/icon-s507c4b1df6-698d3abd0dde03af087eba2d9c96cf1575e4b721a7ce6dc28d423c2a91a21baa.png]
[assets2.freshdesk.com/assets/cdn-ignored/sprites/portal/sources-sc9dbab78af-1b1903ef4ad90edfe633a3b49c0275ea335f2bf566134a4b559045b4dc5c8b1e.png]
[assets2.freshdesk.com/assets/cdn-ignored/sprites/portal/wicon-se7dff6d3f1-8f415516bad5930ff4da8f0c24cac34d793d4e544779dbe3799abd2051b1b2c6.png]
[assets2.freshdesk.com/assets/animated/ajax-loader.gif]
[assets2.freshdesk.com/images/email-bot.png]
[assets2.freshdesk.com/assets/cdn/falcon_portal_utils-a58414d6bc8bc6ca4d78f5b3f76522e4970de435e68a5a2fedcda0db58f21600.css]
[assets8.freshdesk.com/assets/cdn/portal_print-6e04b27f27ab27faab81f917d275d593fa892ce13150854024baaf983b3f4326.css]
[assets10.freshdesk.com/assets/cdn/portal_print-6e04b27f27ab27faab81f917d275d593fa892ce13150854024baaf983b3f4326.css]
[assets5.freshdesk.com/assets/cdn-ignored/sprites/portal/icon-s507c4b1df6-698d3abd0dde03af087eba2d9c96cf1575e4b721a7ce6dc28d423c2a91a21baa.png]
[assets5.freshdesk.com/assets/cdn-ignored/sprites/portal/sources-sc9dbab78af-1b1903ef4ad90edfe633a3b49c0275ea335f2bf566134a4b559045b4dc5c8b1e.png]
[assets5.freshdesk.com/assets/cdn-ignored/sprites/portal/wicon-se7dff6d3f1-8f415516bad5930ff4da8f0c24cac34d793d4e544779dbe3799abd2051b1b2c6.png]
[assets5.freshdesk.com/assets/animated/ajax-loader.gif]
[assets5.freshdesk.com/images/email-bot.png]
[assets5.freshdesk.com/assets/cdn/falcon_portal_utils-a58414d6bc8bc6ca4d78f5b3f76522e4970de435e68a5a2fedcda0db58f21600.css]
[assets7.freshdesk.com/assets/cdn-ignored/sprites/portal/icon-s507c4b1df6-698d3abd0dde03af087eba2d9c96cf1575e4b721a7ce6dc28d423c2a91a21baa.png]
[assets7.freshdesk.com/assets/cdn-ignored/sprites/portal/sources-sc9dbab78af-1b1903ef4ad90edfe633a3b49c0275ea335f2bf566134a4b559045b4dc5c8b1e.png]
[assets7.freshdesk.com/assets/cdn-ignored/sprites/portal/wicon-se7dff6d3f1-8f415516bad5930ff4da8f0c24cac34d793d4e544779dbe3799abd2051b1b2c6.png]
[assets7.freshdesk.com/assets/animated/ajax-loader.gif]
[assets7.freshdesk.com/images/email-bot.png]
[assets7.freshdesk.com/assets/cdn/falcon_portal_utils-a58414d6bc8bc6ca4d78f5b3f76522e4970de435e68a5a2fedcda0db58f21600.css]
[s3.amazonaws.com/cdn.freshdesk.com/data/helpdesk/attachments/production/155035422593/original/RY-xbsAWIUbzGDZdqlyQwngug02JPUR3wwf04a.png]
[s3.amazonaws.com/cdn.freshdesk.com/data/helpdesk/attachments/production/155035422644/original/wZj4ebDGBWM3IlIK8sglNJ4pgCFj2sTtvwc0a4.png]
[s3.amazonaws.com/cdn.freshdesk.com/data/helpdesk/attachments/production/155035422714/original/v-3vxkIlhVK75Ziae_FeVlaXsinhJi810A54db.png]
[s3.amazonaws.com/cdn.freshdesk.com/data/helpdesk/attachments/production/155035422771/original/aqc8B95oM0SYltbIndnztZzPeo6IH-rhKAe9fe.png]
[s3.amazonaws.com/cdn.freshdesk.com/data/helpdesk/attachments/production/155035430856/original/rOlfJAzypInuXDj3PcdIYw9ULfZiriK8XQdfae.png]
[help.leadconnectorhq.com/support/solutions/articles/155000004089-bot-status-for-individual-contacts/hit.gif]
[help.leadconnectorhq.com/support/solutions/articles/155000004089-bot-status-for-individual-contacts.html]
[s3.amazonaws.com/cdn.freshdesk.com/data/helpdesk/attachments/production/155039400699/original/XzVqnF6J2FGt9kpsMaIQZB5Bo8ZufUB4ZQ9e00.png]
[s3.amazonaws.com/cdn.freshdesk.com/data/helpdesk/attachments/production/155039388861/original/Zjr-8LUJ-PdtjUUASzDyDqNKAPAiNgP2Vg1ed3.png]
[s3.amazonaws.com/cdn.freshdesk.com/data/helpdesk/attachments/production/155039389991/original/l8B_mJvS6Ldh0pTzV5J4r-lvOylLZ3A0nQ78d7.png]
[s3.amazonaws.com/cdn.freshdesk.com/data/helpdesk/attachments/production/155039390806/original/zIgZc6pOZiAp1yOsh30rH5ysLgIM21dOcQ986c.png]
[s3.amazonaws.com/cdn.freshdesk.com/data/helpdesk/attachments/production/155039391051/original/8NJOgQgNAdq21THlAK7q3ll8XmQErOW3ng6951.png]
[s3.amazonaws.com/cdn.freshdesk.com/data/helpdesk/attachments/production/155039391082/original/XkD6CiOgFvVLDd2KEErnXU9EcfOFjiPc8w260e.png]
[s3.amazonaws.com/cdn.freshdesk.com/data/helpdesk/attachments/production/155039391440/original/bSHBXTYMm5mcZKPGyUDVVavNX8nNLzICjg065a.png]
[s3.amazonaws.com/cdn.freshdesk.com/data/helpdesk/attachments/production/155039388862/original/2DdJtXyq-WP7oIRTClUKIKr8oArgYTx4Pg1ed3.png]
[s3.amazonaws.com/cdn.freshdesk.com/data/helpdesk/attachments/production/155039390240/original/PuM6iBPtBCxWVwbbltuD01fQ0o7Umyao8Aedd5.png]
[help.leadconnectorhq.com/support/solutions/articles/155000004431-update-conversation-ai-bot-and-status-workflow-action/hit.gif]
[help.leadconnectorhq.com/support/solutions/articles/155000004431-update-conversation-ai-bot-and-status-workflow-action.html]
[s3.amazonaws.com/cdn.freshdesk.com/data/helpdesk/attachments/production/155039580885/original/9hhdntmX_4TKLwcyD2RH2pkcXvLYSn_RMw639c.png]
[help.leadconnectorhq.com/support/solutions/articles/155000004468-how-to-add-name-email-phone-in-the-prompt/hit.gif]
[help.leadconnectorhq.com/support/solutions/articles/155000004468-how-to-add-name-email-phone-in-the-prompt.html]
[s3.amazonaws.com/cdn.freshdesk.com/data/helpdesk/attachments/production/155041269490/original/dApxGlrdaeKddu11nn3OgwsDtJJvYx7d1w44cb.png]
[s3.amazonaws.com/cdn.freshdesk.com/data/helpdesk/attachments/production/155041269538/original/ZdY7Z8GxtfnoUhEum1nuth99AMr3mz2Rugf83e.png]
[s3.amazonaws.com/cdn.freshdesk.com/data/helpdesk/attachments/production/155041269516/original/uhnf3RCdOszeANAMp8rzsl2i1smt7d3wUQ428c.png]
[s3.amazonaws.com/cdn.freshdesk.com/data/helpdesk/attachments/production/155041269562/original/5tknJLVZtCptbfoygWQtApn_HZUGCHG2tg6f62.png]
[s3.amazonaws.com/cdn.freshdesk.com/data/helpdesk/attachments/production/155041269549/original/Uo3oWkqEGdE0P70Iw57FI0dfFf5nkFPwVg8dd6.png]
[s3.amazonaws.com/cdn.freshdesk.com/data/helpdesk/attachments/production/155041269584/original/OS5Wv4lUE8GjTgkCkEm-It4xnHLijM96gAbb26.png]
[s3.amazonaws.com/cdn.freshdesk.com/data/helpdesk/attachments/production/155041269595/original/L636MqxjrqxhXssjNkhiMZUl63Xfsrd6-Ae81a.png]
[s3.amazonaws.com/cdn.freshdesk.com/data/helpdesk/attachments/production/155041269614/original/nlAFdbMXwDhW3-DtFK7H48HvFhcamCL4Jwb4cb.png]
[s3.amazonaws.com/cdn.freshdesk.com/data/helpdesk/attachments/production/155041561949/original/33rbyiP7fKSgltFcK6HYnM_u8KMCh49gPge3e8.png]
[help.leadconnectorhq.com/support/solutions/articles/155000004563-stop-bot-action/hit.gif]
[help.leadconnectorhq.com/support/solutions/articles/155000004563-stop-bot-action.html]
[s3.amazonaws.com/cdn.freshdesk.com/data/helpdesk/attachments/production/155044909724/original/O8tKa5hGdPJFWR1bz_fYuMj3F-Ff1FGiRQ0f50.png]
[s3.amazonaws.com/cdn.freshdesk.com/data/helpdesk/attachments/production/155044909757/original/ZJbA4zDPH9-ut78ivYRDwgxvLxMej9OTQQ5e22.png]
[s3.amazonaws.com/cdn.freshdesk.com/data/helpdesk/attachments/production/155044909736/original/q4hGwuxnp4pgFlH7HxOLOJvTgcgGJbFy6g3bdc.png]
[s3.amazonaws.com/cdn.freshdesk.com/data/helpdesk/attachments/production/155044909786/original/UWUSOTRP8qYjTscue6Qtu_8jvOogDqm0xQ780c.jpg]
[s3.amazonaws.com/cdn.freshdesk.com/data/helpdesk/attachments/production/155044909785/original/Gyz2zA-zoJmLQf1rJinndTpSB2pKp9CedQf90f.png]
[s3.amazonaws.com/cdn.freshdesk.com/data/helpdesk/attachments/production/155044909793/original/SDvLYkcrsJ9zQMbVOv82p6nOj8JdwjJFqwe20f.jpg]
[s3.amazonaws.com/cdn.freshdesk.com/data/helpdesk/attachments/production/155044909810/original/09wSpDCkGDsriuEqFRmO5fxJzqcykjPz-A533e.png]
[s3.amazonaws.com/cdn.freshdesk.com/data/helpdesk/attachments/production/155044909828/original/uNA4qQ97t1nNnB6S50Y51qXrYHtVzCnM6Aa873.png]
[s3.amazonaws.com/cdn.freshdesk.com/data/helpdesk/attachments/production/155044909856/original/bfmOUOyD98QVwMDrrcXpgO7btl5jVqmWWQf415.png]
[s3.amazonaws.com/cdn.freshdesk.com/data/helpdesk/attachments/production/155044909881/original/Xe0SqS4xKr2DQtZ9aotBqx0bbZtbDVAuvAcc54.png]
[help.leadconnectorhq.com/support/solutions/articles/155000005012-introduction-to-multiple-knowledge-bases-in-conversation-ai/hit.gif]
[help.leadconnectorhq.com/support/solutions/articles/155000005012-introduction-to-multiple-knowledge-bases-in-conversation-ai.html]
[help.leadconnectorhq.com/support/solutions/articles/155000005305-transfer-bot-action.html]
[help.leadconnectorhq.com/support/solutions/articles/155000005337-conversation-ai-v3-guided-form-based-setup.html]
[help.leadconnectorhq.com/support/solutions/articles/155000005353-conversation-ai-auto-follow-up.html]
[help.leadconnectorhq.com/support/solutions/articles/155000005533-human-handover-action.html]
[help.leadconnectorhq.com/support/solutions/articles/155000006600-conversation-ai-flow-builder.html]
[help.leadconnectorhq.com/support/solutions/articles/155000006601-conversation-ai-multiple-calendars-support-for-appointment-booking.html]
[help.leadconnectorhq.com/support/solutions/articles/155000006602-conversation-ai-summary-and-transcript.html]
[help.leadconnectorhq.com/support/solutions/articles/155000006603-conversation-ai-bot-inactive-sleep-conditions.html]
[help.leadconnectorhq.com/support/solutions/folders/155000000765/page/2.html]
[help.leadconnectorhq.com/support/solutions/folders/155000000765/page/1.html]
[s3.amazonaws.com/cdn.freshdesk.com/data/helpdesk/attachments/production/48288735907/original/QtS3wqwEHqoT_6EUu0nFpLv8IFkKBdgapwe4ac.jpg]
[s3.amazonaws.com/cdn.freshdesk.com/data/helpdesk/attachments/production/48288735857/original/ldaYQ5AyOlFmyvy3QWsskGCCuusulsqZ5g966f.png]
[s3.amazonaws.com/cdn.freshdesk.com/data/helpdesk/attachments/production/48288735855/original/Ly1reGbwliZZnP2PwyPVA04NV-Jj_nlMpga19d.png]
[s3.amazonaws.com/cdn.freshdesk.com/data/helpdesk/attachments/production/48288735856/original/pHafBKITBs-XJLrExrwmf8aHo3-9YIliNAa19d.png]
[s3.amazonaws.com/cdn.freshdesk.com/data/helpdesk/attachments/production/48288735860/original/EdyuRUf0i8btsP1qCJuI1ILAEpskrp4lgw966f.png]
[s3.amazonaws.com/cdn.freshdesk.com/data/helpdesk/attachments/production/48288735894/original/vJAvw1YTHipTcMMz8nfP1Ap6lD_hup9E9Ae7ec.png]
[s3.amazonaws.com/cdn.freshdesk.com/data/helpdesk/attachments/production/48288735878/original/NbDHbm_ZLP02Hr6-VOOEUOTx-OxYGDKGaA75ee.png]
[s3.amazonaws.com/cdn.freshdesk.com/data/helpdesk/attachments/production/48288735885/original/O98liVR2ucGPu-D5cwufGyB6Q6OQABeXog13e9.png]
[s3.amazonaws.com/cdn.freshdesk.com/data/helpdesk/attachments/production/48288735883/original/52m84BWtfqwYV842vIm64dxhljoJHGA_Ew13e9.png]
[s3.amazonaws.com/cdn.freshdesk.com/data/helpdesk/attachments/production/48288735890/original/qZQsWzG-cn5bKBA60Yjqm6_5ScTbDudsTAdb65.png]
[s3.amazonaws.com/cdn.freshdesk.com/data/helpdesk/attachments/production/48288735901/original/a514hV51maZ8b-v0RlYKC7V0tF-whDo22Abe33.png]
[s3.amazonaws.com/cdn.freshdesk.com/data/helpdesk/attachments/production/48288735900/original/Gm1tYzRJmADihVwWTajzsJjquktVkBm5Uw7cf1.jpg]
[s3.amazonaws.com/cdn.freshdesk.com/data/helpdesk/attachments/production/48288735903/original/lHdJD3Fo3RV9Vz1ycBwxDL_UpQM2JIC3UQe4ac.jpg]
[s3.amazonaws.com/cdn.freshdesk.com/data/helpdesk/attachments/production/48288735905/original/dzUvqif-nG1Y40t3olEN49BSDelm7DGdFAe4ac.jpg]
[s3.amazonaws.com/cdn.freshdesk.com/data/helpdesk/attachments/production/48288735904/original/T6B14Odaw5VUH66ofNs8al3YAXxt8JwY9Ae4ac.jpg]
[s3.amazonaws.com/cdn.freshdesk.com/data/helpdesk/attachments/production/48288735877/original/A6A7DHh9E2VyCbIM1gw3QHAtc8Pdt0pqpQ7794.jpg]
[s3.amazonaws.com/cdn.freshdesk.com/data/helpdesk/attachments/production/48288735902/original/dexdkPflmTagi2VtYYDWRiyrT5Cnbk7Ztwbe33.png]
[help.leadconnectorhq.com/support/solutions/articles/48001235966-how-to-create-recurring-invoices/hit.gif]
[help.leadconnectorhq.com/support/solutions/articles/48001235966-how-to-create-recurring-invoices.html]
[s3.amazonaws.com/cdn.freshdesk.com/data/helpdesk/attachments/production/48294481697/original/41j5gL2qSwbPRpOAAdMAFPbQ8larK1Hu_w9839.png]
[s3.amazonaws.com/cdn.freshdesk.com/data/helpdesk/attachments/production/48294483195/original/K-oPdFTLYfYW0VKJQhm41H8D2ZfNVbIhsg4c6b.png]
[s3.amazonaws.com/cdn.freshdesk.com/data/helpdesk/attachments/production/48294484510/original/M6D5m-WO0tc8HiOhBKdP13XbJGWbWe-qPA282d.png]
[s3.amazonaws.com/cdn.freshdesk.com/data/helpdesk/attachments/production/48294484543/original/Q_ZAOTpcgNHUrNjxMpt9dndeiwebjW0H2w1189.png]
[s3.amazonaws.com/cdn.freshdesk.com/data/helpdesk/attachments/production/48294484586/original/Ilq1RRzeRcvcjypgQmp8aCW0r9c7TgwF4Q03ec.png]
[s3.amazonaws.com/cdn.freshdesk.com/data/helpdesk/attachments/production/48294484252/original/4ptlNfcFsbJmTkA96EalyAH-b4fuOSL6VQ42b2.png]
[s3.amazonaws.com/cdn.freshdesk.com/data/helpdesk/attachments/production/48294485832/original/Eshvntif-pCDHApfWzfMx2ZmnriKZ2I4Qw3d29.png]
[s3.amazonaws.com/cdn.freshdesk.com/data/helpdesk/attachments/production/48294485695/original/Ch8oCbOWw2_aPmeVJUKjpAle339VPnN9IA88ae.png]
[help.leadconnectorhq.com/support/solutions/articles/48001238884-how-to-manage-refunds-within-the-crm-/hit.gif]
[help.leadconnectorhq.com/support/solutions/articles/48001238884-how-to-manage-refunds-within-the-crm-.html]
[s3.amazonaws.com/cdn.freshdesk.com/data/helpdesk/attachments/production/155001929055/original/mD9i6e4mEeDcklKf64dNhFnCFNoNjSJcLAda0e.gif]
[help.leadconnectorhq.com/support/solutions/articles/155000000264-enabling-sales-receipts-for-order-form-purchases/hit.gif]
[help.leadconnectorhq.com/support/solutions/articles/155000000264-enabling-sales-receipts-for-order-form-purchases.html]
[s3.amazonaws.com/cdn.freshdesk.com/data/helpdesk/attachments/production/155042517921/original/0Cj14P2XC6yydyLAXCwCOGA1ZXnxZiZjZAf107.png]
[help.leadconnectorhq.com/support/solutions/articles/155000004707-how-to-import-invoices-from-previous-softwares-using-csv-into-your-crm-/hit.gif]
[help.leadconnectorhq.com/support/solutions/articles/155000004707-how-to-import-invoices-from-previous-softwares-using-csv-into-your-crm-.html]
[help.leadconnectorhq.com/support/solutions/articles/155000005078-import-transactions-csv-file-field-formats/hit.gif]
[help.leadconnectorhq.com/support/solutions/articles/155000005078-import-transactions-csv-file-field-formats.html]
[help.leadconnectorhq.com/support/solutions/articles/155000005079-import-orders-csv-file-field-formats.html]
[help.leadconnectorhq.com/support/solutions/articles/155000007177-how-to-connect-a-payment-provider-and-start-accepting-payments.html]
[help.leadconnectorhq.com/support/solutions/folders/48000682655/page/2.html]
[assets3.freshdesk.com/assets/cdn/portal_print-6e04b27f27ab27faab81f917d275d593fa892ce13150854024baaf983b3f4326.css]
[help.leadconnectorhq.com/support/solutions/folders/48000682655/page/1.html]
[help.leadconnectorhq.com/support/solutions/articles/155000005699-guide-funnel-website-stats-definitions/hit.gif]
[help.leadconnectorhq.com/support/solutions/articles/155000005699-guide-funnel-website-stats-definitions.html]
[help.leadconnectorhq.com/support/solutions/articles/155000006339-gain-a-competitive-edge-with-competitor-analysis-in-reputation-management/hit.gif]
[help.leadconnectorhq.com/support/solutions/articles/155000006339-gain-a-competitive-edge-with-competitor-analysis-in-reputation-management.html]
[s3.amazonaws.com/cdn.freshdesk.com/data/helpdesk/attachments/production/155001131958/original/wrF0q9BG2Mome--d-pZosDZv4vYRes-mhwf990.png]
[s3.amazonaws.com/cdn.freshdesk.com/data/helpdesk/attachments/production/155001131961/original/-ckukqF4aEPZ5c4i8PcOYjAvkRfQIvrtkgfa0d.png]
[s3.amazonaws.com/cdn.freshdesk.com/data/helpdesk/attachments/production/155001131957/original/I4mtI9R9s2m4vhQVPkSoeUaVtYbHpsDuDAf990.jpg]
[s3.amazonaws.com/cdn.freshdesk.com/data/helpdesk/attachments/production/155001131959/original/oIgffMyiBMUyOm66ps2lz000ajdWlSesbQf990.png]
[s3.amazonaws.com/cdn.freshdesk.com/data/helpdesk/attachments/production/155001132746/original/F5RnWCNk5L133HV4wLtZFV-HCPpHZJwmFge66a.png]
[s3.amazonaws.com/cdn.freshdesk.com/data/helpdesk/attachments/production/155001132846/original/iHR4odbH7nDRAs-VJ1Fz1ZJD6ELximtJLA82f2.png]
[s3.amazonaws.com/cdn.freshdesk.com/data/helpdesk/attachments/production/155001133051/original/yH08223lvSR9bST6o5-TXSofbakriPbu_g7dc8.png]
[s3.amazonaws.com/cdn.freshdesk.com/data/helpdesk/attachments/production/155001133111/original/6pI92lb9WJZoPp-thlWHqrEvEjgDVELpBgbfb9.png]
[help.leadconnectorhq.com/support/solutions/articles/48001214536-leadconnector-messaging-policy/hit.gif]
[help.leadconnectorhq.com/support/solutions/articles/48001214536-leadconnector-messaging-policy.html]
[help.leadconnectorhq.com/support/solutions/articles/155000000766-a2p-10dlc-brand-approval-best-practices.html]
[s3.amazonaws.com/cdn.freshdesk.com/data/helpdesk/attachments/production/155043009573/original/jUA6Qwo4lpmKfpmMlaN07XM_0tgoUcdNHw93db.png]
[s3.amazonaws.com/cdn.freshdesk.com/data/helpdesk/attachments/production/155043009596/original/r8ITZXT42KpzSZ9wDinWik75bo0DDQkhdA3150.jpg]
[s3.amazonaws.com/cdn.freshdesk.com/data/helpdesk/attachments/production/155043009590/original/u0F6zrEz3m04VIz7apYGARF0mfjFshJrXg3150.jpg]
[s3.amazonaws.com/cdn.freshdesk.com/data/helpdesk/attachments/production/155043009592/original/8BLfRkRijsqAmUrtcesga5IsdBjjLZXArw3150.jpg]
[s3.amazonaws.com/cdn.freshdesk.com/data/helpdesk/attachments/production/155043009564/original/EiHcbiCpZDIxs8PjE0Rn3Rkif7owCof02A6811.jpg]
[s3.amazonaws.com/cdn.freshdesk.com/data/helpdesk/attachments/production/155043009588/original/yP5wrfjTXPG8WGATt9eFm_CyOIYS0f8V9g3150.jpg]
[s3.amazonaws.com/cdn.freshdesk.com/data/helpdesk/attachments/production/155043009566/original/-l55aPLrGg2bgeuQcXNa1htLdEJQgY1JAAe214.png]
[s3.amazonaws.com/cdn.freshdesk.com/data/helpdesk/attachments/production/155043009562/original/P19dUiTQ-q4PfutH5rvdwjrBXLfH3C04ew1c45.jpg]
[s3.amazonaws.com/cdn.freshdesk.com/data/helpdesk/attachments/production/155043009589/original/LXgAOCCJlgmO0sDapna-JWbVr_3jtK92mA3150.jpg]
[s3.amazonaws.com/cdn.freshdesk.com/data/helpdesk/attachments/production/155043009575/original/jOPBycblF7VLpofNBrnRlflHspgKxBq5VQ0767.png]
[s3.amazonaws.com/cdn.freshdesk.com/data/helpdesk/attachments/production/155043009569/original/qb0JnJnbr5RVOhWPkfYkKeopM2shr-tG0gbd1a.png]
[s3.amazonaws.com/cdn.freshdesk.com/data/helpdesk/attachments/production/155043009558/original/OOqRiuXD16nOHWID98cot69gxOjPx8Cp1gd9b5.png]
[s3.amazonaws.com/cdn.freshdesk.com/data/helpdesk/attachments/production/155043009570/original/JEoyFD0QHU4MIh7rp1U0NloUUVJl_Gh3aA53cc.jpg]
[s3.amazonaws.com/cdn.freshdesk.com/data/helpdesk/attachments/production/155043009583/original/aVpL3Uej_5ysnUY-ZagK0l3JHym5Im-VQA1b88.png]
[s3.amazonaws.com/cdn.freshdesk.com/data/helpdesk/attachments/production/155043009567/original/Ok3bYi38HPvpxJkGKHEYIcnx6z8k7D0hEw9d63.png]
[s3.amazonaws.com/cdn.freshdesk.com/data/helpdesk/attachments/production/155043009576/original/a4CgLeo6-jz44eGamtaZeOP-wgO9YAnkkg0767.jpg]
[s3.amazonaws.com/cdn.freshdesk.com/data/helpdesk/attachments/production/155043009568/original/qwdEMGDW9m7q44Qhmp5Qjeqh9A3URzBzBw9d63.jpg]
[s3.amazonaws.com/cdn.freshdesk.com/data/helpdesk/attachments/production/155043009563/original/8Jb5-C3IUDFD3o8DAST6TkU4LKqZOWkZ6w1c45.jpg]
[s3.amazonaws.com/cdn.freshdesk.com/data/helpdesk/attachments/production/155043009559/original/J2-tfwVaqkJHkRTI1sPipwWMxrpfMS0r9gd9b5.jpg]
[s3.amazonaws.com/cdn.freshdesk.com/data/helpdesk/attachments/production/155043009560/original/FiAK7cuhq8KB93-7uevfU7fmtdugtv2qQgd9b5.jpg]
[s3.amazonaws.com/cdn.freshdesk.com/data/helpdesk/attachments/production/155043009586/original/F0kv35dws3hTqH0aCA7Ua3jT7S-bjVGfBQ3150.jpg]
[s3.amazonaws.com/cdn.freshdesk.com/data/helpdesk/attachments/production/155043009561/original/0d3wHer_jX9tqOZ2akafZ0IvRTOSiPvTXQ1c45.jpg]
[s3.amazonaws.com/cdn.freshdesk.com/data/helpdesk/attachments/production/155043009593/original/ujrm8Sy2LnBjUU11dr6y0Sg2HC5o_L0FJA3150.jpg]
[s3.amazonaws.com/cdn.freshdesk.com/data/helpdesk/attachments/production/155043009587/original/41JPWdztamibjbd8k5RUhSQ8gRiu5XsE6g3150.jpg]
[s3.amazonaws.com/cdn.freshdesk.com/data/helpdesk/attachments/production/155043009581/original/dRM9BHvos8A_QKJ9fGvHR7gZwkhstcltWw3150.jpg]
[s3.amazonaws.com/cdn.freshdesk.com/data/helpdesk/attachments/production/155043009595/original/mlyf9gdNtelkSdpMHrWL2pXLqqhxhPU-9A3150.jpg]
[s3.amazonaws.com/cdn.freshdesk.com/data/helpdesk/attachments/production/155043009585/original/yAXILONHWxfPuM5OXOHEnSVYGIV1DaV_xQ3150.jpg]
[help.leadconnectorhq.com/support/solutions/articles/155000000174.html]
[help.leadconnectorhq.com/support/solutions/articles/155000004627.html]
[s3.amazonaws.com/cdn.freshdesk.com/data/helpdesk/attachments/production/155043009582/original/_Gs1ypD1tluTC-HJC2Z1K0xqFgTvAek6iA3150.jpg]
[s3.amazonaws.com/cdn.freshdesk.com/data/helpdesk/attachments/production/155043009579/original/X0tCFkPZjnzkg_5tV3tUCN_S23mWJLyX5Q1b88.png]
[s3.amazonaws.com/cdn.freshdesk.com/data/helpdesk/attachments/production/155043009580/original/IZonflxpgQqPn2QJSrUuyLK_cr73Qtz7-w3150.jpg]
[s3.amazonaws.com/cdn.freshdesk.com/data/helpdesk/attachments/production/155043009594/original/5SEmywyPn9_AfYMOZF_9BRu18Oqf40p_6w3150.jpg]
[help.leadconnectorhq.com/support/solutions/articles/155000004619.html]
[s3.amazonaws.com/cdn.freshdesk.com/data/helpdesk/attachments/production/155043009591/original/g3YFaZFrR58MEPKjNM3pEUsS9_1SyMb8bA3150.jpg]
[s3.amazonaws.com/cdn.freshdesk.com/data/helpdesk/attachments/production/155045075230/original/dBPQTXtDGStBoDAyP8an1GrYW44pe6y4fA794d.png]
[s3.amazonaws.com/cdn.freshdesk.com/data/helpdesk/attachments/production/155043009597/original/0UILpXV9sbaATOxz83BMx4vg4e8vEBS4CQ5c35.jpg]
[s3.amazonaws.com/cdn.freshdesk.com/data/helpdesk/attachments/production/48266814326/original/4LFG6wOepuhMvj2huNt7tCTAVx0ZukdnqQ47ea.png]
[s3.amazonaws.com/cdn.freshdesk.com/data/helpdesk/attachments/production/48266816161/original/v-ATmTgW2HgvbG5rFwt58LSXy6lH7Pg8zw2b14.png]
[help.leadconnectorhq.com/support/solutions/articles/48001226976-brand-registration-step-by-step-guide-and-faqs/hit.gif]
[help.leadconnectorhq.com/support/solutions/articles/48001226976-brand-registration-step-by-step-guide-and-faqs.html]
[help.leadconnectorhq.com/support/solutions/articles/155000001462-why-was-my-toll-free-verification-rejected-.html]
[images.tango.us/workflows/2d538e8f-bbe8-4228-9d90-8406e6f04aed/steps/e343867f-c098-4bea-84bb-4ec809ec7061/303e94fd-a914-49fd-8499-396c0a0c907028f5.png]
[images.tango.us/workflows/2d538e8f-bbe8-4228-9d90-8406e6f04aed/steps/1861faa2-1d4b-4b43-89a5-2ea783128641/e0f615f2-435a-4bc0-bb8e-9f20d87af3ccafc9.png]
[images.tango.us/workflows/2d538e8f-bbe8-4228-9d90-8406e6f04aed/steps/4102f6ee-f9e1-4ade-a879-cd4b8929da82/4dcd9c4d-3b91-4b8c-91cb-b168328849f5ce8e.png]
[images.tango.us/workflows/2d538e8f-bbe8-4228-9d90-8406e6f04aed/steps/cf097625-cac9-48ad-a4d8-d13ca5d482df/1f679ff9-a31c-4d9e-9d8a-1307d582a12531fd.png]
[images.tango.us/workflows/2d538e8f-bbe8-4228-9d90-8406e6f04aed/steps/3a6c5a6b-8225-48b6-9563-cf319a0b59f0/c047cae5-d190-47cb-93ba-57b0ba04de7483b1.png]
[images.tango.us/workflows/2d538e8f-bbe8-4228-9d90-8406e6f04aed/steps/025f4e75-8217-4848-9026-fe2108eb966f/6807a6eb-4e60-4fb1-8def-bcd85f8bd7f6dfa3.png]
[storage.googleapis.com/msgsndr/RNTEDRA9ap9xSh2MyTYS/media/65271336fe7786badd88b169.png]
[s3.amazonaws.com/cdn.freshdesk.com/data/helpdesk/attachments/production/48292787895/original/37pt6V5rKt8Eafh-UZgMvW09vOsxAVxtIgacab.png]
[s3.amazonaws.com/cdn.freshdesk.com/data/helpdesk/attachments/production/48292787897/original/DoMcyzyIwbmkuFO-xe43ADt-GjmwWGCJqw7c60.png]
[s3.amazonaws.com/cdn.freshdesk.com/data/helpdesk/attachments/production/155005900766/original/L3lD7XFqJOnzoiktlm3jksgppXv6Ynqasw01f8.png]
[help.leadconnectorhq.com/support/solutions/articles/155000001462.html]
[s3.amazonaws.com/cdn.freshdesk.com/data/helpdesk/attachments/production/155013521213/original/4wXx7Z9ZAW4w6p3p2W4Z4P_t9_QDKqKjzg8ee6.png]
[help.leadconnectorhq.com/support/solutions/articles/155000000180-toll-free-verification-guide-for-lc-phone-us-canada-/hit.gif]
[help.leadconnectorhq.com/support/solutions/articles/155000000180-toll-free-verification-guide-for-lc-phone-us-canada-.html]
[help.leadconnectorhq.com/support/solutions/articles/155000000180-toll-free-number-registration-for-lc-phone-us-canada-.html]
[s3.amazonaws.com/cdn.freshdesk.com/data/helpdesk/attachments/production/155001142321/original/kDqvmN_tnUQdOOguOd6Er68jB7Yz-SH9rgac48.png]
[s3.amazonaws.com/cdn.freshdesk.com/data/helpdesk/attachments/production/155001141328/original/wvwlh5zpy6y0GkThYSWQg7VEJXn9muGe8Ac735.png]
[s3.amazonaws.com/cdn.freshdesk.com/data/helpdesk/attachments/production/155001142461/original/c24mXf9P_sGxAa-gYVQYCVAjAYeHJp5i_Q44cc.png]
[s3.amazonaws.com/cdn.freshdesk.com/data/helpdesk/attachments/production/155001141303/original/1kxMkHNZp8S8xPdGt-bgfNOrFujmXiUZbQd940.png]
[s3.amazonaws.com/cdn.freshdesk.com/data/helpdesk/attachments/production/155001141290/original/NFGAN28JeR0UdhKMas7LmQ91A7mbDPDHpw19aa.png]
[s3.amazonaws.com/cdn.freshdesk.com/data/helpdesk/attachments/production/155001141318/original/Sp9fkWpgL5YYCCK5uM3dLs9A1Oj42Js-AQe9d6.png]
[s3.amazonaws.com/cdn.freshdesk.com/data/helpdesk/attachments/production/155001141329/original/G39rjRVWMHENc1J3QwYiEBSjChAyjibIswd16d.png]
[s3.amazonaws.com/cdn.freshdesk.com/data/helpdesk/attachments/production/155001141330/original/VxbWkNp-CSw-XqmtJpNahlIbcuepPrGyYQd16d.png]
[s3.amazonaws.com/cdn.freshdesk.com/data/helpdesk/attachments/production/155001141331/original/DUhVLN6Ue6pIFP8krHGTr69RL7E4oeplrgd16d.png]
[help.leadconnectorhq.com/support/solutions/articles/155000000181-how-to-buy-a-toll-free-number-/hit.gif]
[help.leadconnectorhq.com/support/solutions/articles/155000000181-how-to-buy-a-toll-free-number-.html]
[help.leadconnectorhq.com/support/solutions/articles/155000000756.html]
[help.leadconnectorhq.com/support/solutions/articles/155000000755-detailed-pricing-for-a2p-10dlc-registrations/hit.gif]
[help.leadconnectorhq.com/support/solutions/articles/155000000755-detailed-pricing-for-a2p-10dlc-registrations.html]
[help.leadconnectorhq.com/support/solutions/articles/155000000756-what-is-a2p-10dlc-.html]
[help.leadconnectorhq.com/support/solutions/articles/155000000860-u-s-a2p-10dlc-messaging-registration-mandatory-effective-from-july-5-2023.html]
[help.leadconnectorhq.com/support/solutions/articles/155000004188-know-your-customer-kyc-in-the-united-kingdom.html]
[help.leadconnectorhq.com/support/solutions/articles/155000004298-number-intelligence-number-validity-detect-spam-calls-and-look-up-unknown-caller-name.html]
[help.leadconnectorhq.com/support/solutions/articles/155000004358-remediate-spam-likely-on-your-caller-id-using-voice-integrity.html]
[help.leadconnectorhq.com/support/solutions/articles/155000004441-microphone-permission-on-different-browsers.html]
[help.leadconnectorhq.com/support/solutions/articles/155000004494-best-practices-for-sms-deliverability-and-avoiding-sms-restrictions.html]
[help.leadconnectorhq.com/support/solutions/articles/155000004617-message-throughput-mps-and-trust-scores-for-a2p-10dlc-in-the-us.html]
[help.leadconnectorhq.com/support/solutions/folders/48000689487/page/2.html]
[help.leadconnectorhq.com/support/solutions/folders/48000689487/page/1.html]
[help.leadconnectorhq.com/support/solutions/articles/155000004618-list-of-campaign-use-case-types-for-a2p-10dlc-registration.html]
[help.leadconnectorhq.com/support/solutions/articles/155000004619-a2p-opt-in-form-privacy-policy-and-terms-and-conditions-guidelines.html]
[help.leadconnectorhq.com/support/solutions/articles/155000004627-how-to-submit-a-campaign-for-a2p-10dlc-.html]
[help.leadconnectorhq.com/support/solutions/articles/155000004685-configuring-sender-id-and-opt-out-language-for-sms-compliance.html]
[help.leadconnectorhq.com/support/solutions/articles/155000004749-campaign-rejection-reasons-and-resolutions.html]
[help.leadconnectorhq.com/support/solutions/articles/155000004796-calculating-sms-and-mms-costs-a-step-by-step-guide.html]
[help.leadconnectorhq.com/support/solutions/articles/155000005094-how-to-set-up-verified-caller-id-use-your-number-for-voice-calls-.html]
[help.leadconnectorhq.com/support/solutions/articles/155000005095-how-to-set-up-call-tracking-number-pool-.html]
[help.leadconnectorhq.com/support/solutions/articles/155000005157-call-forwarding-to-your-leadconnector-phone-number.html]
[help.leadconnectorhq.com/support/solutions/folders/48000689487/page/3.html]
[help.leadconnectorhq.com/support/solutions/articles/155000005339-call-dispositions.html]
[help.leadconnectorhq.com/support/solutions/articles/155000005561-voip-deskphones-sip-endpoints-.html]
[help.leadconnectorhq.com/support/solutions/articles/155000005780-regulatory-bundle-and-address-creation-for-sub-accounts.html]
[help.leadconnectorhq.com/support/solutions/articles/155000005799-identity-verification-for-phone-number-purchases-us-ca-pr-.html]
[help.leadconnectorhq.com/support/solutions/articles/155000005898-best-practices-around-periodically-sending-opt-out-texts-and-sender-ids.html]
[help.leadconnectorhq.com/support/solutions/articles/155000006104-why-doesn-t-my-business-name-display-after-cnam-registration-.html]
[help.leadconnectorhq.com/support/solutions/articles/155000006239-quiet-hours.html]
[help.leadconnectorhq.com/support/solutions/articles/155000006324-texas-mini-tcpa-law-what-you-need-to-know-effective-sept-1-2025-.html]
[help.leadconnectorhq.com/support/solutions/articles/155000006331-call-recording-storage.html]
[help.leadconnectorhq.com/support/solutions/articles/155000006337-call-transcriptions-for-recorded-calls.html]
[help.leadconnectorhq.com/support/solutions/folders/48000689487/page/4.html]
[help.leadconnectorhq.com/support/solutions/articles/155000006367-phone-number-edit-configuration-incoming-calls-settings-.html]
[help.leadconnectorhq.com/support/solutions/articles/155000006425-improve-your-phone-number-s-reputation-with-voice-integrity.html]
[help.leadconnectorhq.com/support/solutions/articles/155000006426-recommendations-and-best-practices-for-maintaining-a-positive-caller-reputation.html]
[help.leadconnectorhq.com/support/solutions/articles/155000006427-why-are-my-calls-marked-as-spam-and-how-can-i-avoid-it-.html]
[help.leadconnectorhq.com/support/solutions/articles/155000006428-what-is-a2p-10-dlc-brand-and-campaign-registration.html]
[help.leadconnectorhq.com/support/solutions/articles/155000006431-what-is-shaken-stir-.html]
[help.leadconnectorhq.com/support/solutions/articles/155000006432-what-is-cnam-.html]
[help.leadconnectorhq.com/support/solutions/articles/155000006465-agency-sms-warm-up-period-daily-limit.html]
[help.leadconnectorhq.com/support/solutions/articles/155000006698-voicemail-article-coming-soon.html]
[help.leadconnectorhq.com/support/solutions/articles/155000006750-kyc-verification-on-persona-best-practices.html]
[help.leadconnectorhq.com/support/solutions/folders/48000689487/page/5.html]
[help.leadconnectorhq.com/support/solutions/articles/155000006957-billing-statement-help.html]
[help.leadconnectorhq.com/support/solutions/articles/155000006961-updated-messaging-guidelines-for-the-u-s-canada.html]
[help.leadconnectorhq.com/support/solutions/articles/155000007120-opt-in-methods-their-compliance-requirements.html]
[help.leadconnectorhq.com/support/solutions/folders/48000689487/page/6.html]
[help.leadconnectorhq.com/support/solutions/articles/155000007121-website-compliance-guide.html]
[s3.amazonaws.com/cdn.freshdesk.com/data/helpdesk/attachments/production/155037877083/original/3SK__tDnvD0cWq1Avq1vXvH_Wvdm_13vfQa58a.jpg]
[help.leadconnectorhq.com/support/solutions/articles/155000004358-remediate-spam-likely-on-your-caller-id-using-voice-integrity/hit.gif]
[help.leadconnectorhq.com/support/solutions/articles/155000004358-remediate-spam-likely-on-your-caller-id-using-free-caller-registry.html]
[help.leadconnectorhq.com/support/solutions/articles/48001226976.html]
[help.leadconnectorhq.com/support/solutions/articles/48001239448.html]
[help.leadconnectorhq.com/support/solutions/articles/48001231670.html]
[help.leadconnectorhq.com/support/solutions/articles/48001214536.html]
[help.leadconnectorhq.com/support/solutions/articles/155000000068.html]
[storage.googleapis.com/msgsndr/xxxxxxxxx.png]
[help.leadconnectorhq.com/support/solutions/articles/155000005092-30002-message-failed-your-account-is-currently-suspended-/hit.gif]
[help.leadconnectorhq.com/support/solutions/articles/155000005092-30002-message-failed-your-account-is-currently-suspended-.html]
[help.leadconnectorhq.com/support/solutions/articles/155000005093-30003-number-unreachable-or-out-of-service-/hit.gif]
[help.leadconnectorhq.com/support/solutions/articles/155000005093-30003-number-unreachable-or-out-of-service-.html]
[help.leadconnectorhq.com/support/solutions/articles/155000005096-30004-recipient-has-opted-out-or-has-dnd-enabled-/hit.gif]
[help.leadconnectorhq.com/support/solutions/articles/155000005096-30004-recipient-has-opted-out-or-has-dnd-enabled-.html]
[help.leadconnectorhq.com/support/solutions/articles/155000005097-30005-the-recipient-s-number-is-inactive-or-does-not-exist-/hit.gif]
[help.leadconnectorhq.com/support/solutions/articles/155000005097-30005-the-recipient-s-number-is-inactive-or-does-not-exist-.html]
[help.leadconnectorhq.com/support/solutions/articles/155000005098-30006-landline-or-unreachable-carrier/hit.gif]
[help.leadconnectorhq.com/support/solutions/articles/155000005098-30006-landline-or-unreachable-carrier.html]
[help.leadconnectorhq.com/support/solutions/articles/155000005099-30007-message-filtered.html]
[help.leadconnectorhq.com/support/solutions/articles/155000005100-30008-unknown-error.html]
[help.leadconnectorhq.com/support/solutions/articles/155000005101-30011-mms-not-supported-by-the-receiving-phone-number-in-this-region.html]
[help.leadconnectorhq.com/support/solutions/articles/155000005102-30023-daily-message-cap-reached.html]
[help.leadconnectorhq.com/support/solutions/articles/155000005103-30032-toll-free-number-has-not-been-verified.html]
[help.leadconnectorhq.com/support/solutions/articles/155000005107-21610-attempt-to-send-to-unsubscribed-recipient.html]
[help.leadconnectorhq.com/support/solutions/articles/155000005186-30033-us-a2p-10dlc-campaign-suspended.html]
[help.leadconnectorhq.com/support/solutions/articles/155000005187-30037-outbound-messaging-disabled.html]
[help.leadconnectorhq.com/support/solutions/articles/155000005192-21612-message-cannot-be-sent-with-the-current-combination-of-to-and-or-from-parameters.html]
[help.leadconnectorhq.com/support/solutions/articles/155000005196-30034-number-not-a2p-compliant-please-register-for-a2p.html]
[help.leadconnectorhq.com/support/solutions/folders/155000001189/page/2.html]
[help.leadconnectorhq.com/support/solutions/folders/155000001189/page/1.html]
[help.leadconnectorhq.com/support/solutions/articles/155000005198-21606-the-from-phone-number-provided-is-not-a-valid-message-capable-phone-number-for-this-destinat.html]
[help.leadconnectorhq.com/support/solutions/folders/155000001189/page/3.html]
[help.leadconnectorhq.com/support/solutions/articles/155000005853-30035-number-not-fully-registered-for-a2p-messaging-please-wait-up-to-24-hours-after-approval-.html]
[s3.amazonaws.com/cdn.freshdesk.com/data/helpdesk/attachments/production/48294379946/original/7uOQh_K68fa9-BSrLtJLo_Xiz2Pyqqu9Rg127f.png]
[s3.amazonaws.com/cdn.freshdesk.com/data/helpdesk/attachments/production/48294379954/original/fALHu-xTp-pwoBYc4x-BSr8hw9V5pv96egcf0f.jpg]
[s3.amazonaws.com/cdn.freshdesk.com/data/helpdesk/attachments/production/48294379950/original/yMFL3kKEwjtxlegk1_tcUtduPEaEbYbMHA8041.png]
[s3.amazonaws.com/cdn.freshdesk.com/data/helpdesk/attachments/production/48294379953/original/Y3ZWm6EgjBJ7SzWb6P5n84l2UDCYtxm0Qwcf0f.png]
[s3.amazonaws.com/cdn.freshdesk.com/data/helpdesk/attachments/production/48294379952/original/R_l1ysiuuZWmlIXCv-K1g1Qsx1bQjS88Zg8041.png]
[help.leadconnectorhq.com/support/solutions/articles/48001238271-action-update-contact-field/hit.gif]
[help.leadconnectorhq.com/support/solutions/articles/48001238271-action-update-contact-field.html]
[s3.amazonaws.com/cdn.freshdesk.com/data/helpdesk/attachments/production/48294607648/original/2Sb4j52MAkt7w5MZn42AefFhgMV4We7cFwf338.png]
[s3.amazonaws.com/cdn.freshdesk.com/data/helpdesk/attachments/production/48294564216/original/hNwO41Tn3IeXUmSs71Njeq6SC7sDOY_c4Qcf8d.png]
[s3.amazonaws.com/cdn.freshdesk.com/data/helpdesk/attachments/production/48294564258/original/DiT1Jjdv1ms9kwjWptvwfvl4-VzkeOcR6w9588.png]
[s3.amazonaws.com/cdn.freshdesk.com/data/helpdesk/attachments/production/48294599591/original/OrCqP9hHx0Hn9hTZVHZu36bkcArxNdWgPgd397.png]
[s3.amazonaws.com/cdn.freshdesk.com/data/helpdesk/attachments/production/48294601007/original/F5rh94OpAzMdtC93c23wQ4pYrasZGL7irw2bf1.png]
[help.leadconnectorhq.com/support/solutions/articles/48001238394-workflow-trigger-payment-received/hit.gif]
[help.leadconnectorhq.com/support/solutions/articles/48001238394-workflow-trigger-payment-received.html]
[s3.amazonaws.com/cdn.freshdesk.com/data/helpdesk/attachments/production/48295353423/original/ETNwXNUYAUB1KHGwVumt3CFQL4pm3t2wxA363a.png]
[s3.amazonaws.com/cdn.freshdesk.com/data/helpdesk/attachments/production/48295358824/original/6HyMZclWva2s1tpQYq2csgKrTfbR02t8Mgc379.png]
[s3.amazonaws.com/cdn.freshdesk.com/data/helpdesk/attachments/production/48295359168/original/QpxnX9CjJ4lFMs_HhQOZqisL3OyvhiPwcA5d6a.png]
[s3.amazonaws.com/cdn.freshdesk.com/data/helpdesk/attachments/production/48295359359/original/kL6lL5ldYQ3JAoxqKX-JG-OwCvOzFPuOsQ83ed.png]
[s3.amazonaws.com/cdn.freshdesk.com/data/helpdesk/attachments/production/48295359645/original/_lbw1zkpMQd18-kbEHmTj3YWUdRkxTpq4Q9236.png]
[s3.amazonaws.com/cdn.freshdesk.com/data/helpdesk/attachments/production/48295367824/original/Pggam1ANisuVxcfWQL1Bo-ZKkijmQwASNw4d28.png]
[s3.amazonaws.com/cdn.freshdesk.com/data/helpdesk/attachments/production/48295360991/original/nthZbExWWvrnKhuHvgiyXE74A4uwJgyS-g0ada.png]
[s3.amazonaws.com/cdn.freshdesk.com/data/helpdesk/attachments/production/48295361498/original/uvaU5Pkq9xWRD_hCEOUeLB-h1-TTR1n0mw5467.png]
[s3.amazonaws.com/cdn.freshdesk.com/data/helpdesk/attachments/production/48295361816/original/5zgwvwgFGTiFdD-cpN32G_HkHAOZGzSFVQ3ee2.png]
[s3.amazonaws.com/cdn.freshdesk.com/data/helpdesk/attachments/production/48295361925/original/7bBgAjhGtq-MDC1wWwyhlWSyXowFlrlbEw69a0.png]
[s3.amazonaws.com/cdn.freshdesk.com/data/helpdesk/attachments/production/48295367777/original/CVx0Z7rsXzKYBbDcgvoU4X2ISG82heMFUg02ae.png]
[s3.amazonaws.com/cdn.freshdesk.com/data/helpdesk/attachments/production/48295365849/original/xznTbscOfMS6q7PaPLvhh9bGP15C7WvKLgf4f0.png]
[s3.amazonaws.com/cdn.freshdesk.com/data/helpdesk/attachments/production/48295363649/original/oxTKqEK6G40V2vPG02-JNp8Fzu-ADU_WQw9db3.png]
[s3.amazonaws.com/cdn.freshdesk.com/data/helpdesk/attachments/production/48295364907/original/OE5d6ypdG7fow5Qtk3lwGvRCRX5tEAWuig0430.png]
[s3.amazonaws.com/cdn.freshdesk.com/data/helpdesk/attachments/production/48295365058/original/rcvg2HYNGlPr_SN_YpcmizqXqoabEk6x4Q3919.png]
[s3.amazonaws.com/cdn.freshdesk.com/data/helpdesk/attachments/production/48295367722/original/DO7-sSN361ImPfshclXllmt0j7OeZMmKTA75d6.png]
[s3.amazonaws.com/cdn.freshdesk.com/data/helpdesk/attachments/production/48295365634/original/J8ekd9jskmEvqS0cm73A1Ny8IMJZgAyJMAa187.png]
[s3.amazonaws.com/cdn.freshdesk.com/data/helpdesk/attachments/production/48295366487/original/i0a1FOb6xqJ2xa7qm58vmYFkDa0MzFrDDg21cb.png]
[s3.amazonaws.com/cdn.freshdesk.com/data/helpdesk/attachments/production/48295366622/original/voPslYo_LJ_jdnesLyrouSjTjoIJKJmNNA8286.png]
[s3.amazonaws.com/cdn.freshdesk.com/data/helpdesk/attachments/production/48295367610/original/nFf2DOd3E5L1m3pBtX0LxKzl4qJBMzy7DA4ae3.png]
[s3.amazonaws.com/cdn.freshdesk.com/data/helpdesk/attachments/production/48295367693/original/dX6X8_Lhp1y756xXKdUw3Iv-qA-m54uomQ5fe6.png]
[s3.amazonaws.com/cdn.freshdesk.com/data/helpdesk/attachments/production/48295368203/original/S8h9eoGRufVi9bVTFNifb3bbu3z1gBR91gf9c1.png]
[s3.amazonaws.com/cdn.freshdesk.com/data/helpdesk/attachments/production/48295369178/original/XA6g-FCDIzs9GpcAt4tf2NeTOEsJGjL7-A708f.png]
[s3.amazonaws.com/cdn.freshdesk.com/data/helpdesk/attachments/production/48295369782/original/favfjDZ6dyHfuP7h6defU5WvGo18-YXsaw9909.png]
[s3.amazonaws.com/cdn.freshdesk.com/data/helpdesk/attachments/production/48295369872/original/JpveMDdig-ffvwtFZL7YbVDbNPWWY6eJNgd23b.png]
[help.leadconnectorhq.com/support/solutions/articles/48001238737-how-to-use-the-number-formatter-premium-action-/hit.gif]
[help.leadconnectorhq.com/support/solutions/articles/48001238737-how-to-use-the-number-formatter-premium-action-.html]
[s3.amazonaws.com/cdn.freshdesk.com/data/helpdesk/attachments/production/48295721107/original/DjS2PFxbzvv4f-5Xg8bpvdxSvuX7GBeClAf895.png]
[s3.amazonaws.com/cdn.freshdesk.com/data/helpdesk/attachments/production/48295867348/original/xQs7llClx5QzENpzXFxcyM4FYbSIwtqPwQ0054.png]
[s3.amazonaws.com/cdn.freshdesk.com/data/helpdesk/attachments/production/48295869238/original/Idk_jXMvGcvmYE7xrX8WZl6ouE9djB0LBg0555.png]
[s3.amazonaws.com/cdn.freshdesk.com/data/helpdesk/attachments/production/48295869246/original/rbIApkQg2GeD9soXuW0cmWEPkBDBNrvz8w9e80.png]
[s3.amazonaws.com/cdn.freshdesk.com/data/helpdesk/attachments/production/48295869748/original/b78ASZQf7rqIM0vR3BSWTiwmMP0HZgFW0gc6f6.png]
[s3.amazonaws.com/cdn.freshdesk.com/data/helpdesk/attachments/production/48295831410/original/pIGPlZ0LA7qte2Noj3eI9UpTLjXQZ_zOLg0ff5.png]
[help.leadconnectorhq.com/support/solutions/articles/48001238994-action-update-custom-value/hit.gif]
[help.leadconnectorhq.com/support/solutions/articles/48001238994-action-update-custom-value.html]
[s3.amazonaws.com/cdn.freshdesk.com/data/helpdesk/attachments/production/155000617849/original/Bk6vPFLzLVPdSIO57APfW-ekrtxgHpR-Pw925f.gif]
[s3.amazonaws.com/cdn.freshdesk.com/data/helpdesk/attachments/production/155000504595/original/VlDIO-g_X-ntiIZJKWkQCzGLBjIpN2YzfQ0efb.png]
[s3.amazonaws.com/cdn.freshdesk.com/data/helpdesk/attachments/production/155000617892/original/KHLM_BOkYEMtuk1PaNhw23uuZJZEBDmvKwdd4e.png]
[s3.amazonaws.com/cdn.freshdesk.com/data/helpdesk/attachments/production/155000617981/original/kpPIV3ryxf4-F3YBRJonnKJX9Oa0-55qqQ79a9.gif]
[s3.amazonaws.com/cdn.freshdesk.com/data/helpdesk/attachments/production/155000618040/original/nM9BaE78J9oHahNEhB82wj3v10bKARZv2g1b26.gif]
[s3.amazonaws.com/cdn.freshdesk.com/data/helpdesk/attachments/production/155000618117/original/OsdRwJ0gLdMJWnBSOHg1i7UlsnmtTJEX1g1302.gif]
[s3.amazonaws.com/cdn.freshdesk.com/data/helpdesk/attachments/production/155000618142/original/RiOgby_RfH9T4-uEqZiIPB7hgr_9PNU48A4248.gif]
[s3.amazonaws.com/cdn.freshdesk.com/data/helpdesk/attachments/production/155000618187/original/CXoPkdl1U98_nq_t5p8rYrHulxIFln-Kvw7e1f.gif]
[help.leadconnectorhq.com/support/solutions/articles/155000000090-how-to-set-up-workflow-goal-events/hit.gif]
[help.leadconnectorhq.com/support/solutions/articles/155000000090-how-to-set-up-workflow-goal-events.html]
[help.leadconnectorhq.com/support/solutions/articles/155000000199-workflow-settings-overview.html]
[help.leadconnectorhq.com/support/solutions/articles/155000001465-how-to-copy-contact-to-another-account-.html]
[help.leadconnectorhq.com/support/solutions/articles/155000001467-workflow-array-functions-premium-action.html]
[help.leadconnectorhq.com/support/solutions/articles/155000001468-workflow-array-functions-premium-action.html]
[help.leadconnectorhq.com/support/solutions/articles/155000001469-workflow-app-marketplace-triggers-actions.html]
[help.leadconnectorhq.com/support/solutions/articles/155000001574-how-to-set-up-delete-contact-action.html]
[help.leadconnectorhq.com/support/solutions/articles/155000001639-workflow-builder-overview.html]
[help.leadconnectorhq.com/support/solutions/articles/155000001706-text-editor-ui-changes.html]
[help.leadconnectorhq.com/support/solutions/articles/155000001707-text-editor-ui-changes.html]
[help.leadconnectorhq.com/support/solutions/articles/155000001801-split-action.html]
[help.leadconnectorhq.com/support/solutions/folders/48000684508/page/2.html]
[help.leadconnectorhq.com/support/solutions/folders/48000684508/page/1.html]
[help.leadconnectorhq.com/support/solutions/articles/155000002093-contact-engagement-score-workflow.html]
[help.leadconnectorhq.com/support/solutions/articles/155000002187-facebook-instagram-user-comments-on-a-post-trigger.html]
[help.leadconnectorhq.com/support/solutions/articles/155000002188-facebook-instagram-interactive-messenger.html]
[help.leadconnectorhq.com/support/solutions/articles/155000002886-custom-code.html]
[help.leadconnectorhq.com/support/solutions/articles/155000002887-how-to-use-the-google-sheets-premium-workflow-action-.html]
[help.leadconnectorhq.com/support/solutions/articles/155000003322-gpt-4-models-workflow-ai.html]
[help.leadconnectorhq.com/support/solutions/articles/155000003323-history-for-gpt-actions-ai-memory-key-.html]
[help.leadconnectorhq.com/support/solutions/articles/155000003324-custom-code.html]
[help.leadconnectorhq.com/support/solutions/articles/155000003325-facebook-comments-workflow-ai.html]
[help.leadconnectorhq.com/support/solutions/folders/48000684508/page/3.html]
[help.leadconnectorhq.com/support/solutions/articles/155000004118-workflow-ai-assistant.html]
[help.leadconnectorhq.com/support/solutions/articles/155000004119-execution-logs-enrolment-history-enhancements.html]
[help.leadconnectorhq.com/support/solutions/articles/155000004120-pause-workflows-on-certain-dates.html]
[help.leadconnectorhq.com/support/solutions/articles/155000004121-workflows-pro-plan-pricing.html]
[help.leadconnectorhq.com/support/solutions/articles/155000004122-new-discover-button-workflows.html]
[help.leadconnectorhq.com/support/solutions/articles/155000004864-action-send-email.html]
[help.leadconnectorhq.com/support/solutions/articles/155000004865-custom-code-ai.html]
[help.leadconnectorhq.com/support/solutions/articles/155000004873-highlighting-resolving-errors-in-a-workflow.html]
[help.leadconnectorhq.com/support/solutions/articles/155000004883-introduction-to-workflows-and-automations.html]
[help.leadconnectorhq.com/support/solutions/articles/155000005483-how-to-setup-google-ad-conversion-action.html]
[help.leadconnectorhq.com/support/solutions/folders/48000684508/page/4.html]
[help.leadconnectorhq.com/support/solutions/articles/155000006543-typeform-actions-triggers-in-workflows.html]
[help.leadconnectorhq.com/support/solutions/articles/155000006544-basecamp-actions-triggers-in-workflows.html]
[help.leadconnectorhq.com/support/solutions/articles/155000006545-asana-actions-triggers-in-workflows.html]
[help.leadconnectorhq.com/support/solutions/articles/155000006546-google-contacts-actions-triggers-in-workflows.html]
[help.leadconnectorhq.com/support/solutions/articles/155000006547-notion-actions-triggers-in-workflows.html]
[help.leadconnectorhq.com/support/solutions/articles/155000006548-airtable-actions-triggers-in-workflows.html]
[help.leadconnectorhq.com/support/solutions/articles/155000006549-clickup-actions-triggers-in-workflows.html]
[help.leadconnectorhq.com/support/solutions/folders/48000684508/page/5.html]
[help.leadconnectorhq.com/support/solutions/articles/48001240008.html]
[help.leadconnectorhq.com/support/solutions/articles/155000006790-workflow-setting-stop-on-response-call-action-disable-voicemail-detect.html]
[s3.amazonaws.com/cdn.freshdesk.com/data/helpdesk/attachments/production/155037734325/original/KTAl8HZXEM6DaImiUMHtMvOPYwATZXLJxw1c69.png]
[s3.amazonaws.com/cdn.freshdesk.com/data/helpdesk/attachments/production/155037734320/original/0_D2mObJ6WFAP_UPH9ROlGO7Yv232NmO3A1c69.png]
[s3.amazonaws.com/cdn.freshdesk.com/data/helpdesk/attachments/production/155037734323/original/bbVr1GkL-AEOiCs3AKeVRMi9jqvVFpy-5g1c69.png]
[s3.amazonaws.com/cdn.freshdesk.com/data/helpdesk/attachments/production/155037734324/original/IzxY7whEgrasm63iT7Dgdxa17HIXpghxjg1c69.png]
[s3.amazonaws.com/cdn.freshdesk.com/data/helpdesk/attachments/production/155037734332/original/yMzfQVlo3aDmHTo9iqxaU1SoMQPAEo2p9Q102d.jpg]
[s3.amazonaws.com/cdn.freshdesk.com/data/helpdesk/attachments/production/155037734327/original/QmEnZAbe4w0VbYSE9C68uZYC5zBcNufkJw1c69.jpg]
[help.leadconnectorhq.com/support/solutions/articles/155000004340-key-components-of-the-marketing-audit-report-in-the-prospecting-tool/hit.gif]
[help.leadconnectorhq.com/support/solutions/articles/155000004340-key-components-of-the-marketing-audit-report-in-the-prospecting-tool.html]
[s3.amazonaws.com/cdn.freshdesk.com/data/helpdesk/attachments/production/155046109450/original/wsAuZDN69rrLToStwTu26ZVLJOK_oYCp0wec61.jpg]
[s3.amazonaws.com/cdn.freshdesk.com/data/helpdesk/attachments/production/155046109448/original/GRgYA7SOphyntNC8mvZ7M8EpedQ13T2K6Aec61.png]
[s3.amazonaws.com/cdn.freshdesk.com/data/helpdesk/attachments/production/155046109449/original/jtoPA8HXEDU-Ios4-vV-Sh4zIfXKC3u0uAec61.png]
[s3.amazonaws.com/cdn.freshdesk.com/data/helpdesk/attachments/production/155046109453/original/EiRCKRehQsbMl6K3qBSgJiSOF3N36ebLww5a24.jpg]
[s3.amazonaws.com/cdn.freshdesk.com/data/helpdesk/attachments/production/155046109452/original/qxrgqhmvPrHw_n67fL1qBmJwD3BI_1oXdA5a24.jpg]
[help.leadconnectorhq.com/support/solutions/articles/155000005190-how-to-create-a-meta-sales-objective-campaign-for-conversion/hit.gif]
[help.leadconnectorhq.com/support/solutions/articles/155000005190-how-to-create-a-meta-sales-objective-campaign-for-conversion.html]
[s3.amazonaws.com/cdn.freshdesk.com/data/helpdesk/attachments/production/155048118790/original/1jweBwrqy3lREvMjQi5DJbP9w2dIGf0-qwc5c3.jpg]
[s3.amazonaws.com/cdn.freshdesk.com/data/helpdesk/attachments/production/155048118785/original/O3uqKZPBSaxxO41IVGqcRSolV9C-eIk2dg4226.jpg]
[s3.amazonaws.com/cdn.freshdesk.com/data/helpdesk/attachments/production/155048118778/original/gOlw-oErVlRTRXOZgdREntppnsIiS84UlAeb9e.jpg]
[s3.amazonaws.com/cdn.freshdesk.com/data/helpdesk/attachments/production/155048118781/original/fog_W8hKlCOibqfrlmX2OjZ0GVIgTq21Cwb925.jpg]
[s3.amazonaws.com/cdn.freshdesk.com/data/helpdesk/attachments/production/155048118788/original/bDtY1WsDREzI5eVNe4EBCMvdFe9x3JLPbw4226.jpg]
[s3.amazonaws.com/cdn.freshdesk.com/data/helpdesk/attachments/production/155048118776/original/Nbufp7t06IvnmB-uRrUoUMBLUQRQ0ijRBA3cbe.jpg]
[s3.amazonaws.com/cdn.freshdesk.com/data/helpdesk/attachments/production/155048118780/original/TYA_ktVqk9Qi3zAAj-ZEB_CG4we3CBKGLgb925.jpg]
[s3.amazonaws.com/cdn.freshdesk.com/data/helpdesk/attachments/production/155048118774/original/eStvImxUyKE7tLiwGfZY-WqM_MM_mx7Xfg3cbe.jpg]
[s3.amazonaws.com/cdn.freshdesk.com/data/helpdesk/attachments/production/155048118779/original/dwHJ-MTzzbc7GmnPl1yJKOlV5jZwrXORUQeb9e.jpg]
[s3.amazonaws.com/cdn.freshdesk.com/data/helpdesk/attachments/production/155048118782/original/5QIWnGf9028_CaGv2-eV-4OagPr3X6yXhQdddf.jpg]
[s3.amazonaws.com/cdn.freshdesk.com/data/helpdesk/attachments/production/155048118786/original/Iy_18EdK73qg4mI5kDYmMhV71jXm6YRQWA4226.jpg]
[s3.amazonaws.com/cdn.freshdesk.com/data/helpdesk/attachments/production/155048118775/original/3nk-9LJTRiJjy0NIIir1j0fFU8NeBtN3Iw3cbe.jpg]
[s3.amazonaws.com/cdn.freshdesk.com/data/helpdesk/attachments/production/155048118787/original/aoSALNVKZjg79nTr-LxYpt95tkUUdrLyKg4226.jpg]
[s3.amazonaws.com/cdn.freshdesk.com/data/helpdesk/attachments/production/155048118784/original/y_nwlWvHItEIxnvUEfwomONy10-1Pt3YfA4226.png]
[s3.amazonaws.com/cdn.freshdesk.com/data/helpdesk/attachments/production/155048118783/original/ker8BDMLqhDkheIDhoWIVd3pXWcFuQxG4wdddf.jpg]
[help.leadconnectorhq.com/support/solutions/articles/155000005510-how-to-create-a-multiple-ad-group-google-search-ad-campaign/hit.gif]
[help.leadconnectorhq.com/support/solutions/articles/155000005510-how-to-create-a-multiple-ad-group-google-search-ad-campaign.html]
[s3.amazonaws.com/cdn.freshdesk.com/data/helpdesk/attachments/production/155048076525/original/VAnMiGOPDQ0xEO8goMpU681mpG0kkvK8iQd2d6.jpg]
[s3.amazonaws.com/cdn.freshdesk.com/data/helpdesk/attachments/production/155048076520/original/jL1mfQYYtWfs__MqBE72ihXMriRrZTgh1wd2d6.jpg]
[s3.amazonaws.com/cdn.freshdesk.com/data/helpdesk/attachments/production/155048076526/original/UahMedDIyd4r__y2SZnsVHvzsITjgeYBugd2d6.jpg]
[s3.amazonaws.com/cdn.freshdesk.com/data/helpdesk/attachments/production/155048076529/original/BIxwMhrWbHHG6UFQrYiUddlGTOR2S8MBvgd2d6.jpg]
[s3.amazonaws.com/cdn.freshdesk.com/data/helpdesk/attachments/production/155048076521/original/Sha4Jr_FfTIuAEldz-_El-_13ezPYRwKEgd2d6.jpg]
[help.leadconnectorhq.com/support/solutions/articles/155000005499-how-to-create-google-ads-conversion-actions-in-ad-manager/hit.gif]
[help.leadconnectorhq.com/support/solutions/articles/155000005499-how-to-create-google-ads-conversion-actions-in-ad-manager.html]
[s3.amazonaws.com/cdn.freshdesk.com/data/helpdesk/attachments/production/48241707307/original/n4Q9x-G_xbtco9dnWK_2SSKSBQOFNkLGUwe768.png]
[s3.amazonaws.com/cdn.freshdesk.com/data/helpdesk/attachments/production/48248679006/original/j7gNWZUg6YZXVq1Mg8jEISwJrcXzBX9rkw6612.jpg]
[s3.amazonaws.com/cdn.freshdesk.com/data/helpdesk/attachments/production/48247982025/original/jPd0Kh-Q6Sh4dMgRKaXkowGGiqjBND-vxg7694.png]
[s3.amazonaws.com/cdn.freshdesk.com/data/helpdesk/attachments/production/48248679004/original/YHkis7O-Ss55yhKo7tr9JUj5n4Kux_HdYQ6612.png]
[help.leadconnectorhq.com/support/solutions/articles/155000004987-understanding-facebook-ad-reporting-terminology/hit.gif]
[help.leadconnectorhq.com/support/solutions/articles/155000004987-understanding-facebook-ad-reporting-terminology.html]
[help.leadconnectorhq.com/support/solutions/articles/155000004988-understanding-google-ad-reporting-terminology/hit.gif]
[help.leadconnectorhq.com/support/solutions/articles/155000004988-understanding-google-ad-reporting-terminology.html]
[help.leadconnectorhq.com/support/solutions/articles/155000006844-text-element-in-email-builder.html]
[help.leadconnectorhq.com/support/solutions/articles/155000006850-how-to-add-products-in-email-templates.html]
[help.leadconnectorhq.com/support/solutions/articles/155000006848-how-to-use-template-library-to-create-branded-review-request-emails.html]
[help.leadconnectorhq.com/support/solutions/articles/155000006856-layout-margins-and-text-spacing-controls.html]
[help.leadconnectorhq.com/support/solutions/articles/155000006854-spacer-element-in-email-builder.html]
[help.leadconnectorhq.com/support/solutions/articles/155000006862-how-to-save-items-in-email-builder-for-quick-access-.html]
[help.leadconnectorhq.com/support/solutions/articles/155000006861-how-to-set-up-a-b-testing-for-your-email-campaigns.html]
[help.leadconnectorhq.com/support/solutions/articles/155000006860-how-to-preview-custom-field-in-email-builder-.html]
[help.leadconnectorhq.com/support/solutions/articles/155000006859-how-to-add-gifs-to-your-email-.html]
[help.leadconnectorhq.com/support/solutions/articles/155000006858-how-to-personalise-your-campaigns-with-conditional-elements.html]
[help.leadconnectorhq.com/support/solutions/folders/155000001401/page/2.html]
[help.leadconnectorhq.com/support/solutions/folders/155000001401.html]
[help.leadconnectorhq.com/support/solutions/folders/155000001401/page/3.html]
[help.leadconnectorhq.com/support/solutions/articles/155000006243-how-to-use-the-sync-edit-checkbox-for-email-actions-in-workflows-continuous-sync-.html]
[help.leadconnectorhq.com/support/solutions/articles/155000006868-email-actions-ui-for-workflows.html]
[help.leadconnectorhq.com/support/solutions/articles/155000006867-how-to-analyze-workflow-campaigns-.html]
[help.leadconnectorhq.com/support/solutions/articles/155000006866-new-ui-for-email-creation-via-bulk-action-in-contacts.html]
[help.leadconnectorhq.com/support/solutions/folders/155000001402.html]
[help.leadconnectorhq.com/support/solutions/articles/155000006863-snapshot-workflow-email-action-enhanced-flow.html]
[help.leadconnectorhq.com/support/solutions/articles/155000006870-resend-to-unopened-for-rss-and-batch-scheduled-emails.html]
[help.leadconnectorhq.com/support/solutions/folders/155000001403.html]
[help.leadconnectorhq.com/support/solutions/articles/155000006869-a-basic-guide-of-rss-campaign.html]
[help.leadconnectorhq.com/support/solutions/articles/155000006895-using-add-tags-in-the-send-or-schedule-page-email-campaigns.html]
[help.leadconnectorhq.com/support/solutions/articles/155000006873-smart-send-email-marketing-campaigns.html]
[help.leadconnectorhq.com/support/solutions/articles/155000006898-email-builder-import-templates-from-any-platform-into-code-editor.html]
[help.leadconnectorhq.com/support/solutions/articles/155000006894-email-builder-create-new-tags-in-the-send-or-schedule-page.html]
[help.leadconnectorhq.com/support/solutions/articles/155000006879-how-to-pause-or-cancel-a-scheduled-email-campaign.html]
[help.leadconnectorhq.com/support/solutions/articles/155000006907-understanding-utm-parameters-for-email-campaigns.html]
[help.leadconnectorhq.com/support/solutions/articles/155000006906-how-to-reschedule-an-email-campaign-email-builder-.html]
[help.leadconnectorhq.com/support/solutions/articles/155000006905-how-to-use-the-plain-text-editor-for-emails.html]
[help.leadconnectorhq.com/support/solutions/articles/155000006904-preview-and-test-your-email-campaign-templates.html]
[help.leadconnectorhq.com/support/solutions/articles/155000006903-improved-email-campaign-flow-and-campaign-summary-page.html]
[help.leadconnectorhq.com/support/solutions/folders/155000001404/page/2.html]
[help.leadconnectorhq.com/support/solutions/folders/155000001404.html]
[help.leadconnectorhq.com/support/solutions/folders/155000001404/page/3.html]
[help.leadconnectorhq.com/support/solutions/articles/155000006885-how-to-access-the-all-in-one-dashboard-for-email-marketing/hit.gif]
[help.leadconnectorhq.com/support/solutions/articles/155000006885-how-to-access-the-all-in-one-dashboard-for-email-marketing.html]
[help.leadconnectorhq.com/support/solutions/articles/155000006900-tag-contacts-from-campaign-statistics/hit.gif]
[help.leadconnectorhq.com/support/solutions/articles/155000006900-tag-contacts-from-campaign-statistics.html]
[s3.amazonaws.com/cdn.freshdesk.com/data/helpdesk/attachments/production/155057354718/original/4XZeYA8kmwcg_YXYpefAQi-4jsOX-k9r_A265e.jpg]
[s3.amazonaws.com/cdn.freshdesk.com/data/helpdesk/attachments/production/155057354722/original/-Hp0401gfP2VlM1QKhgxtmQZiVsvHDzigw265e.jpg]
[s3.amazonaws.com/cdn.freshdesk.com/data/helpdesk/attachments/production/155057354720/original/3nYny4jw5VrVe84iH_OUBywHp0S28FfSRw265e.jpg]
[s3.amazonaws.com/cdn.freshdesk.com/data/helpdesk/attachments/production/155057354717/original/YTEBUlC_pK2IjWB-CZvYVzFZqXg13tSSyw265e.jpg]
[s3.amazonaws.com/cdn.freshdesk.com/data/helpdesk/attachments/production/155057354721/original/f3gWAojo472yoRgyuEfuqlX11vfIUnXcKAb8bf.png]
[help.leadconnectorhq.com/support/solutions/articles/155000006888-email-statistics/hit.gif]
[help.leadconnectorhq.com/support/solutions/articles/155000006888-email-statistics.html]
[s3.amazonaws.com/cdn.freshdesk.com/data/helpdesk/attachments/production/155057354684/original/7Uh87BmQpukCYWSK1FXAh_HUnOy2vtrvTA7fd1.jpg]
[s3.amazonaws.com/cdn.freshdesk.com/data/helpdesk/attachments/production/155057354686/original/qxr7ntOUN4Qq9W-nEKs4_4ESe5iFdWduiQa595.jpg]
[s3.amazonaws.com/cdn.freshdesk.com/data/helpdesk/attachments/production/155057354687/original/314AmltU1x3_n3ZNNZUoCwREFtSUKwVqjga595.jpg]
[s3.amazonaws.com/cdn.freshdesk.com/data/helpdesk/attachments/production/155057354685/original/1pApcb8FRblydraNxSoMWrTjpD12T2njJg7fd1.jpg]
[s3.amazonaws.com/cdn.freshdesk.com/data/helpdesk/attachments/production/155057354689/original/SzNcg8FR3K9b29CT-tw1hUIzQ9zh8rrweAa595.jpg]
[s3.amazonaws.com/cdn.freshdesk.com/data/helpdesk/attachments/production/155057354688/original/Opi_-55oSBehGr1LnNo7ZyqFtQQXACo6IQa595.jpg]
[s3.amazonaws.com/cdn.freshdesk.com/data/helpdesk/attachments/production/155057354690/original/AAl-MMgyUW7UKx8O6jIvtnNe0b8zRm9WfAa595.jpg]
[help.leadconnectorhq.com/support/solutions/articles/155000006887-understanding-roi-conversion-metrics-for-tracking-email-campaigns/hit.gif]
[help.leadconnectorhq.com/support/solutions/articles/155000006887-understanding-roi-conversion-metrics-for-tracking-email-campaigns.html]
[s3.amazonaws.com/cdn.freshdesk.com/data/helpdesk/attachments/production/155037904881/original/ulF5VymxCYuVID83w2mqI6NT9syP6VJu7ga8b5.png]
[s3.amazonaws.com/cdn.freshdesk.com/data/helpdesk/attachments/production/155037904880/original/e8bqXSKazAXb64Dujf70fYhectuKXObuXwa8b5.png]
[s3.amazonaws.com/cdn.freshdesk.com/data/helpdesk/attachments/production/155037904882/original/OJDVeqkoCQsZK22WJiCTHlYBPSMxI3QfDAa8b5.png]
[s3.amazonaws.com/cdn.freshdesk.com/data/helpdesk/attachments/production/155037904883/original/Qhd8nSPSTEA_dPO0XDSbqw9GljJStieyOAa8b5.png]
[s3.amazonaws.com/cdn.freshdesk.com/data/helpdesk/attachments/production/155037904884/original/venOCQSaL0AuG2Bxph6Dh0qW4arVIS3aBwa8b5.png]
[s3.amazonaws.com/cdn.freshdesk.com/data/helpdesk/attachments/production/155037904885/original/rJ6AHloHwtRC4MsHUm3CZknx9gzgJ3eRAAa8b5.png]
[help.leadconnectorhq.com/support/solutions/articles/155000006886-workflow-email-actions-included-in-statistics/hit.gif]
[help.leadconnectorhq.com/support/solutions/articles/155000006886-workflow-email-actions-included-in-statistics.html]
[s3.amazonaws.com/cdn.freshdesk.com/data/helpdesk/attachments/production/155057342101/original/N9WNYAulpLZ4GkmQfVqyUcgO0cnBl6USNg4ffc.png]
[s3.amazonaws.com/cdn.freshdesk.com/data/helpdesk/attachments/production/155057342347/original/-J4UVl0zdyrVbjy3obLfam5vsaMitqqXoA0554.png]
[s3.amazonaws.com/cdn.freshdesk.com/data/helpdesk/attachments/production/155057342388/original/yvgZOweX7_I5C_mrNZV4Qqs1aormYnsj2Ab740.png]
[s3.amazonaws.com/cdn.freshdesk.com/data/helpdesk/attachments/production/155057342434/original/Cn3SXOdEBzjonTP0fxR_wZKeGWSH-TFLfg9833.png]
[s3.amazonaws.com/cdn.freshdesk.com/data/helpdesk/attachments/production/155057342532/original/KH3B37rVppWPtbaGzGiBovxS2AXijvbPqw8f31.png]
[help.leadconnectorhq.com/support/solutions/articles/155000006884-click-performance-in-email-statistics/hit.gif]
[help.leadconnectorhq.com/support/solutions/articles/155000006884-click-performance-in-email-statistics.html]
[s3.amazonaws.com/cdn.freshdesk.com/data/helpdesk/attachments/production/155057354615/original/ONsLF0HDZf4Mek3vDfwSEzKxnWuSjMY1cg74ca.jpg]
[s3.amazonaws.com/cdn.freshdesk.com/data/helpdesk/attachments/production/155057354607/original/ziC3u9rxjtsn992I0r5uR6rYigZLEd0g6A72c5.jpg]
[s3.amazonaws.com/cdn.freshdesk.com/data/helpdesk/attachments/production/155057354616/original/KGelzsiCcZpqLsKMVBQe3afnx_SeE3HX1w74ca.jpg]
[s3.amazonaws.com/cdn.freshdesk.com/data/helpdesk/attachments/production/155057354605/original/mm9haTXqf7KNO0eePOUXLzqpNnJV0xmWzQca2b.jpg]
[s3.amazonaws.com/cdn.freshdesk.com/data/helpdesk/attachments/production/155057354608/original/-36eg8zTevEyr_nW-IO0-r69S4ErpVdflQ06b6.jpg]
[s3.amazonaws.com/cdn.freshdesk.com/data/helpdesk/attachments/production/155057354603/original/UH9i1y9kMD88i98MIlL1XXc7Rq6dQfKrmQ283e.jpg]
[s3.amazonaws.com/cdn.freshdesk.com/data/helpdesk/attachments/production/155057354597/original/bSWL6RFYPU9gxFL20q-5l6llBFGtL9Y8bgbddc.jpg]
[help.leadconnectorhq.com/support/solutions/articles/155000006883-email-statistics-summary-page/hit.gif]
[help.leadconnectorhq.com/support/solutions/articles/155000006883-email-statistics-summary-page.html]
[s3.amazonaws.com/cdn.freshdesk.com/data/helpdesk/attachments/production/155057354548/original/AHWVQ5Ine2To_ikGZBR3CqqadUgQryn25A8598.png]
[s3.amazonaws.com/cdn.freshdesk.com/data/helpdesk/attachments/production/155057354543/original/A83Q-t3B-yM5gb1y5DtTpWK70nqmfiSjcQ05db.jpg]
[s3.amazonaws.com/cdn.freshdesk.com/data/helpdesk/attachments/production/155057354544/original/vzlXQgYnwelTNMcB8ZladWEob-WDcVYX3g05db.png]
[s3.amazonaws.com/cdn.freshdesk.com/data/helpdesk/attachments/production/155057354546/original/bW-7HlxJk6Yscg-ptrCcPhIrDKGai6aeUA05db.jpg]
[s3.amazonaws.com/cdn.freshdesk.com/data/helpdesk/attachments/production/155057354542/original/FFg1h_yuFaaXY0tE6Q_d6owKl3eVy-qFtQ05db.jpg]
[s3.amazonaws.com/cdn.freshdesk.com/data/helpdesk/attachments/production/155057354541/original/xFJEfHevIZFP3J_EUptvgpnV4mkT7ys_Rg05db.jpg]
[s3.amazonaws.com/cdn.freshdesk.com/data/helpdesk/attachments/production/155057354547/original/n1dQTUdh6UApao6H64VEZiSn1WQrhbgiww8598.jpg]
[s3.amazonaws.com/cdn.freshdesk.com/data/helpdesk/attachments/production/155057354545/original/PsfE-kJ7uETFujBP9IjZjKQrONVynW0WPQ05db.jpg]
[s3.amazonaws.com/cdn.freshdesk.com/data/helpdesk/attachments/production/155057354540/original/uuh0vpZkOvnVPH4opMY2YhtCwOZpSviR8A05db.jpg]
[help.leadconnectorhq.com/support/solutions/articles/155000006882-guide-to-click-tracking-in-email-campaigns/hit.gif]
[help.leadconnectorhq.com/support/solutions/articles/155000006882-guide-to-click-tracking-in-email-campaigns.html]
[s3.amazonaws.com/cdn.freshdesk.com/data/helpdesk/attachments/production/155057354877/original/oOHogN2Fkm6gjEVSp_S_KYg3UCqq3ozK5g6c7b.jpg]
[s3.amazonaws.com/cdn.freshdesk.com/data/helpdesk/attachments/production/155057354878/original/Q-5c8LmJWHlOBf3W68if3-wKIuxmCDQ5Cg6c7b.jpg]
[help.leadconnectorhq.com/support/solutions/articles/155000006892-email-templates-vs-email-campaigns/hit.gif]
[help.leadconnectorhq.com/support/solutions/articles/155000006892-email-templates-vs-email-campaigns.html]
[s3.amazonaws.com/cdn.freshdesk.com/data/helpdesk/attachments/production/155057354862/original/ASPwv5h6pykU_piiNxcna0bkzpI-9rIZAQ3c6e.jpg]
[s3.amazonaws.com/cdn.freshdesk.com/data/helpdesk/attachments/production/155057354861/original/-R-u91NX8njzSY3XBMEDMQVbLmKBMN1Nng3c6e.jpg]
[s3.amazonaws.com/cdn.freshdesk.com/data/helpdesk/attachments/production/155057354852/original/EpSlYJsOrtBG2Dd_tLdJZDHhKf5EEKzDlwe7da.jpg]
[s3.amazonaws.com/cdn.freshdesk.com/data/helpdesk/attachments/production/155057354859/original/TZy3rQbsdj9xTDxAYE1VwaTg1Z0zRKkULAcdee.jpg]
[s3.amazonaws.com/cdn.freshdesk.com/data/helpdesk/attachments/production/155057354860/original/IxycQixim79mwi5uGfKZz-PlsMz7vgHmwAcdee.jpg]
[help.leadconnectorhq.com/support/solutions/articles/155000006891-share-email-template-across-agencies/hit.gif]
[help.leadconnectorhq.com/support/solutions/articles/155000006891-share-email-template-across-agencies.html]
[s3.amazonaws.com/cdn.freshdesk.com/data/helpdesk/attachments/production/155057354791/original/BVKopif3GWCF3Bslkx6AuOdZL4bXlT0ZtQeb27.jpg]
[s3.amazonaws.com/cdn.freshdesk.com/data/helpdesk/attachments/production/155057354787/original/dr9GFpOd52wY58DXPhHqP-5wQ2GmmS_3EQeba8.jpg]
[s3.amazonaws.com/cdn.freshdesk.com/data/helpdesk/attachments/production/155057354788/original/CuLpxX8_WLsg24r0ajRZivcOuZwy8lY4Ogeba8.jpg]
[s3.amazonaws.com/cdn.freshdesk.com/data/helpdesk/attachments/production/155057354790/original/D5dSnY_UbHQDiY7pzwU5QvmFbFbOd_kNSAeb27.jpg]
[s3.amazonaws.com/cdn.freshdesk.com/data/helpdesk/attachments/production/155057354792/original/FKbjfyk84aDoEkWm-cfoih4EOEpiKdkKxgeb27.jpg]
[s3.amazonaws.com/cdn.freshdesk.com/data/helpdesk/attachments/production/155057354789/original/Bd9_YojbLqWIO4eIgTk_KbyQ-J_tLzBG1weba8.jpg]
[help.leadconnectorhq.com/support/solutions/articles/155000006890-importing-and-editing-mailchimp-email-templates-in-design-editor/hit.gif]
[help.leadconnectorhq.com/support/solutions/articles/155000006890-importing-and-editing-mailchimp-email-templates-in-design-editor.html]
[help.leadconnectorhq.com/support/solutions/articles/155000006889-whitelabel-email-template-sharing-step-by-step-guide/hit.gif]
[help.leadconnectorhq.com/support/solutions/articles/155000006889-whitelabel-email-template-sharing-step-by-step-guide.html]
[s3.amazonaws.com/cdn.freshdesk.com/data/helpdesk/attachments/production/155057354920/original/4e4fcUXAMl5bjrCL5E7TET0czzu8tkJi6w5846.jpg]
[s3.amazonaws.com/cdn.freshdesk.com/data/helpdesk/attachments/production/155057354918/original/D18Kq5KM5ybdshUWTyiKRaL9pCZdzyMVZAf8cf.jpg]
[s3.amazonaws.com/cdn.freshdesk.com/data/helpdesk/attachments/production/155057354916/original/jC3VsHMjEgMi-n3Iw3jvC1JWJ03fgs0p-g5846.jpg]
[s3.amazonaws.com/cdn.freshdesk.com/data/helpdesk/attachments/production/155057354919/original/TQ22GWqiVbgZUuI4pUlBFNNUrxiXxYOtzQf8cf.jpg]
[s3.amazonaws.com/cdn.freshdesk.com/data/helpdesk/attachments/production/155057354921/original/XGu9iP8evA7TcwSjTht0vstEDPTl9yaB0gf8cf.jpg]
[help.leadconnectorhq.com/support/solutions/articles/155000006893-guide-to-changing-agency-system-email-templates/hit.gif]
[help.leadconnectorhq.com/support/solutions/articles/155000006893-guide-to-changing-agency-system-email-templates.html]
[s3.amazonaws.com/cdn.freshdesk.com/data/helpdesk/attachments/production/155018919721/original/4Gzg8kv_wkwBnTau29GotK_EgCaeLUZ9xg0082.png]
[s3.amazonaws.com/cdn.freshdesk.com/data/helpdesk/attachments/production/155018919719/original/2YQHspVNrc_LrYcUjaGN2ncOPaT0DTKfUQ0082.png]
[s3.amazonaws.com/cdn.freshdesk.com/data/helpdesk/attachments/production/155018919717/original/aE-ixV2EPHWpTbiOh7DtFJaAwOt5zCmAgQ0082.png]
[s3.amazonaws.com/cdn.freshdesk.com/data/helpdesk/attachments/production/155018919720/original/FGoAMzp-vqDnmOQd7-VSlq5uyoZdj0Aw8Q0082.png]
[s3.amazonaws.com/cdn.freshdesk.com/data/helpdesk/attachments/production/155018919718/original/Q8a1ZGGjctPwJUdG0FDmOOOKU312E1xxyg0082.png]
[s3.amazonaws.com/cdn.freshdesk.com/data/helpdesk/attachments/production/155018919722/original/wa9ASoUp3JcobED4TkZsaA-eKfz6ySH_tw0082.jpg]
[s3.amazonaws.com/cdn.freshdesk.com/data/helpdesk/attachments/production/155018919724/original/zsOCfy87ecF-NhzKj9neWP2WgztLq8tg5g314a.jpg]
[s3.amazonaws.com/cdn.freshdesk.com/data/helpdesk/attachments/production/155018919725/original/wALmLf2unZCOeJ0Hm56WjwPw5RfFvrYang314a.jpg]
[s3.amazonaws.com/cdn.freshdesk.com/data/helpdesk/attachments/production/155018919723/original/soa1KLt9rOMBIxrawh-cTqrrtFDpsCAz6w314a.jpg]
[help.leadconnectorhq.com/support/solutions/articles/155000000549-lsa-reserve-with-google-integration/hit.gif]
[help.leadconnectorhq.com/support/solutions/articles/155000000549-lsa-reserve-with-google-integration.html]
[help.leadconnectorhq.com/support/solutions/articles/155000001478]
[help.leadconnectorhq.com/support/solutions/articles/155000001367-icloud-integration-with-lead-connector/hit.gif]
[help.leadconnectorhq.com/support/solutions/articles/155000001367-icloud-integration-with-lead-connector.html]
[s3.amazonaws.com/cdn.freshdesk.com/data/helpdesk/attachments/production/155011727048/original/vf6oqtNZk6mVzQm1dCPpjqnHqN8A8ef_ug4f59.png]
[s3.amazonaws.com/cdn.freshdesk.com/data/helpdesk/attachments/production/155018190393/original/S-gsGqHoCcghb16wzdfHTiOK8ToY5dpUvg5483.png]
[s3.amazonaws.com/cdn.freshdesk.com/data/helpdesk/attachments/production/155018190701/original/1xbsxvormWZRHoTpvwc0M1iQ9rZJCjHPPw8cc8.png]
[s3.amazonaws.com/cdn.freshdesk.com/data/helpdesk/attachments/production/155018190021/original/yb-Kt9v2Dk2GGQ4INWguQ-NWPpi1kdwRgA1c5c.png]
[s3.amazonaws.com/cdn.freshdesk.com/data/helpdesk/attachments/production/155018190038/original/YZ_feM9bnt4we0yWPdm1YTVxjgrpoqmXRg116a.png]
[help.leadconnectorhq.com/support/solutions/articles/155000001368-booking-redirect-with-google/hit.gif]
[help.leadconnectorhq.com/support/solutions/articles/155000001368-booking-redirect-with-google.html]
[help.leadconnectorhq.com/support/solutions/articles/155000001473.html]
[help.leadconnectorhq.com/support/solutions/articles/155000001378.html]
[s3.amazonaws.com/cdn.freshdesk.com/data/helpdesk/attachments/production/155016718148/original/ptdjAn0TBD0PtgzaXB6btMk_L_OMbrBwoQc391.png]
[s3.amazonaws.com/cdn.freshdesk.com/data/helpdesk/attachments/production/155016718187/original/QxGFbatkw7zD7jTTTkhiWPSBOPlWdZUajQdbe9.png]
[s3.amazonaws.com/cdn.freshdesk.com/data/helpdesk/attachments/production/155011801167/original/-Bjjx8pUO6w-4jjfLREY3cQYi_O4K6rSbQf4fa.jpg]
[s3.amazonaws.com/cdn.freshdesk.com/data/helpdesk/attachments/production/155016718254/original/ABgmJse8P0hHRGuOk3a-b5y4awQP1IIXSA2a31.png]
[s3.amazonaws.com/cdn.freshdesk.com/data/helpdesk/attachments/production/155011801165/original/Z0vPZxRsAsX2zt1W2dL4uz0ZsngZFC6BUQf4fa.jpg]
[s3.amazonaws.com/cdn.freshdesk.com/data/helpdesk/attachments/production/155016718326/original/DEJZeLaZoqlSm1d1rSZ090hJ2KSNsKivTg8b83.png]
[s3.amazonaws.com/cdn.freshdesk.com/data/helpdesk/attachments/production/155016718410/original/ZFrHnmckl_mT7JceA1Qe878_QmckcndrMg22b5.png]
[s3.amazonaws.com/cdn.freshdesk.com/data/helpdesk/attachments/production/155016718469/original/PK7Scy9_1fq1b470I-YKYGG4xnW-MUacMw55ce.png]
[s3.amazonaws.com/cdn.freshdesk.com/data/helpdesk/attachments/production/155016718497/original/c8IAR-k5gdgv8yhq3Rb-BVpyYLKq8nnBcga194.png]
[s3.amazonaws.com/cdn.freshdesk.com/data/helpdesk/attachments/production/155011801169/original/DEPgZ5nNvL7vF2kJ8VDTu2lKbouSeCoGOQ61d5.jpg]
[s3.amazonaws.com/cdn.freshdesk.com/data/helpdesk/attachments/production/155016718542/original/95-yTeztVre3KhnZ6x2XCzjArqIgw2-Oow4722.png]
[s3.amazonaws.com/cdn.freshdesk.com/data/helpdesk/attachments/production/155016718564/original/oX2EcOBapACE--NKQveOuthYqKY4qfChPg09d4.png]
[s3.amazonaws.com/cdn.freshdesk.com/data/helpdesk/attachments/production/155016718745/original/lW3XWhfFQXgN2SO07EOc-LEdACmLJJPmRA0511.png]
[s3.amazonaws.com/cdn.freshdesk.com/data/helpdesk/attachments/production/155011801176/original/tI0E63381zs0GW3rLHT0kXOMgjcAdd7Y3g9e43.jpg]
[s3.amazonaws.com/cdn.freshdesk.com/data/helpdesk/attachments/production/155016718807/original/XMk9PyQGEnASrOPPrEMGNq-wYnvfvkySwA89b6.png]
[help.leadconnectorhq.com/support/solutions/articles/155000001375-service-calendar/hit.gif]
[help.leadconnectorhq.com/support/solutions/articles/155000001375-service-calendar.html]
[help.leadconnectorhq.com/support/solutions/articles/155000001375.html]
[s3.amazonaws.com/cdn.freshdesk.com/data/helpdesk/attachments/production/155011801350/original/vynnIgfmoaPWC-3iXBsN8P91F1FNDB6EMQc5f2.jpg]
[s3.amazonaws.com/cdn.freshdesk.com/data/helpdesk/attachments/production/155011801343/original/3A_uoeQDHVVTuQDyAN3cJs95hp4R9yr7bA1388.jpg]
[s3.amazonaws.com/cdn.freshdesk.com/data/helpdesk/attachments/production/155011801348/original/3n2kc8i4lB62nJH9Zpzqa1BUHTGYE92LFg6b0f.jpg]
[s3.amazonaws.com/cdn.freshdesk.com/data/helpdesk/attachments/production/155011801345/original/tSOLUMDQSGMbsu79Rq6-vgCu4PR5cMa8sQ6b0f.jpg]
[s3.amazonaws.com/cdn.freshdesk.com/data/helpdesk/attachments/production/155011801344/original/hWFbYCyewa8w5XaUt_3SUfiPASteuKQc4A6b0f.jpg]
[s3.amazonaws.com/cdn.freshdesk.com/data/helpdesk/attachments/production/155011801346/original/2Ca1gcjfbM8pR-DUM9PzvfmhXArGtiTu4A6b0f.jpg]
[s3.amazonaws.com/cdn.freshdesk.com/data/helpdesk/attachments/production/155011801340/original/YVDAIxntDHvR4EqOwGWgy9gg1YRN9rdF6w1388.jpg]
[s3.amazonaws.com/cdn.freshdesk.com/data/helpdesk/attachments/production/155011801347/original/bbvswFoNAf1Rqb2-a2mJcOOipmNGhyT85g6b0f.jpg]
[s3.amazonaws.com/cdn.freshdesk.com/data/helpdesk/attachments/production/155012083094/original/w1GOKprtxOjrkGjLEov_Td99jn_5bg-6-w85ff.png]
[gohighlevel.enterprise.slack.com/index8d93.html]
[s3.amazonaws.com/cdn.freshdesk.com/data/helpdesk/attachments/production/155011801351/original/ReTzsjwi0Uv_sESzTJSYL7tl7UySp1Nr-Qc5f2.jpg]
[s3.amazonaws.com/cdn.freshdesk.com/data/helpdesk/attachments/production/155011801349/original/12WeNkJt7s2_6JglHw2bqUh7wX-n5eYqHg6b0f.jpg]
[s3.amazonaws.com/cdn.freshdesk.com/data/helpdesk/attachments/production/155011801342/original/tRWNQsKC5SW5IL34xKS7VCpBXLRTjaU6hQ1388.jpg]
[s3.amazonaws.com/cdn.freshdesk.com/data/helpdesk/attachments/production/155019189045/original/IvOMCpFv0NjofduuWirBe3DPPVLJL3kf9Qf827.png]
[help.leadconnectorhq.com/support/solutions/articles/155000001376-service-menu/hit.gif]
[help.leadconnectorhq.com/support/solutions/articles/155000001376-service-menu.html]
[help.leadconnectorhq.com/support/solutions/articles/155000001378-rooms-and-equipments.html]
[help.leadconnectorhq.com/support/solutions/articles/155000001473-how-to-create-rooms-.html]
[help.leadconnectorhq.com/support/solutions/articles/155000001476-how-to-create-equipments-.html]
[help.leadconnectorhq.com/support/solutions/articles/155000001508-in-app-calendar-view.html]
[help.leadconnectorhq.com/support/solutions/articles/155000001509-calendar-widget-customization.html]
[help.leadconnectorhq.com/support/solutions/articles/155000001517-one-time-link.html]
[help.leadconnectorhq.com/support/solutions/articles/155000001533-calendar-availability-weekly-working-hours-date-specific-hours.html]
[help.leadconnectorhq.com/support/solutions/articles/155000001669-view-calendar-appointments-in-user-timezone.html]
[help.leadconnectorhq.com/support/solutions/articles/155000001710-workflow-action-for-generating-one-time-link.html]
[help.leadconnectorhq.com/support/solutions/articles/155000001789-google-organic-booking.html]
[help.leadconnectorhq.com/support/solutions/folders/48000689367/page/2.html]
[help.leadconnectorhq.com/support/solutions/folders/48000689367/page/1.html]
[help.leadconnectorhq.com/support/solutions/articles/155000002072-pre-and-post-buffers.html]
[help.leadconnectorhq.com/support/solutions/articles/155000002186-partial-payment-collect-deposit-amount.html]
[help.leadconnectorhq.com/support/solutions/articles/155000002507-disable-google-organic-booking.html]
[help.leadconnectorhq.com/support/solutions/articles/155000003317--look-busy-in-calendar-settings.html]
[help.leadconnectorhq.com/support/solutions/articles/155000003318-cancellation-reschedule-policy-booking-widget-.html]
[help.leadconnectorhq.com/support/solutions/articles/155000003319-multiple-meeting-location-selector-in-calendar.html]
[help.leadconnectorhq.com/support/solutions/articles/155000003320-calendar-widget-reorder.html]
[help.leadconnectorhq.com/support/solutions/articles/155000003321-team-member-assignment-round-robin-calendar-.html]
[help.leadconnectorhq.com/support/solutions/articles/155000003422-calendly-how-to-integrate-calendly-.html]
[help.leadconnectorhq.com/support/solutions/folders/48000689367/page/3.html]
[help.leadconnectorhq.com/support/solutions/articles/155000004290-troubleshooting-tool-for-calendar.html]
[help.leadconnectorhq.com/support/solutions/articles/155000004291-recurring-appointments.html]
[help.leadconnectorhq.com/support/solutions/articles/155000004292-calendar-email-in-app-appointment-notifications.html]
[help.leadconnectorhq.com/support/solutions/articles/155000004293-collect-payments-with-recurring-appointments-booking-widget-.html]
[help.leadconnectorhq.com/support/solutions/articles/155000004294-microsoft-teams-integration-for-calendars.html]
[help.leadconnectorhq.com/support/solutions/articles/155000004295-calendar-add-notes-per-appointment.html]
[help.leadconnectorhq.com/support/solutions/folders/48000689367/page/4.html]
[help.leadconnectorhq.com/support/solutions/articles/155000004993-view-custom-form-submissions-appointment-side-drawer-.html]
[s3.amazonaws.com/cdn.freshdesk.com/data/helpdesk/attachments/production/155048847821/original/Houqbu0DfbSPiw3SaFDGI4LmcX_RkIn31Q423c.jpg]
[s3.amazonaws.com/cdn.freshdesk.com/data/helpdesk/attachments/production/155048847823/original/QgacWRHNIfoNo_IIK9-i2zqTEefrnl7h9Q53a4.jpg]
[s3.amazonaws.com/cdn.freshdesk.com/data/helpdesk/attachments/production/155048847822/original/kJ2GN0nGct_Wzvnzb2K3fpQQ8RzKOTLYfw423c.jpg]
[s3.amazonaws.com/cdn.freshdesk.com/data/helpdesk/attachments/production/155048847824/original/1wzRNt8CRus5fmbV1qnfvVv0D8scOYD5oA53a4.jpg]
[s3.amazonaws.com/cdn.freshdesk.com/data/helpdesk/attachments/production/155048847825/original/GuGluuTN0fABiqYg0aSvnD1RUauu-brpCw1fa4.jpg]
[s3.amazonaws.com/cdn.freshdesk.com/data/helpdesk/attachments/production/155048847827/original/8W8EYvl_iRRYAbbD5oN-xwbvNsehH-1cZge739.png]
[s3.amazonaws.com/cdn.freshdesk.com/data/helpdesk/attachments/production/155048847826/original/7YAMizdsk80LrVKeeE-8bV0dwXtWZd5DoQ1fa4.jpg]
[help.leadconnectorhq.com/support/solutions/articles/155000005594-how-to-connect-your-google-calendar-/hit.gif]
[help.leadconnectorhq.com/support/solutions/articles/155000005594-how-to-connect-your-google-calendar-.html]
[s3.amazonaws.com/cdn.freshdesk.com/data/helpdesk/attachments/production/155048848243/original/8T-Zzmx4ZbLboM0batugJS8Ns14ec9F1SQb102.jpg]
[s3.amazonaws.com/cdn.freshdesk.com/data/helpdesk/attachments/production/155048848242/original/9PwZVpIqvfT-zBerOD-GKQsuST3hXRK1lAb102.jpg]
[s3.amazonaws.com/cdn.freshdesk.com/data/helpdesk/attachments/production/155048848241/original/T_f4BZt5PSOwBaqNlKxs5TBPKq800tPW-Ab102.png]
[s3.amazonaws.com/cdn.freshdesk.com/data/helpdesk/attachments/production/155048848238/original/vKl_HzCfKT_0ljEG873WaC_IJe4nSdNbPgb811.jpg]
[s3.amazonaws.com/cdn.freshdesk.com/data/helpdesk/attachments/production/155048848244/original/VLyYPj58zCdATLzS8-nXjn3iWJBSlk_cPAb102.jpg]
[s3.amazonaws.com/cdn.freshdesk.com/data/helpdesk/attachments/production/155048848246/original/HyBfE8pWpWnwybkcUcLD142RKQA4SgixTQb102.jpg]
[s3.amazonaws.com/cdn.freshdesk.com/data/helpdesk/attachments/production/155048848240/original/I-jSUmWIOdgRBolxF3yL8ICQO6ANoAc0WAb811.jpg]
[help.leadconnectorhq.com/support/solutions/articles/155000005595-how-to-connect-your-outlook-calendar-/hit.gif]
[help.leadconnectorhq.com/support/solutions/articles/155000005595-how-to-connect-your-outlook-calendar-.html]
[s3.amazonaws.com/cdn.freshdesk.com/data/helpdesk/attachments/production/155048848607/original/LYumKYyTEwMg9JIajpMpynJ1PCdDnLi_rQc7f2.jpg]
[s3.amazonaws.com/cdn.freshdesk.com/data/helpdesk/attachments/production/155048848605/original/cUmNSc27IlD16rehGdRnSXfqy5IoiDuPiwc7f2.jpg]
[s3.amazonaws.com/cdn.freshdesk.com/data/helpdesk/attachments/production/155048848598/original/nfYj_tkK0u07FJBqMzQy_gwR82rFRoFAdQ8993.png]
[s3.amazonaws.com/cdn.freshdesk.com/data/helpdesk/attachments/production/155048848602/original/ZI4h5zGyf5Ax0R3M528nVkA9Z-YfWTwo6gc7f2.jpg]
[s3.amazonaws.com/cdn.freshdesk.com/data/helpdesk/attachments/production/155048848603/original/CoCbxzTAPsHtzQ3FYhAyqasKFOm2ZTYtcAc7f2.jpg]
[s3.amazonaws.com/cdn.freshdesk.com/data/helpdesk/attachments/production/155048848600/original/R0nUxPjkr6ui6-LA3fr1oyL_dil8-vprew8993.jpg]
[s3.amazonaws.com/cdn.freshdesk.com/data/helpdesk/attachments/production/155048848604/original/oGdHs98Yafo58iU9ulnkswrp7xrRMoZTfgc7f2.jpg]
[s3.amazonaws.com/cdn.freshdesk.com/data/helpdesk/attachments/production/155048848601/original/jGt5IzHH1VsPb3qnJwbDaLPNTGWiZ08x4g8993.jpg]
[s3.amazonaws.com/cdn.freshdesk.com/data/helpdesk/attachments/production/155048848599/original/wJiUDXrx3Zh85emZiFYJ4QTx7m7g52h9fw8993.jpg]
[s3.amazonaws.com/cdn.freshdesk.com/data/helpdesk/attachments/production/155048848608/original/sKU1w1IjDP8wXOgjpsl3W3l0-7i5eqBLlwd6ce.jpg]
[s3.amazonaws.com/cdn.freshdesk.com/data/helpdesk/attachments/production/155048848606/original/DPcQds6HgbVX4BTgShhaCfZjE1Plf8xHvgc7f2.jpg]
[help.leadconnectorhq.com/support/solutions/articles/155000005596-how-to-connect-your-icloud-calendar-/hit.gif]
[help.leadconnectorhq.com/support/solutions/articles/155000005596-how-to-connect-your-icloud-calendar-.html]
[s3.amazonaws.com/cdn.freshdesk.com/data/helpdesk/attachments/production/155048849029/original/8GV6wO57ulqBWgAI3ls8de7OLwh1_yeDjAc6c8.jpg]
[s3.amazonaws.com/cdn.freshdesk.com/data/helpdesk/attachments/production/155048849030/original/hmJHXnZh7rfi7zH59CiMxEjV2v4NXhpm-Ac6c8.jpg]
[s3.amazonaws.com/cdn.freshdesk.com/data/helpdesk/attachments/production/155048849022/original/TTsJ9QFIRdUQYDpnyvykLSwUL4xsc8lW7Q13cb.png]
[s3.amazonaws.com/cdn.freshdesk.com/data/helpdesk/attachments/production/155048849037/original/bQzJYY7zu9_hS2xEebBOe1Mio-1dQIYFvw21d5.jpg]
[s3.amazonaws.com/cdn.freshdesk.com/data/helpdesk/attachments/production/155048849033/original/zOaLkoOO_3qhvCSqBpP3GYq31qmRpEenKAc6c8.jpg]
[s3.amazonaws.com/cdn.freshdesk.com/data/helpdesk/attachments/production/155048849035/original/5Xwo_8XCxE1QUZMckYjwWclO8MBujdlFLQc6c8.jpg]
[s3.amazonaws.com/cdn.freshdesk.com/data/helpdesk/attachments/production/155048849036/original/vLhWJGJQqqV0QY6ymbnrvSm6BiLdjp1KOA21d5.jpg]
[s3.amazonaws.com/cdn.freshdesk.com/data/helpdesk/attachments/production/155048849039/original/SvmdP5Otnyjtt1Fi2YN9z3SQpEOOYHaJvA379e.jpg]
[s3.amazonaws.com/cdn.freshdesk.com/data/helpdesk/attachments/production/155048849032/original/kibBmk900vraCQVzGlz7-M0xLEZhvJuKuwc6c8.jpg]
[s3.amazonaws.com/cdn.freshdesk.com/data/helpdesk/attachments/production/155048849034/original/0eaedPjmogQ_i8BLgxmheGDerOhcHg_cWgc6c8.jpg]
[help.leadconnectorhq.com/support/solutions/articles/155000005597-how-to-connect-your-calendly-account-/hit.gif]
[help.leadconnectorhq.com/support/solutions/articles/155000005597-how-to-connect-your-calendly-account-.html]
[s3.amazonaws.com/cdn.freshdesk.com/data/helpdesk/attachments/production/155048849378/original/AFQAiZGzXpXUaanNmP6A1fiXZUbgxgyj0Qb7d6.jpg]
[s3.amazonaws.com/cdn.freshdesk.com/data/helpdesk/attachments/production/155048849382/original/LR3NRTjgkCcipShqGFtI7bSviKr03iSLfQe482.jpg]
[s3.amazonaws.com/cdn.freshdesk.com/data/helpdesk/attachments/production/155048849379/original/o3kJ-UFD8EI-ilJGpwRKsu0mXX8Xu4L6kQe482.jpg]
[s3.amazonaws.com/cdn.freshdesk.com/data/helpdesk/attachments/production/155048849380/original/Wp2XRGFTe6M8RjvdGd62piCEufnM7ka-Jwe482.jpg]
[s3.amazonaws.com/cdn.freshdesk.com/data/helpdesk/attachments/production/155048849377/original/_V57YK1ML4glIqLiAVw2N1S9OkBOCa_9igb7d6.jpg]
[help.leadconnectorhq.com/support/solutions/articles/155000005598-how-to-connect-google-meet-/hit.gif]
[help.leadconnectorhq.com/support/solutions/articles/155000005598-how-to-connect-google-meet-.html]
[s3.amazonaws.com/cdn.freshdesk.com/data/helpdesk/attachments/production/155048849528/original/3O-BhKEUBQMxe3EaL_uikwmUU07WQHYjEA6d36.jpg]
[s3.amazonaws.com/cdn.freshdesk.com/data/helpdesk/attachments/production/155048849524/original/tVdAdMCdMPtE3RUCHnV1Hyt57xmwNleE3Qeba7.jpg]
[s3.amazonaws.com/cdn.freshdesk.com/data/helpdesk/attachments/production/155048849526/original/vQgSYv-Vb1sC869zOmx009DAnjMjN1b9zA6d36.jpg]
[s3.amazonaws.com/cdn.freshdesk.com/data/helpdesk/attachments/production/155048849527/original/uyj6cVZolHC1rwSGBWwWTuojNwD9tBgugg6d36.jpg]
[help.leadconnectorhq.com/support/solutions/articles/155000005599-how-to-connect-zoom-/hit.gif]
[help.leadconnectorhq.com/support/solutions/articles/155000005599-how-to-connect-zoom-.html]
[s3.amazonaws.com/cdn.freshdesk.com/data/helpdesk/attachments/production/155048849890/original/BqD7j_xrb0RCCTjNh5GL9SzMTlXQ8KBQng1c88.png]
[s3.amazonaws.com/cdn.freshdesk.com/data/helpdesk/attachments/production/155048849888/original/98B3IlxfZyFnAw5gxuw4Wk3wVFH3jg1GUg0258.png]
[s3.amazonaws.com/cdn.freshdesk.com/data/helpdesk/attachments/production/155048849889/original/sWXGMlpJ_FcytLEDJRy1vg_rZhjZwny71A1c88.png]
[s3.amazonaws.com/cdn.freshdesk.com/data/helpdesk/attachments/production/155048849891/original/tnK9VMXbZ8ZtWd2U-sUUiJZFFCNhf3Vnog925c.png]
[s3.amazonaws.com/cdn.freshdesk.com/data/helpdesk/attachments/production/155048849886/original/tkCNYaLWdvrxjN3ncaDiNglnlTYgNYBmZQ121e.jpg]
[s3.amazonaws.com/cdn.freshdesk.com/data/helpdesk/attachments/production/155048849887/original/vXnO64UETDpLCa2UH3wSgDs-i-jZnFcKlg0258.jpg]
[help.leadconnectorhq.com/support/solutions/articles/155000005600-booking-redirect-with-google-google-organic-booking-/hit.gif]
[help.leadconnectorhq.com/support/solutions/articles/155000005600-booking-redirect-with-google-google-organic-booking-.html]
[s3.amazonaws.com/cdn.freshdesk.com/data/helpdesk/attachments/production/155048850587/original/CLiwHhC_Kx9kmBjhQrKXOO5kAmJbVFJXXg6741.jpg]
[help.leadconnectorhq.com/support/solutions/articles/155000005601-how-to-connect-microsoft-teams-/hit.gif]
[help.leadconnectorhq.com/support/solutions/articles/155000005601-how-to-connect-microsoft-teams-.html]
[s3.amazonaws.com/cdn.freshdesk.com/data/helpdesk/attachments/production/155048853421/original/MS7aoqQBsita3wJU_PgRBRve9nssueqjBAed62.jpg]
[s3.amazonaws.com/cdn.freshdesk.com/data/helpdesk/attachments/production/155048853419/original/_V-zDHNitmbV1P0AB9_5i-YCBZ0KAaxUvwed62.png]
[s3.amazonaws.com/cdn.freshdesk.com/data/helpdesk/attachments/production/155048853420/original/wR5YvOssKXBuNZiISNzX-nrOa_qwRfMqAQed62.png]
[help.leadconnectorhq.com/support/solutions/articles/155000005603-setting-up-reserve-with-google-lsa-integration-new-/hit.gif]
[help.leadconnectorhq.com/support/solutions/articles/155000005603-setting-up-reserve-with-google-lsa-integration-new-.html]
[s3.amazonaws.com/cdn.freshdesk.com/data/helpdesk/attachments/production/48289557644/original/GTaZyRFdyaCPDbCENvgkjsLNIbPtuwv6jQdc87.png]
[s3.amazonaws.com/cdn.freshdesk.com/data/helpdesk/attachments/production/48289558054/original/bJeFGIeh-ZoGTd2Tb-3fON8lBJOKZVrzmw1db9.png]
[s3.amazonaws.com/cdn.freshdesk.com/data/helpdesk/attachments/production/48289558739/original/PAF__5OhEXarHQx5f1VRZQ0TZlm-vIbsgwfd6a.png]
[s3.amazonaws.com/cdn.freshdesk.com/data/helpdesk/attachments/production/48289812085/original/1OsNUUNWTNoFjdevx11Mf7oDoz2ox2GMkA1455.png]
[s3.amazonaws.com/cdn.freshdesk.com/data/helpdesk/attachments/production/48289559747/original/6mnITv2Y1gAEl16BTbAvzJC_bg-RNhP2Kwca0a.png]
[s3.amazonaws.com/cdn.freshdesk.com/data/helpdesk/attachments/production/48289560757/original/J9yG5J56U7xVPuNoTACRDlxOWCnLYzOgdgf1fc.png]
[s3.amazonaws.com/cdn.freshdesk.com/data/helpdesk/attachments/production/48289561059/original/vwU_j-bFr506Ty7spDAS3Ri5k9mpIuVwvw8bb8.png]
[s3.amazonaws.com/cdn.freshdesk.com/data/helpdesk/attachments/production/48289561652/original/YrzW4_QmhbNTe6BAGbJW-Heg1DQTy1IztQc1c3.png]
[s3.amazonaws.com/cdn.freshdesk.com/data/helpdesk/attachments/production/48289562013/original/6ID5tq4lZiMfYoVObP_1T5r7jdNZ1j4jEw1d19.png]
[s3.amazonaws.com/cdn.freshdesk.com/data/helpdesk/attachments/production/48289562298/original/AhW4mJSwW61aUiEiX1tojQrWdOoawChg7A6770.png]
[s3.amazonaws.com/cdn.freshdesk.com/data/helpdesk/attachments/production/48289563694/original/gYor1B88KWEK2N6OXl5r8te5YZXFNuRzJAc062.png]
[s3.amazonaws.com/cdn.freshdesk.com/data/helpdesk/attachments/production/48289563994/original/Xs4YCd541AsuyT5VWPpzh4R-YDCQlb6pJQ8a58.png]
[s3.amazonaws.com/cdn.freshdesk.com/data/helpdesk/attachments/production/48289565394/original/W38f_IZGBu8E7B4yoOrESs3UyMy1ueMbFQ7289.png]
[s3.amazonaws.com/cdn.freshdesk.com/data/helpdesk/attachments/production/48289565549/original/OO2BucB00euiijotEiNyXDFei0w7AswpwQa5ba.png]
[s3.amazonaws.com/cdn.freshdesk.com/data/helpdesk/attachments/production/48289565822/original/ldzrxwho1aJQfbX49uqcqbQQkyX6N5HbQAd62c.png]
[s3.amazonaws.com/cdn.freshdesk.com/data/helpdesk/attachments/production/48289566092/original/cueYbcPRa5eCXTyVRThR_YohSFiotB3Rig1728.png]
[s3.amazonaws.com/cdn.freshdesk.com/data/helpdesk/attachments/production/48289566456/original/Cad-ElQHFg-5k9NH7iuaehA6Sjt52lb5lQ4a08.png]
[s3.amazonaws.com/cdn.freshdesk.com/data/helpdesk/attachments/production/48289568071/original/IBt_B9L9qEi7EGsxwxXwT1xGKKtniy_XMg1892.png]
[s3.amazonaws.com/cdn.freshdesk.com/data/helpdesk/attachments/production/48289570698/original/Axo_7JB7aYqMu05xVCmbyL3huyMqf8KK3g0191.png]
[s3.amazonaws.com/cdn.freshdesk.com/data/helpdesk/attachments/production/48289571188/original/N9MFo0vI6O68mcQgkUIlKOsCk9ONZh8hUg0a7d.png]
[s3.amazonaws.com/cdn.freshdesk.com/data/helpdesk/attachments/production/48289576432/original/hiSciufhwIJ7PCKZ-sS2vB5l1R1rtakQ-Q1b35.png]
[s3.amazonaws.com/cdn.freshdesk.com/data/helpdesk/attachments/production/48289576389/original/m9CQWd5rnOZKzlO66XBHbbeU8lXQxwjCeA4340.png]
[s3.amazonaws.com/cdn.freshdesk.com/data/helpdesk/attachments/production/48289576950/original/XwZ8gxwLDHkQmjV4i9XdU5Xht3frw5kvqQcb07.png]
[s3.amazonaws.com/cdn.freshdesk.com/data/helpdesk/attachments/production/48289577098/original/Z98Zvxl_5PH_pqzvwm2NVUXw4qVqdzTf0A0f8c.png]
[s3.amazonaws.com/cdn.freshdesk.com/data/helpdesk/attachments/production/48289577442/original/YI__7PAwCBY81DjMbv1zmh9IYq-5NuLLCA3840.png]
[s3.amazonaws.com/cdn.freshdesk.com/data/helpdesk/attachments/production/48289695452/original/XOr7LdP7cl--hxOUM7joPfJL5oOUcbWwaQf590.png]
[s3.amazonaws.com/cdn.freshdesk.com/data/helpdesk/attachments/production/48289696108/original/gOPAJEuBrOyw763_BKspl9mwls66TyWgkgf7fa.png]
[s3.amazonaws.com/cdn.freshdesk.com/data/helpdesk/attachments/production/48289704585/original/ZCSNobw18WNpGfxIWg-4oTkrNq6Q6-ETIA6f61.png]
[s3.amazonaws.com/cdn.freshdesk.com/data/helpdesk/attachments/production/48289709868/original/fs68pGT6FcNZWDVh9bP4aO4klx31e5qGIgca76.png]
[s3.amazonaws.com/cdn.freshdesk.com/data/helpdesk/attachments/production/48291755087/original/XNqj9GjeUVUjXdi92XWTuqanUx9VMsPoAwc04d.gif]
[s3.amazonaws.com/cdn.freshdesk.com/data/helpdesk/attachments/production/48289721353/original/zKEiDic2LbITy4OTkp4EPLNqftPC3E3wTgc3bc.png]
[s3.amazonaws.com/cdn.freshdesk.com/data/helpdesk/attachments/production/48289720956/original/UzW2lQxRnD89kC50mNmvcm9dPEdFVg8oFQ9241.png]
[s3.amazonaws.com/cdn.freshdesk.com/data/helpdesk/attachments/production/48289721039/original/80BvC38WqaO_PBTT3uTrESPHZJxKFFg-Dwc4e4.png]
[s3.amazonaws.com/cdn.freshdesk.com/data/helpdesk/attachments/production/48289721255/original/RvXSQg-836i6SRM2N8JNGoQ_c0CLSPNU4Ad9d7.png]
[s3.amazonaws.com/cdn.freshdesk.com/data/helpdesk/attachments/production/48289721481/original/BSdWqGzCUtGVpypAWQHpx_tYoy8r52Ys1Qd1fc.png]
[s3.amazonaws.com/cdn.freshdesk.com/data/helpdesk/attachments/production/48289711718/original/BlBprv4vsy-ln4pK4HQT4k0J1Egn-Ah2LAccdc.png]
[s3.amazonaws.com/cdn.freshdesk.com/data/helpdesk/attachments/production/48289711847/original/fWCnbLpgrJ5UiMkE_Yt1QlvofWNsDO5zsw4059.png]
[s3.amazonaws.com/cdn.freshdesk.com/data/helpdesk/attachments/production/48289712358/original/QZE0sWnE-pbrOLgAMkyomQTWuz1BiIsGkQce23.png]
[s3.amazonaws.com/cdn.freshdesk.com/data/helpdesk/attachments/production/48289714422/original/2b7gcqusnexxCMS4WB7cI6k4wM4Ihy_RHg1de7.png]
[s3.amazonaws.com/cdn.freshdesk.com/data/helpdesk/attachments/production/48289714754/original/cve6wtT3L80nD_bgdm-BNtTWwsvBwh8sPQ5565.png]
[s3.amazonaws.com/cdn.freshdesk.com/data/helpdesk/attachments/production/48289722071/original/ZUjryQ9uZpPbZykijHiBMPthfg369JXcpw4f4b.png]
[s3.amazonaws.com/cdn.freshdesk.com/data/helpdesk/attachments/production/48289722332/original/iNgpHSOF_fNtQpVBadEh5XJXnB3wYOeVnge3b0.png]
[s3.amazonaws.com/cdn.freshdesk.com/data/helpdesk/attachments/production/48289722674/original/rEIgSM6qrptfSee-X6aq9No2EspxhQdJ-A0c8e.png]
[s3.amazonaws.com/cdn.freshdesk.com/data/helpdesk/attachments/production/48289723076/original/tfa8RTENoclPwsMDruB1EYnISHaeFoC9dA097d.png]
[s3.amazonaws.com/cdn.freshdesk.com/data/helpdesk/attachments/production/48289724559/original/QES1YU8T20V7OJcENNJviPFgu-2J1e6bZQ2ef3.png]
[s3.amazonaws.com/cdn.freshdesk.com/data/helpdesk/attachments/production/48289725706/original/iAepBwSr9GL5uStEWT2DKZyEZVWAVClyCAd1c8.png]
[s3.amazonaws.com/cdn.freshdesk.com/data/helpdesk/attachments/production/48289726791/original/jJEtjQkW_8i4KUi2XjoHcefesHLy-_buBQ4f19.png]
[s3.amazonaws.com/cdn.freshdesk.com/data/helpdesk/attachments/production/48289806309/original/hxd2uFEgwAUCvwnUuG3T-EQydiOboNJUGAe75e.png]
[s3.amazonaws.com/cdn.freshdesk.com/data/helpdesk/attachments/production/48289806384/original/97Ca2J6ee77OfgVtCKIGJmsZfKPzg5Ga8Qccf1.png]
[help.leadconnectorhq.com/support/solutions/articles/48001237084-how-to-set-up-a-funnel-event-pixel-for-facebook-conversion-api-/hit.gif]
[help.leadconnectorhq.com/support/solutions/articles/48001237084-how-to-set-up-a-funnel-event-pixel-for-facebook-conversion-api-.html]
[s3.amazonaws.com/cdn.freshdesk.com/data/helpdesk/attachments/production/155035059804/original/e7FSaLLnj5xgfPe-kLFHCYP1HqO1yZpgNg3de3.png]
[s3.amazonaws.com/cdn.freshdesk.com/data/helpdesk/attachments/production/155035059933/original/PFZn4-GyKGBJVee4HhFBvtyC8LgeW06_sQ5fa4.png]
[s3.amazonaws.com/cdn.freshdesk.com/data/helpdesk/attachments/production/155035059978/original/ObtRkrwAWQ4QIwBbenlp5s7nZYLBYDNfvA638c.png]
[s3.amazonaws.com/cdn.freshdesk.com/data/helpdesk/attachments/production/155035061463/original/9ikL0ynstvJ3pblYo6uqFXBU58cQtIbY1Qc24e.png]
[s3.amazonaws.com/cdn.freshdesk.com/data/helpdesk/attachments/production/155035061456/original/Bld6_kC9DKsXWu4gjY-UEMIWNXw8tlsCWg24fc.png]
[s3.amazonaws.com/cdn.freshdesk.com/data/helpdesk/attachments/production/155035061604/original/Bob8Y6YN09Zz5kOaOEOWIXQbvgWwzERZeg95cb.png]
[s3.amazonaws.com/cdn.freshdesk.com/data/helpdesk/attachments/production/155035061583/original/JJwmX6ofRx6Aa8-svzhs6h6YE0HxUM1cZAaa67.png]
[s3.amazonaws.com/cdn.freshdesk.com/data/helpdesk/attachments/production/155035061822/original/DCZoijxdN99Pur8rT5m3XwCyJhH2mS90pQ484f.png]
[s3.amazonaws.com/cdn.freshdesk.com/data/helpdesk/attachments/production/155035061909/original/mgQVEKBavM_8zxsWKJ1vl4fzCt1uCbGz-w3bb5.png]
[s3.amazonaws.com/cdn.freshdesk.com/data/helpdesk/attachments/production/155035061932/original/aJp-9TwYjoqconI5ATIE3OhziSzREuLqqgf2b9.png]
[help.leadconnectorhq.com/support/solutions/articles/155000003968-connecting-multiple-facebook-pages-to-your-account/hit.gif]
[help.leadconnectorhq.com/support/solutions/articles/155000003968-connecting-multiple-facebook-pages-to-your-account.html]
[s3.amazonaws.com/cdn.freshdesk.com/data/helpdesk/attachments/production/155046437611/original/ILkW_ECp9M5dJgSexjcr7E5DqJITDXoLUQ9e1c.png]
[s3.amazonaws.com/cdn.freshdesk.com/data/helpdesk/attachments/production/155046437656/original/av5GV4rystHg1X1ODRcmts4DV2yuHI24zQ47b1.png]
[s3.amazonaws.com/cdn.freshdesk.com/data/helpdesk/attachments/production/155046437709/original/vTC81u865ClCs_2pNIvw8ANDfebVsXT0Aga90d.png]
[s3.amazonaws.com/cdn.freshdesk.com/data/helpdesk/attachments/production/155046437711/original/cP8ciDJuHM9ShhkSrIzLAC9NumIzYyOXJw19e6.png]
[s3.amazonaws.com/cdn.freshdesk.com/data/helpdesk/attachments/production/155046437675/original/EXZ1scbZaLhhfB0FMuagxPXWQ_XCX9x3QQ3f72.jpg]
[s3.amazonaws.com/cdn.freshdesk.com/data/helpdesk/attachments/production/155046437676/original/Poq6oIdnHeKbO8GlGwv7aqkhnpEusW4pIQ6616.jpg]
[help.leadconnectorhq.com/support/solutions/articles/155000005228-page-selection-guide.html]
[help.leadconnectorhq.com/support/solutions/articles/155000005240-facebook-multi-page-troubleshoot.html]
[help.leadconnectorhq.com/support/solutions/articles/155000005224-facebook-form-field-mapping/hit.gif]
[help.leadconnectorhq.com/support/solutions/articles/155000005224-facebook-form-field-mapping.html]
[s3.amazonaws.com/cdn.freshdesk.com/data/helpdesk/attachments/production/155046258166/original/s5mNx9QweLyfo2e_yrhi9Xj8SEGQG808yw55ba.png]
[s3.amazonaws.com/cdn.freshdesk.com/data/helpdesk/attachments/production/155046258177/original/1M8fIfWMkiD3PJiTN0Izi3LgQkOcbnHAnw4254.png]
[s3.amazonaws.com/cdn.freshdesk.com/data/helpdesk/attachments/production/155046258182/original/mKnQE_YrfLFvgp2QdeGsCZDPYTuS2vYW-A4254.jpg]
[s3.amazonaws.com/cdn.freshdesk.com/data/helpdesk/attachments/production/155046258181/original/T9k4EDoaOAZca_hY0p8TF8EoUzxnLw4Q1w4254.jpg]
[s3.amazonaws.com/cdn.freshdesk.com/data/helpdesk/attachments/production/155046258176/original/knYvHjsf4sr8z3WAcbxjsnZnzwC4z13RAw4254.png]
[s3.amazonaws.com/cdn.freshdesk.com/data/helpdesk/attachments/production/155046258163/original/owh1yJIte8vBfNl46jW0HL5YFRpspZMPXA54d9.png]
[s3.amazonaws.com/cdn.freshdesk.com/data/helpdesk/attachments/production/155046258179/original/Bw5mYWTYc50Cfd7xOpmiroz5tclHWxWXdA4254.png]
[s3.amazonaws.com/cdn.freshdesk.com/data/helpdesk/attachments/production/155046258183/original/-JvPs3tSNbhQ_b3arvfMjHpioMLwpkJUgw0806.png]
[s3.amazonaws.com/cdn.freshdesk.com/data/helpdesk/attachments/production/155046258165/original/keXWn-8ZA82HVSg9CSEBNHozsjLZuyyA_g55ba.png]
[s3.amazonaws.com/cdn.freshdesk.com/data/helpdesk/attachments/production/155046258168/original/smGfq6H0mIMMh3W0DQKwXIsk4U6sJQK-GQf65e.png]
[s3.amazonaws.com/cdn.freshdesk.com/data/helpdesk/attachments/production/155046258173/original/K6tpbuNeF6N2iEvSXI48B2O4pfCVn680MAf65e.png]
[s3.amazonaws.com/cdn.freshdesk.com/data/helpdesk/attachments/production/155046258167/original/3QnPnCRCkYm4ttZBohQF0qzNp_A19slY0Af65e.png]
[s3.amazonaws.com/cdn.freshdesk.com/data/helpdesk/attachments/production/155046258171/original/s0L2RowMNCYo_NKRxC_Asc4VPHaAjvqsMAf65e.png]
[s3.amazonaws.com/cdn.freshdesk.com/data/helpdesk/attachments/production/155046258164/original/wVjwKCCsKpyJAJY1xTrpfcTURudoKL0tWg55ba.png]
[s3.amazonaws.com/cdn.freshdesk.com/data/helpdesk/attachments/production/155046258174/original/rHSth5lgSJfvYUJ5XlBCH-ZTsmQ4LcAKcwf65e.jpg]
[s3.amazonaws.com/cdn.freshdesk.com/data/helpdesk/attachments/production/155046258184/original/LlOO46Owg-Zlda4qJlM98R9_K6wDwFxjdA0806.png]
[s3.amazonaws.com/cdn.freshdesk.com/data/helpdesk/attachments/production/155046258175/original/UazD_R9FrnHExrQSnqtRv6Hk-UfniPkctw4254.png]
[s3.amazonaws.com/cdn.freshdesk.com/data/helpdesk/attachments/production/155046258178/original/zx-Baralh8eUiD4uMDGKh-ZRfVIOiP7uHQ4254.png]
[s3.amazonaws.com/cdn.freshdesk.com/data/helpdesk/attachments/production/155046258180/original/VYyuAeJm8Bip_JtiIRtImK-DilaXDbIuwA4254.png]
[help.leadconnectorhq.com/support/solutions/articles/155000005225-facebook-multi-page-setup-guide/hit.gif]
[help.leadconnectorhq.com/support/solutions/articles/155000005225-facebook-multi-page-setup-guide.html]
[s3.amazonaws.com/cdn.freshdesk.com/data/helpdesk/attachments/production/155046611201/original/560dNU3lKrXB3ADHgcxA9uUfY8O2B6oMvw0343.png]
[s3.amazonaws.com/cdn.freshdesk.com/data/helpdesk/attachments/production/155046618449/original/jD5YyOakvOAc3JTp5SfO-NdLt6qeSc-1vQ9dfe.png]
[s3.amazonaws.com/cdn.freshdesk.com/data/helpdesk/attachments/production/155046618680/original/fXU2j4i8_yMPm5b_vp4sgqbteIBBnFBnIw4712.png]
[s3.amazonaws.com/cdn.freshdesk.com/data/helpdesk/attachments/production/155046618711/original/Kw8mxcMbUAe45MoZsidRgdE5GNORLGLDdg635f.png]
[s3.amazonaws.com/cdn.freshdesk.com/data/helpdesk/attachments/production/155046820921/original/tLINkNzirrxoXfTSJdGxULjH4cx8k9f3Ug4084.png]
[s3.amazonaws.com/cdn.freshdesk.com/data/helpdesk/attachments/production/155046820913/original/rThbgLELyFW3QsFfS1WTuVteuNKAyl2-ag42d1.png]
[s3.amazonaws.com/cdn.freshdesk.com/data/helpdesk/attachments/production/155046820968/original/rYafkZPj6wQIXvvuNGOOqY4P2wQWSO_S0Q7cbb.png]
[s3.amazonaws.com/cdn.freshdesk.com/data/helpdesk/attachments/production/155055401480/original/IPf2dRiFxB_MuBgAJPE9_WJ0DiK2QkbpzQe0dc.png]
[help.leadconnectorhq.com/support/solutions/articles/155000005226-messaging-setup-troubleshoot/hit.gif]
[help.leadconnectorhq.com/support/solutions/articles/155000005226-messaging-setup-troubleshoot.html]
[help.leadconnectorhq.com/support/solutions/folders/48000683642/page/2.html]
[help.leadconnectorhq.com/support/solutions/articles/48001237084-how-to-set-up-a-funnel-event-pixel-for-facebook-conversion-api-a1bb.html]
[help.leadconnectorhq.com/support/solutions/articles/48001223557-how-to-integrate-tiktok-leads-ads.html]
[help.leadconnectorhq.com/support/solutions/folders/48000683642/page/1.html]
[s3.amazonaws.com/cdn.freshdesk.com/data/helpdesk/attachments/production/155050129431/original/LUP0sRL2-E3CmPS-Uqbv8cJlun0MiKPj5Q3e97.png]
[s3.amazonaws.com/cdn.freshdesk.com/data/helpdesk/attachments/production/155050129495/original/YsK2Uq_wKJZOANXWPYHqg4p8bZj7gqwqAQ2874.png]
[s3.amazonaws.com/cdn.freshdesk.com/data/helpdesk/attachments/production/155050129936/original/oVSNyVya9QVlTM8qePNYlOa3DLn9qdilHg6b4e.png]
[s3.amazonaws.com/cdn.freshdesk.com/data/helpdesk/attachments/production/155050129929/original/qz_mUO_Hw9iLiHn1p7xxozJ1AEkJf7EVeg5f0e.png]
[s3.amazonaws.com/cdn.freshdesk.com/data/helpdesk/attachments/production/155050130973/original/nhAySWwSNMLfmELnplIFW9OQgBy8KV8siQbfe1.png]
[s3.amazonaws.com/cdn.freshdesk.com/data/helpdesk/attachments/production/155051426057/original/cbQthivRtibUfh1E1ecktOxhccRJxxKYiw9fe6.png]
[s3.amazonaws.com/cdn.freshdesk.com/data/helpdesk/attachments/production/155051425989/original/Tg29cEY35lAz0AiexBLit76LJlyh5lqR_A6647.png]
[help.leadconnectorhq.com/support/solutions/articles/155000005632-messaging-and-social-channel-connection-with-gbp/hit.gif]
[help.leadconnectorhq.com/support/solutions/articles/155000005632-messaging-and-social-channel-connection-with-gbp.html]
[help.leadconnectorhq.com/support/solutions/articles/155000002138.html]
[s3.amazonaws.com/cdn.freshdesk.com/data/helpdesk/attachments/production/155043282256/original/lC-Z_z-ny2Bu3XFHwuqvdOvqeWpckM6N_w9651.jpg]
[help.leadconnectorhq.com/support/solutions/articles/155000004781-important-update-whatsapp-marketing-templates-pause-in-the-u-s-starting-april-1-2025/hit.gif]
[help.leadconnectorhq.com/support/solutions/articles/155000004781-important-update-whatsapp-marketing-templates-pause-in-the-u-s-starting-april-1-2025.html]
[s3.amazonaws.com/cdn.freshdesk.com/data/helpdesk/attachments/production/155048157439/original/p4Ik3WQt-8R1X6NgJ26OMpWJZiy9OrwjhQ5797.png]
[help.leadconnectorhq.com/support/solutions/articles/155000005515-whatsapp-30-days-free-subscription-trial-promotion/hit.gif]
[help.leadconnectorhq.com/support/solutions/articles/155000005515-whatsapp-30-days-free-subscription-trial-promotion.html]
[s3.amazonaws.com/cdn.freshdesk.com/data/helpdesk/attachments/production/155055281127/original/-yXYL6tLjCASLWs0zwCdU5a3dEBThzrdZA2df8.png]
[help.leadconnectorhq.com/support/solutions/articles/155000006535-whatsapp-onboarding-failure-please-create-a-new-whatsapp-business-account-since-a-payment-method-al/hit.gif]
[help.leadconnectorhq.com/support/solutions/articles/155000006535-whatsapp-onboarding-failure-please-create-a-new-whatsapp-business-account-since-a-payment-method-al.html]
[s3.amazonaws.com/cdn.freshdesk.com/data/helpdesk/attachments/production/155056873013/original/tPxYJm4244LiFgaNUkcJBZ3FHIWijatp5Aed9f.jpg]
[s3.amazonaws.com/cdn.freshdesk.com/data/helpdesk/attachments/production/155056873014/original/feTOeZasy_N8KehFzd9_VpSM0TIyio5Neged9f.jpg]
[help.leadconnectorhq.com/support/solutions/articles/155000006784-how-to-use-ftp-to-access-your-wordpress-website/hit.gif]
[help.leadconnectorhq.com/support/solutions/articles/155000006784-how-to-use-ftp-to-access-your-wordpress-website.html]
[help.leadconnectorhq.com/support/solutions/articles/155000000193-how-to-set-up-the-client-portal-.html]
[help.leadconnectorhq.com/support/solutions/articles/155000000197-how-can-my-customers-use-the-client-portal-.html]
[s3.amazonaws.com/cdn.freshdesk.com/data/helpdesk/attachments/production/155032172309/original/A5nUsbICOH6zfl8PWDV95dtTUJ0MkuFCWw05a9.png]
[s3.amazonaws.com/cdn.freshdesk.com/data/helpdesk/attachments/production/155032197916/original/juAYymnfJ7zofz79ybgAxLHivhFPaU3KIwef84.png]
[help.leadconnectorhq.com/support/solutions/articles/155000003281-instagram-dm-workflow-action/hit.gif]
[help.leadconnectorhq.com/support/solutions/articles/155000003281-instagram-dm-workflow-action.html]
[s3.amazonaws.com/cdn.freshdesk.com/data/helpdesk/attachments/production/155054096750/original/vb5YsKuW5gAOlg1mm9LV_AzcXatfwTB-Lg8856.png]
[s3.amazonaws.com/cdn.freshdesk.com/data/helpdesk/attachments/production/155054096751/original/ODQbVZgqocNfVI26Z2wZJJsp6Dsb2ibCmQ8856.jpg]
[s3.amazonaws.com/cdn.freshdesk.com/data/helpdesk/attachments/production/155054096748/original/txcosKE_isAhGWqwHMXiX1WjF7nixZi98gd1dd.jpg]
[s3.amazonaws.com/cdn.freshdesk.com/data/helpdesk/attachments/production/155054096747/original/Fa6827UXZPOm5EMY6eFbT_B224VVnmMZdgd1dd.png]
[s3.amazonaws.com/cdn.freshdesk.com/data/helpdesk/attachments/production/155054096746/original/eCW4VdsgJhlXzlJU9fE4cdGS96wPFhocuwd1dd.png]
[s3.amazonaws.com/cdn.freshdesk.com/data/helpdesk/attachments/production/155054096749/original/77_DGo5lNKvwpg2FrqFWudAycB-_QQwBKgd1dd.png]
[s3.amazonaws.com/cdn.freshdesk.com/data/helpdesk/attachments/production/155054096745/original/AAAZfLfvaDI0HEjzu0y_b0t5yxJ0WLbgSwd1dd.png]
[help.leadconnectorhq.com/support/solutions/articles/155000006358-activity-cards-in-conversations/hit.gif]
[help.leadconnectorhq.com/support/solutions/articles/155000006358-activity-cards-in-conversations.html]
[s3.amazonaws.com/cdn.freshdesk.com/data/helpdesk/attachments/production/155056440054/original/-5AR0P2k8ABXiQxsPzqW-8EjjIVoiwMZgQ3124.png]
[s3.amazonaws.com/cdn.freshdesk.com/data/helpdesk/attachments/production/155055751833/original/_1xPlb_WcRungqpn8WswRPb3amKCK8FdNQ61f8.png]
[s3.amazonaws.com/cdn.freshdesk.com/data/helpdesk/attachments/production/155055751852/original/sUT--8FCK2B7K89sawAsPvCeDMU3IC-yLQfe6a.png]
[s3.amazonaws.com/cdn.freshdesk.com/data/helpdesk/attachments/production/155055751858/original/cTs8MItJFSy22ZooJnxRoRNfHaSyyTPKLQc3fd.png]
[s3.amazonaws.com/cdn.freshdesk.com/data/helpdesk/attachments/production/155055751865/original/MWXc8GRfRKG4AfaEvykj5xvpt3jt2ZPkzw1783.png]
[s3.amazonaws.com/cdn.freshdesk.com/data/helpdesk/attachments/production/155055751868/original/sZLd5drTnfilq2buX3mqcXhpJBObAXl7oA3a7d.png]
[s3.amazonaws.com/cdn.freshdesk.com/data/helpdesk/attachments/production/155055751896/original/ucddVtV7GkdRBOodo6BQ5O0bpJANQVaZ6ge8fb.png]
[s3.amazonaws.com/cdn.freshdesk.com/data/helpdesk/attachments/production/155055751906/original/tvBK1XVoENjOLcZb-x2Ugr53WBp8EOAM6g6acd.png]
[s3.amazonaws.com/cdn.freshdesk.com/data/helpdesk/attachments/production/155055751915/original/Av8xqeGlMmGMO4nGNF3nsvHLxTYkZfWrJA579c.png]
[s3.amazonaws.com/cdn.freshdesk.com/data/helpdesk/attachments/production/155055751918/original/O6HP0Iu8yTq01PBXEKn-d1HxVK2yALdgjQdde4.png]
[s3.amazonaws.com/cdn.freshdesk.com/data/helpdesk/attachments/production/155055751923/original/OzslYtUMSTxQVAsLXD7D9un_b17gnD9jWQad8a.png]
[s3.amazonaws.com/cdn.freshdesk.com/data/helpdesk/attachments/production/155055751929/original/SDht-uk6VtZsflft-t-KmNaolwx_CZnN9Qc7a4.png]
[help.leadconnectorhq.com/support/solutions/articles/155000006633-guide-to-tiktok-messaging-comment-automation/hit.gif]
[help.leadconnectorhq.com/support/solutions/articles/155000006633-guide-to-tiktok-messaging-comment-automation.html]
[s3.amazonaws.com/cdn.freshdesk.com/data/helpdesk/attachments/production/155060345479/original/0p6OBWvgAYxRrCaKvtI1zCMHpOwetCW7ag083c.png]
[s3.amazonaws.com/cdn.freshdesk.com/data/helpdesk/attachments/production/155060345526/original/op215p0CLuX6t3RC1Jy9tRXk6DMxBR-Gnw7efe.png]
[s3.amazonaws.com/cdn.freshdesk.com/data/helpdesk/attachments/production/155060478822/original/nwQkQ1dj1Xe4Q8iDZ3D07U6UaeH83xWquAefe8.png]
[s3.amazonaws.com/cdn.freshdesk.com/data/helpdesk/attachments/production/155060475991/original/lq7Phit5i3KDkE9AJDVv7sTn2QpIfmUwOwf9f1.png]
[s3.amazonaws.com/cdn.freshdesk.com/data/helpdesk/attachments/production/155060476107/original/bn2W8_zh_0zsWsyCMoS38crqjoTImxCGmAee1e.png]
[s3.amazonaws.com/cdn.freshdesk.com/data/helpdesk/attachments/production/155060476386/original/nMpxTc2OY9FNikzxK6bSaq22PnAj_VKiGQ5bd9.png]
[help.leadconnectorhq.com/support/solutions/articles/155000007163-preference-management-email-unsubscription-management-/hit.gif]
[help.leadconnectorhq.com/support/solutions/articles/155000007163-preference-management-email-unsubscription-management-.html]
[s3.amazonaws.com/cdn.freshdesk.com/data/helpdesk/attachments/production/155018529993/original/6xpGi5FNhzvK_vnWCziBRx6amEmJ-CtmfQ8b0c.png]
[s3.amazonaws.com/cdn.freshdesk.com/data/helpdesk/attachments/production/155018529979/original/qri0uabCs6WSPQEbJQ8w3z9ebmdLR_OwMw17dd.png]
[help.leadconnectorhq.com/support/solutions/articles/155000001721-setup-contact-engagement-score/hit.gif]
[help.leadconnectorhq.com/support/solutions/articles/155000001721-setup-contact-engagement-score.html]
[s3.amazonaws.com/cdn.freshdesk.com/data/helpdesk/attachments/production/155038696114/original/T0Q4fOg65-hk4Fx9RJ0rLuI7uiERh6X9ugdb70.png]
[s3.amazonaws.com/cdn.freshdesk.com/data/helpdesk/attachments/production/155003776708/original/R1rozYmn0CPojrZXr8BLaDNpfQ6Ymc-7cQ3511.png]
[s3.amazonaws.com/cdn.freshdesk.com/data/helpdesk/attachments/production/155003776726/original/m74lY6sAcoHp45jQ6GvechtsWZ_TxS5hiA205e.png]
[s3.amazonaws.com/cdn.freshdesk.com/data/helpdesk/attachments/production/155003776722/original/rDyXKV_4Tr5hn6mk183Ej8PSXo5kxqTg-A12c5.png]
[help.leadconnectorhq.com/support/solutions/articles/155000000623-how-to-enable-lc-email-validation/hit.gif]
[help.leadconnectorhq.com/support/solutions/articles/155000000623-how-to-enable-lc-email-validation.html]
[s3.amazonaws.com/cdn.freshdesk.com/data/helpdesk/attachments/production/155009896565/original/51LXfRPhW6k6GmIayjleJbl30VnbCLr_Zg32ca.png]
[s3.amazonaws.com/cdn.freshdesk.com/data/helpdesk/attachments/production/155009567725/original/MGcEGrG94lo1h91nalxOHYlcQ2jNRhkEBAad49.png]
[s3.amazonaws.com/cdn.freshdesk.com/data/helpdesk/attachments/production/155009567791/original/JQF8N0VlbKo9vpFxWz3yw8SaFMVyf1TAMg9bf0.png]
[s3.amazonaws.com/cdn.freshdesk.com/data/helpdesk/attachments/production/155009569127/original/jKoAvC0wqCE_gqBohUVKQvjc0_r6EzdScQdec0.png]
[s3.amazonaws.com/cdn.freshdesk.com/data/helpdesk/attachments/production/155009569325/original/IJPw9dOn_0_MuKiwiLg41ljMp-jn2Hmkvgae2d.png]
[s3.amazonaws.com/cdn.freshdesk.com/data/helpdesk/attachments/production/155009569526/original/WqxtX26vNHJvgqaSguv9LvipF9-_4XYUDA2e3b.png]
[s3.amazonaws.com/cdn.freshdesk.com/data/helpdesk/attachments/production/155009896714/original/vb2sZyUxZ9NcPxiR5Y4L11KpaESvzbJ8RQ3563.png]
[help.leadconnectorhq.com/support/solutions/articles/155000001162.html]
[help.leadconnectorhq.com/support/solutions/articles/155000001160-what-is-a-dedicated-ip-in-lc-email-/hit.gif]
[help.leadconnectorhq.com/support/solutions/articles/155000001160-what-is-a-dedicated-ip-in-lc-email-.html]
[s3.amazonaws.com/cdn.freshdesk.com/data/helpdesk/attachments/production/155009897143/original/9kyXP66BsyRUA6Y-XhW7BmIdLWtFUqxvrQ5ae4.png]
[s3.amazonaws.com/cdn.freshdesk.com/data/helpdesk/attachments/production/155009612160/original/cwkp94jqGl-jc1vsViWXa2bvRMaphEwmkw5a7e.png]
[s3.amazonaws.com/cdn.freshdesk.com/data/helpdesk/attachments/production/155009897160/original/waZsYc9CDRkZZ9O0vGLNly7nOXPAXCHpag843d.png]
[help.leadconnectorhq.com/support/solutions/articles/155000001162-reverse-dns-white-labeling-dedicated-ip/hit.gif]
[help.leadconnectorhq.com/support/solutions/articles/155000001162-reverse-dns-white-labeling-dedicated-ip.html]
[help.leadconnectorhq.com/support/solutions/articles/48001226590.html]
[s3.amazonaws.com/cdn.freshdesk.com/data/helpdesk/attachments/production/155016626477/original/R5EN7-Lale0BG4SHQGgYFNqlRN_M2x-1Age8db.png]
[s3.amazonaws.com/cdn.freshdesk.com/data/helpdesk/attachments/production/155016626909/original/Qa7FYFNn6b7Ke9P57ma6ox86PI5yAnPZHw487c.png]
[help.leadconnectorhq.com/support/solutions/articles/48001226926.html]
[s3.amazonaws.com/cdn.freshdesk.com/data/helpdesk/attachments/production/155016625364/original/5whuXhtOgp0f2_weWfNf4IWzZ3AwU-AkkQcaf5.png]
[help.leadconnectorhq.com/support/solutions/articles/155000001635-achieving-compliance-meeting-google-and-yahoo-s-email-sender-requirements-in-2024/hit.gif]
[help.leadconnectorhq.com/support/solutions/articles/155000001635-achieving-compliance-meeting-google-and-yahoo-s-email-sender-requirements-in-2024.html]
[help.leadconnectorhq.com/support/solutions/articles/155000001635.html]
[s3.amazonaws.com/cdn.freshdesk.com/data/helpdesk/attachments/production/48259574637/original/DHSDrhQb90BFpeoyZh-3Q57E9IUiAO0jUw4aac.png]
[help.leadconnectorhq.com/support/solutions/articles/155000001671-email-authentication-dmarc/hit.gif]
[help.leadconnectorhq.com/support/solutions/articles/155000001671-email-authentication-dmarc.html]
[help.leadconnectorhq.com/support/solutions/articles/155000001915-understanding-conversion-metrics-for-tracking-email-campaigns.html]
[help.leadconnectorhq.com/support/solutions/articles/155000002133-where-can-i-find-my-smtp-credentials-.html]
[help.leadconnectorhq.com/support/solutions/articles/155000002223-how-to-add-a-domain-and-verify-dns-record.html]
[help.leadconnectorhq.com/support/solutions/articles/155000002956-bot-detection-preventing-statistics-increment-and-automation-execution.html]
[help.leadconnectorhq.com/support/solutions/articles/155000003172-email-services-configuration-reply-forward-settings.html]
[help.leadconnectorhq.com/support/solutions/articles/155000003679-microsoft-smart-network-data-services-snds-.html]
[help.leadconnectorhq.com/support/solutions/articles/155000003680-bounce-classification-codes-and-definitions.html]
[help.leadconnectorhq.com/support/solutions/articles/155000003820-google-postmaster-tools.html]
[help.leadconnectorhq.com/support/solutions/articles/155000005243-domain-warmup-how-it-works.html]
[help.leadconnectorhq.com/support/solutions/articles/155000007189-dmarc-validation-feature-understanding-and-fixing-email-authentication-alerts.html]
[help.leadconnectorhq.com/support/solutions/folders/48000687936/page/2.html]
[help.leadconnectorhq.com/support/solutions/articles/155000001160.html]
[help.leadconnectorhq.com/support/solutions/folders/48000687936/page/1.html]
[help.leadconnectorhq.com/support/solutions/articles/155000006794-email-authentication-errors-fix-spf-dkim-and-dmarc-issues/hit.gif]
[help.leadconnectorhq.com/support/solutions/articles/155000006794-email-authentication-errors-fix-spf-dkim-and-dmarc-issues.html]
[help.leadconnectorhq.com/support/solutions/articles/155000006948-blacklisted-domain-or-ip-remove-from-blocklists-and-restore-delivery/hit.gif]
[help.leadconnectorhq.com/support/solutions/articles/155000006948-blacklisted-domain-or-ip-remove-from-blocklists-and-restore-delivery.html]
[help.leadconnectorhq.com/support/solutions/articles/155000006966-spam-filter-blocks-improve-content-and-sender-reputation/hit.gif]
[help.leadconnectorhq.com/support/solutions/articles/155000006966-spam-filter-blocks-improve-content-and-sender-reputation.html]
[s3.amazonaws.com/cdn.freshdesk.com/data/helpdesk/attachments/production/155057622696/original/Ourk8oTy8NxHcbyPpgecGt1kVvAj1jRoiw399e.png]
[help.leadconnectorhq.com/support/solutions/articles/155000006945-low-domain-reputation-rebuild-trust-and-improve-deliverability/hit.gif]
[help.leadconnectorhq.com/support/solutions/articles/155000006945-low-domain-reputation-rebuild-trust-and-improve-deliverability.html]
[help.leadconnectorhq.com/support/solutions/articles/155000006946-low-ip-reputation-restore-sending-ip-credibility/hit.gif]
[help.leadconnectorhq.com/support/solutions/articles/155000006946-low-ip-reputation-restore-sending-ip-credibility.html]
[help.leadconnectorhq.com/support/solutions/articles/155000006951-rate-limited-emails-resolve-throttling-and-sending-limits/hit.gif]
[help.leadconnectorhq.com/support/solutions/articles/155000006951-rate-limited-emails-resolve-throttling-and-sending-limits.html]
[help.leadconnectorhq.com/support/solutions/articles/155000006947-mail-loop-detected-resolve-email-routing-conflicts/hit.gif]
[help.leadconnectorhq.com/support/solutions/articles/155000006947-mail-loop-detected-resolve-email-routing-conflicts.html]
[help.leadconnectorhq.com/support/solutions/articles/155000006949-email-standards-compliance-resolving-rfc-5322-violations/hit.gif]
[help.leadconnectorhq.com/support/solutions/articles/155000006949-email-standards-compliance-resolving-rfc-5322-violations.html]
[help.leadconnectorhq.com/support/solutions/articles/155000006950-resolving-multiple-email-delivery-issues-complete-recovery-guide/hit.gif]
[help.leadconnectorhq.com/support/solutions/articles/155000006950-resolving-multiple-email-delivery-issues-complete-recovery-guide.html]
[help.leadconnectorhq.com/support/solutions/articles/155000006955-recipient-policy-block-bypass-server-restrictions/hit.gif]
[help.leadconnectorhq.com/support/solutions/articles/155000006955-recipient-policy-block-bypass-server-restrictions.html]
[s3.amazonaws.com/cdn.freshdesk.com/data/helpdesk/attachments/production/155038689655/original/msrC0ziRBWrwOgDlFUy-wpa50OzGcxwn7Qe374.png]
[s3.amazonaws.com/cdn.freshdesk.com/data/helpdesk/attachments/production/155038676361/original/uGLPN-Upvogy9ALR5qvchypXQqliCVGCvw2615.png]
[s3.amazonaws.com/cdn.freshdesk.com/data/helpdesk/attachments/production/155038676959/original/aWhjXtf2gfHWq2mP4E1kvPq7IUBA_waf5g31b5.png]
[help.leadconnectorhq.com/support/solutions/articles/155000004413-merging-multiple-records/hit.gif]
[help.leadconnectorhq.com/support/solutions/articles/155000004413-merging-multiple-records.html]
[s3.amazonaws.com/cdn.freshdesk.com/data/helpdesk/attachments/production/155039405397/original/gPG305y4PVcT5_OYjZWxF1NxuNfFrxrwiA5b4e.png]
[s3.amazonaws.com/cdn.freshdesk.com/data/helpdesk/attachments/production/155039405400/original/LqzxyhY3a934Y7SAsD7QC6UgirHSuSiOVA0b74.jpg]
[s3.amazonaws.com/cdn.freshdesk.com/data/helpdesk/attachments/production/155039405398/original/tS6rglsznL9nkqQ_6uKumF-1ZU3fOBBuXA5b4e.jpg]
[s3.amazonaws.com/cdn.freshdesk.com/data/helpdesk/attachments/production/155039405415/original/zP6U8hTpDhHZ7WFE8s5xyE3Tvmeo4taH2Aca41.jpg]
[s3.amazonaws.com/cdn.freshdesk.com/data/helpdesk/attachments/production/155039405414/original/DCjWAm_2dJpXUZVXLiVwKWAKIgbtEcKY0wca41.jpg]
[s3.amazonaws.com/cdn.freshdesk.com/data/helpdesk/attachments/production/155039405408/original/K3khqnW9f2qJ8_EEGmrAt1Wu8lOup1Os_wca41.jpg]
[s3.amazonaws.com/cdn.freshdesk.com/data/helpdesk/attachments/production/155039405399/original/rTi5p20-ofH69rcoBCfqQXWZVp9UJ_5mQA5b4e.jpg]
[help.leadconnectorhq.com/support/solutions/articles/155000004433-importing-contacts/hit.gif]
[help.leadconnectorhq.com/support/solutions/articles/155000004433-importing-contacts.html]
[s3.amazonaws.com/cdn.freshdesk.com/data/helpdesk/attachments/production/155047256576/original/kU9bW8i6vKD3Rt8N8iHU1zkagbQS72dy8w7639.png]
[help.leadconnectorhq.com/support/solutions/articles/155000005317-domain-transfer-in-finalize-transfer/hit.gif]
[help.leadconnectorhq.com/support/solutions/articles/155000005317-domain-transfer-in-finalize-transfer.html]
[help.leadconnectorhq.com/support/solutions/articles/155000005318-how-to-upload-a-dns-zone-file-during-domain-transfer/hit.gif]
[help.leadconnectorhq.com/support/solutions/articles/155000005318-how-to-upload-a-dns-zone-file-during-domain-transfer.html]
[s3.amazonaws.com/cdn.freshdesk.com/data/helpdesk/attachments/production/155047276271/original/2Igi5jRN5ZBOm9IiIIMnvpxhz8OFmt51Wg67a5.png]
[s3.amazonaws.com/cdn.freshdesk.com/data/helpdesk/attachments/production/155047276270/original/KZf5k0wEon9mkrWn5K48Jc0Hav4P-2dQxA67a5.png]
[s3.amazonaws.com/cdn.freshdesk.com/data/helpdesk/attachments/production/155047276269/original/qhUbCxsm904JfGdLLyxQ4W2IV-p2kn0ZVQ67a5.png]
[help.leadconnectorhq.com/support/solutions/articles/155000005326-domain-transfer-in-approve-transfer/hit.gif]
[help.leadconnectorhq.com/support/solutions/articles/155000005326-domain-transfer-in-approve-transfer.html]
[s3.amazonaws.com/cdn.freshdesk.com/data/helpdesk/attachments/production/155047258560/original/1DYjrF6MDxx-rfa-18nSvgymga7a9jkanQ62c4.png]
[s3.amazonaws.com/cdn.freshdesk.com/data/helpdesk/attachments/production/155047258561/original/tvuBWFXDe2WbCM1yUj4uSJxV4undgcJvSg62c4.jpg]
[help.leadconnectorhq.com/support/solutions/articles/155000005357-domains-complete-overview-and-centralized-management-/hit.gif]
[help.leadconnectorhq.com/support/solutions/articles/155000005357-domains-complete-overview-and-centralized-management-.html]
[s3.amazonaws.com/cdn.freshdesk.com/data/helpdesk/attachments/production/155057614287/original/Zkquv-CFbJz_gApGdA6H0mS8VetKnsg7rwd47f.png]
[s3.amazonaws.com/cdn.freshdesk.com/data/helpdesk/attachments/production/155057614359/original/pdC2qvvHGgKH0i3InvVSW-kLxJ0_-w-i3wb2ab.png]
[s3.amazonaws.com/cdn.freshdesk.com/data/helpdesk/attachments/production/155057614556/original/wc9wNujdc4hjo11vylZqNHABX0boP5ReqQeb2f.png]
[s3.amazonaws.com/cdn.freshdesk.com/data/helpdesk/attachments/production/155057614630/original/UO2rkeEr-gFB6eqXkf9bccJHgYGkmwJ1cQ61f5.png]
[s3.amazonaws.com/cdn.freshdesk.com/data/helpdesk/attachments/production/155057614824/original/euTbdy_quv33c7UJz9gvIObPTiSFA6H4dg8d8d.png]
[s3.amazonaws.com/cdn.freshdesk.com/data/helpdesk/attachments/production/155057615013/original/lLROn6Oiqrt8BLUk_kKEC5Yuh7ZfB8hJ5A10ff.png]
[help.leadconnectorhq.com/support/solutions/articles/155000006915-domain-transfer-in-overview/hit.gif]
[help.leadconnectorhq.com/support/solutions/articles/155000006915-domain-transfer-in-overview.html]
[s3.amazonaws.com/cdn.freshdesk.com/data/helpdesk/attachments/production/155040546782/original/NQK2L5mRq7tp3dUL5TLHRLck5J4Rz2ppEQb6db.jpg]
[s3.amazonaws.com/cdn.freshdesk.com/data/helpdesk/attachments/production/155040546776/original/am8vH0X6rFYTM543MtkjU22l0V-6SvlauQe8f6.jpg]
[s3.amazonaws.com/cdn.freshdesk.com/data/helpdesk/attachments/production/155040546778/original/I8Tbz2JeSbFezOXxZgt9N-iJ4h1asg0vbA2b63.jpg]
[s3.amazonaws.com/cdn.freshdesk.com/data/helpdesk/attachments/production/155040546780/original/-DPO3rylX3PSSiqJmqVFihELTtWZyMgXvA2b63.jpg]
[s3.amazonaws.com/cdn.freshdesk.com/data/helpdesk/attachments/production/155040546779/original/Vc9StBbx5iGt-pxPkVg1GU_bNdarp2oRiA2b63.jpg]
[s3.amazonaws.com/cdn.freshdesk.com/data/helpdesk/attachments/production/155040546781/original/xAFBLV7tkAz8gTNK8pN-zM6iATg_uCSNWwb6db.jpg]
[s3.amazonaws.com/cdn.freshdesk.com/data/helpdesk/attachments/production/155040546783/original/ko6lawhkIhUhqNtQYSfnYNZA3KRoGc2WmQ7204.jpg]
[s3.amazonaws.com/cdn.freshdesk.com/data/helpdesk/attachments/production/155040546777/original/1JXjYYV64AvMdm4E93Sp3CSj1wTcpnNGSg2b63.png]
[help.leadconnectorhq.com/support/solutions/articles/155000004534-shipping-and-delivery-rates-for-ecommerce-stores/hit.gif]
[help.leadconnectorhq.com/support/solutions/articles/155000004534-shipping-and-delivery-rates-for-ecommerce-stores.html]
[s3.amazonaws.com/cdn.freshdesk.com/data/helpdesk/attachments/production/155040546923/original/M-Nb20dNfs4DsPcpfxXVGTVbmCLzKZZIlgbe4c.jpg]
[s3.amazonaws.com/cdn.freshdesk.com/data/helpdesk/attachments/production/155040546925/original/X2QKQWgf-LbzY56G6AIMrAvaYWYa0EWORgbe4c.jpg]
[s3.amazonaws.com/cdn.freshdesk.com/data/helpdesk/attachments/production/155040546922/original/FMv-_p7jBPcZU9buUHrkLuxvTU3KOiW7eA05bf.jpg]
[s3.amazonaws.com/cdn.freshdesk.com/data/helpdesk/attachments/production/155040546928/original/uIRDlZvONh0Mi5vjOULf36dRAmdchfHkSgcbea.jpg]
[s3.amazonaws.com/cdn.freshdesk.com/data/helpdesk/attachments/production/155040546930/original/2qwHsnZdIvqpHcHpXOdt9jkcVuspaCkorAc5e8.jpg]
[s3.amazonaws.com/cdn.freshdesk.com/data/helpdesk/attachments/production/155040546931/original/4JVkup31rPgypTdkNoxRIpqCw4KisQROyAc5e8.jpg]
[s3.amazonaws.com/cdn.freshdesk.com/data/helpdesk/attachments/production/155040546926/original/yAAR3KZv0c4lMmzEPenRGKzlBgaO8qXLOgcbea.jpg]
[s3.amazonaws.com/cdn.freshdesk.com/data/helpdesk/attachments/production/155040546929/original/xLiwvP9rRdAW6QLHUHQ3etUGETVRnHpVVwcbea.jpg]
[s3.amazonaws.com/cdn.freshdesk.com/data/helpdesk/attachments/production/155040546924/original/NUTbHDpnQgmB-tXHjX6hDSPbdqjPhm6N2Qbe4c.jpg]
[s3.amazonaws.com/cdn.freshdesk.com/data/helpdesk/attachments/production/155040546927/original/y8qyJJnk0FMY3uymxSxd1XTm1a1wFdQLKgcbea.jpg]
[help.leadconnectorhq.com/support/solutions/articles/155000004535-how-to-set-up-an-e-commerce-online-store/hit.gif]
[help.leadconnectorhq.com/support/solutions/articles/155000004535-how-to-set-up-an-e-commerce-online-store.html]
[s3.amazonaws.com/cdn.freshdesk.com/data/helpdesk/attachments/production/155042397131/original/_Pr2tNILV7Sc-nzlyS-86hBRMvN-D5yFJgc7ee.png]
[s3.amazonaws.com/cdn.freshdesk.com/data/helpdesk/attachments/production/155042397639/original/jAfuLtZjro7kzuRiJhe89bycJ5b_medO7w450e.png]
[s3.amazonaws.com/cdn.freshdesk.com/data/helpdesk/attachments/production/155042694834/original/Bu5rVe0jb686xVPUegyiou8S6BxA6ox-AQdfca.png]
[s3.amazonaws.com/cdn.freshdesk.com/data/helpdesk/attachments/production/155042695045/original/ASM4B_3PKCpjYGrFBaYcOadKJUj_hMsNAg0365.png]
[s3.amazonaws.com/cdn.freshdesk.com/data/helpdesk/attachments/production/155042696029/original/Aoi5teSDR1hVmAjsLjbWR54-0ASQaoKI0A99ee.png]
[s3.amazonaws.com/cdn.freshdesk.com/data/helpdesk/attachments/production/155042696615/original/hcDuF0uWVpK-ZPaKxiV3JJw82U5NWtAfxQ364d.png]
[s3.amazonaws.com/cdn.freshdesk.com/data/helpdesk/attachments/production/155042703826/original/a_9eM5hKkZj3M_UKflaZUJKwH96rHlPArg973c.png]
[help.leadconnectorhq.com/support/solutions/articles/155000004536-creating-and-publishing-products-in-a-location/hit.gif]
[help.leadconnectorhq.com/support/solutions/articles/155000004536-creating-and-publishing-products-in-a-location.html]
[s3.amazonaws.com/cdn.freshdesk.com/data/helpdesk/attachments/production/155048466594/original/tiiprYrFxqv_jiqY5lHhgUmlxmL9SurGhA6790.png]
[help.leadconnectorhq.com/support/solutions/articles/155000005546-how-to-place-a-test-order-in-your-ecommerce-store-/hit.gif]
[help.leadconnectorhq.com/support/solutions/articles/155000005546-how-to-place-a-test-order-in-your-ecommerce-store-.html]
[s3.amazonaws.com/cdn.freshdesk.com/data/helpdesk/attachments/production/155049058311/original/Tt7zLKhGK9_8ae_btp7EGBdAcpdCps4EIQ601e.png]
[s3.amazonaws.com/cdn.freshdesk.com/data/helpdesk/attachments/production/155049058293/original/E5S_aZuM5J2Q-fXRuRVJEkRjB8OgR-heswe66d.png]
[s3.amazonaws.com/cdn.freshdesk.com/data/helpdesk/attachments/production/155049058605/original/Jgej-Pkxkheyv3oQz2XCYfokJv3S7b1aZw1528.png]
[s3.amazonaws.com/cdn.freshdesk.com/data/helpdesk/attachments/production/155049085779/original/_kz7XUqPfyz_MU4s-bwFUyys4Ad3h-gwgw7460.png]
[s3.amazonaws.com/cdn.freshdesk.com/data/helpdesk/attachments/production/155049085816/original/mgvvb1wm-LWEvwt91qFv6ra2usvaj_SBog4f6c.png]
[help.leadconnectorhq.com/support/solutions/articles/155000005635-shipstation-setup-checklist/hit.gif]
[help.leadconnectorhq.com/support/solutions/articles/155000005635-shipstation-setup-checklist.html]
[help.leadconnectorhq.com/support/solutions/articles/155000005636-helper-guide-shipstation-integration-setup.html]
[help.leadconnectorhq.com/support/solutions/articles/155000005708-how-to-limit-shipping-to-specific-zip-postcodes.html]
[help.leadconnectorhq.com/support/solutions/articles/155000006262-printful-integration-for-ecommerce-store.html]
[help.leadconnectorhq.com/support/solutions/articles/155000006762-how-to-setup-product-bundles-upsell-offers-.html]
[help.leadconnectorhq.com/support/solutions/articles/155000006998-printify-integration-for-ecommerce-stores.html]
[help.leadconnectorhq.com/support/solutions/folders/155000000784/page/2.html]
[help.leadconnectorhq.com/support/solutions/folders/155000000784/page/1.html]
[canny-assets.io/images/b894e64465d740a9cbc16fbb001c6059.png]
[s3.amazonaws.com/cdn.freshdesk.com/data/helpdesk/attachments/production/155046816599/original/k7BmecHE-UaWTb-1bQgLU0JrMLlYe0pD4ge724.png]
[s3.amazonaws.com/cdn.freshdesk.com/data/helpdesk/attachments/production/155046816600/original/NGwaPuWcnbSZB4VpXF8YKoZUVOcbRgHBfA47ad.png]
[s3.amazonaws.com/cdn.freshdesk.com/data/helpdesk/attachments/production/155046816630/original/nu_v3R57WinA1medcuyVgQOZdHAxMV6YNQ661f.png]
[s3.amazonaws.com/cdn.freshdesk.com/data/helpdesk/attachments/production/155046816629/original/rHwvteCXv3__zb6GYlOIKqKp_fgAgQImhw3313.png]
[s3.amazonaws.com/cdn.freshdesk.com/data/helpdesk/attachments/production/155046884348/original/Gf2H07XhD2xvyYo4rdhJm9XpNzLH_04oKw6fe5.png]
[s3.amazonaws.com/cdn.freshdesk.com/data/helpdesk/attachments/production/155046816639/original/aoYATBAhPbdR0iKGNB1nPKXeCJsdjkqq7Q4720.png]
[s3.amazonaws.com/cdn.freshdesk.com/data/helpdesk/attachments/production/155046816646/original/CgD2NaXyG5Zw9zGRMHkUZEsQ3J8Qs0K_uw11f4.png]
[help.leadconnectorhq.com/support/solutions/articles/155000005305-transfer-bot-action/hit.gif]
[help.leadconnectorhq.com/support/solutions/articles/155000005305-transfer-bot-action.html]
[s3.amazonaws.com/cdn.freshdesk.com/data/helpdesk/attachments/production/155047085563/original/UwG9q7nQzhvAhAX8qLDKrjuCozroY9wMNw710d.png]
[s3.amazonaws.com/cdn.freshdesk.com/data/helpdesk/attachments/production/155047058740/original/RlZeVxiIIAUA-nZ_Yz_cycnbPBeLVegAWgec0b.png]
[s3.amazonaws.com/cdn.freshdesk.com/data/helpdesk/attachments/production/155047058608/original/ZwCnd-KvckinyB-zV9H_dkNQt1ldFNpyIg82de.png]
[s3.amazonaws.com/cdn.freshdesk.com/data/helpdesk/attachments/production/155047058733/original/OR_pA9yGb_fxDpe2m__xVYz2QrBEOehHUAcfc2.png]
[s3.amazonaws.com/cdn.freshdesk.com/data/helpdesk/attachments/production/155049109731/original/s7VjqPya3_-Wzil5lmwSkiL_lIWNDfBDgw7852.png]
[s3.amazonaws.com/cdn.freshdesk.com/data/helpdesk/attachments/production/155047058838/original/CmNzBLCF5xbg54uSl9YVMGnGPDB0LaCZag3fe9.png]
[s3.amazonaws.com/cdn.freshdesk.com/data/helpdesk/attachments/production/155047058859/original/gQNPWUqAnR5bPf9f3qHYxLusbAUmM8YUWA81fd.png]
[s3.amazonaws.com/cdn.freshdesk.com/data/helpdesk/attachments/production/155047058915/original/gjZULfsoF-OYwAnKJmUeR5nwRTsbaDxT2Aa09a.png]
[s3.amazonaws.com/cdn.freshdesk.com/data/helpdesk/attachments/production/155047059020/original/kAQ2xKZZ_bKVGYwLxOwWmCkg-iiPTPLhBw25ea.png]
[s3.amazonaws.com/cdn.freshdesk.com/data/helpdesk/attachments/production/155047059109/original/9QU1br6MPBiCacMpYymg61zIwLd1OkFtawa891.png]
[s3.amazonaws.com/cdn.freshdesk.com/data/helpdesk/attachments/production/155047059305/original/XBGT2gOmYFkq0pOwC_zcfIWkRaDTPS0Cwg7067.png]
[s3.amazonaws.com/cdn.freshdesk.com/data/helpdesk/attachments/production/155047059464/original/MGY7wLnUPLSSEDR4iqmjgsQ25YlZiOu26wd3a5.png]
[s3.amazonaws.com/cdn.freshdesk.com/data/helpdesk/attachments/production/155047059731/original/XldF812XQvfXCn5vEag7_YE6UJ_x7T0GsA7727.png]
[s3.amazonaws.com/cdn.freshdesk.com/data/helpdesk/attachments/production/155047059558/original/XzlpBGzBjYe6lI-QFSNPW_XhQlpi0ARjpAcc6c.png]
[help.leadconnectorhq.com/support/solutions/articles/155000005337-conversation-ai-v3-guided-form-based-setup/hit.gif]
[help.leadconnectorhq.com/support/solutions/articles/155000005337-conversation-ai-v3-guided-form-based-setup.html]
[s3.amazonaws.com/cdn.freshdesk.com/data/helpdesk/attachments/production/155047464079/original/p_9W2sH3-mO8D0nEkhFnPI3J3rYGs--ekQad75.png]
[s3.amazonaws.com/cdn.freshdesk.com/data/helpdesk/attachments/production/155047221652/original/7etNnG9yqwieLvPHzJzJnYOzhI-88yobdQf3e6.png]
[s3.amazonaws.com/cdn.freshdesk.com/data/helpdesk/attachments/production/155047222117/original/YwinmKC0-4Y45ZGP_YhKvWA7GTqjN89DKw2034.png]
[s3.amazonaws.com/cdn.freshdesk.com/data/helpdesk/attachments/production/155047222208/original/0in8fGEtbJWKVZwJP2S_baYlGeqY9-ghYg84bd.png]
[s3.amazonaws.com/cdn.freshdesk.com/data/helpdesk/attachments/production/155047222249/original/oRoaDsfQaf4raHdLb1c1QtkuiXlphjhLDQ5dd6.png]
[s3.amazonaws.com/cdn.freshdesk.com/data/helpdesk/attachments/production/155047222601/original/TS9OTM0xxU_79NJ-snCs43nz0fh39OPq4A3871.png]
[s3.amazonaws.com/cdn.freshdesk.com/data/helpdesk/attachments/production/155047222672/original/NMg306XoZiNY3lifH23MkdGWa8Elg_s2wgf689.png]
[s3.amazonaws.com/cdn.freshdesk.com/data/helpdesk/attachments/production/155047222722/original/OOySyj8d1MVfjbZsS-7hbgHFypaGvwyCAA7c6b.png]
[s3.amazonaws.com/cdn.freshdesk.com/data/helpdesk/attachments/production/155047222783/original/GDrPjMy9OaP3-FtoFkNzLVB8c4OCzq_mNwca6f.png]
[s3.amazonaws.com/cdn.freshdesk.com/data/helpdesk/attachments/production/155047222773/original/i4wqS16CIKP8UexG1N2ql3r-JNgzmvlzhw8fe3.png]
[help.leadconnectorhq.com/support/solutions/articles/155000005353-conversation-ai-auto-follow-up/hit.gif]
[help.leadconnectorhq.com/support/solutions/articles/155000005353-conversation-ai-auto-follow-up.html]
[s3.amazonaws.com/cdn.freshdesk.com/data/helpdesk/attachments/production/155048556319/original/iAgEfKr9jpQdZApR2pj02Hx0F8c26eiFDw63cc.png]
[s3.amazonaws.com/cdn.freshdesk.com/data/helpdesk/attachments/production/155048557213/original/epRLoDHgH7l7qIny5Aj2pvtc-R4rodWjmA784b.png]
[s3.amazonaws.com/cdn.freshdesk.com/data/helpdesk/attachments/production/155048556907/original/yPSGgIfLPmzs8jSaVt49BlccAaeN-HLPDQbcb8.png]
[s3.amazonaws.com/cdn.freshdesk.com/data/helpdesk/attachments/production/155048556950/original/pUU_uAfWbJVQU-i8Cx8MdRP_ApmixgiDSgf158.png]
[s3.amazonaws.com/cdn.freshdesk.com/data/helpdesk/attachments/production/155048557180/original/uLJCMrwMIwUYDSeeefpSjQlU4wmzZ3qVfAce89.png]
[s3.amazonaws.com/cdn.freshdesk.com/data/helpdesk/attachments/production/155048557514/original/C-y6q16U5yqrL2r7JAn5Uda9Jo84f8ZTpQ2ecc.png]
[s3.amazonaws.com/cdn.freshdesk.com/data/helpdesk/attachments/production/155048557632/original/Q7Ez5Ymlw_aK9-ATnUJT0NjMtISSG-WSXg20d5.png]
[s3.amazonaws.com/cdn.freshdesk.com/data/helpdesk/attachments/production/155048560966/original/DwPs-IaArLARf3qFjQLauVx8qzaP_de6sQa637.png]
[s3.amazonaws.com/cdn.freshdesk.com/data/helpdesk/attachments/production/155048560929/original/mzQBGvIQgQTA6Cv-W0MUV0zKqBk6NPQ4bQ98a3.png]
[help.leadconnectorhq.com/support/solutions/articles/155000005533-human-handover-action/hit.gif]
[help.leadconnectorhq.com/support/solutions/articles/155000005533-human-handover-action.html]
[s3.amazonaws.com/cdn.freshdesk.com/data/helpdesk/attachments/production/155055127605/original/fjdl0fSho8Rmx5ywxt65TabbXpCARG_e6A3369.png]
[s3.amazonaws.com/cdn.freshdesk.com/data/helpdesk/attachments/production/155055128002/original/_F4xcZ6LKAJXfaFuQ59m0OqlJEAmiatINQ2668.png]
[s3.amazonaws.com/cdn.freshdesk.com/data/helpdesk/attachments/production/155055128412/original/H8MxRfzh-tk2SF8XZHYgF5Yk_w01iffP5w8ac9.png]
[s3.amazonaws.com/cdn.freshdesk.com/data/helpdesk/attachments/production/155055128523/original/lAmR2vcDIGqPkNGshuS7jbfPHW5bdHs2QA51da.png]
[s3.amazonaws.com/cdn.freshdesk.com/data/helpdesk/attachments/production/155055128621/original/HIs9_vHix1uCtvXVHRJdgGM7oA_8bFsShgc8f7.png]
[s3.amazonaws.com/cdn.freshdesk.com/data/helpdesk/attachments/production/155055128717/original/wZ8Mn4ZzKUWsG6SgYjO_p3NgLJdhrp19Iw5a9b.png]
[s3.amazonaws.com/cdn.freshdesk.com/data/helpdesk/attachments/production/155055128791/original/L5Ga-uFkeuRczy1yNQRQcb6hif4_mCafJA2b9d.png]
[s3.amazonaws.com/cdn.freshdesk.com/data/helpdesk/attachments/production/155055128878/original/W_Ac_fXX77gB8ZDyU1QaLMper5LHOUZ8Lwe2fa.png]
[s3.amazonaws.com/cdn.freshdesk.com/data/helpdesk/attachments/production/155055129040/original/Wh123TWpecfGW0vcDxJQy6mmMaxTexeLvwf7a6.png]
[s3.amazonaws.com/cdn.freshdesk.com/data/helpdesk/attachments/production/155055129166/original/sTD1K5XTkuI3eilLxijQqFPOA8bh_73HCQbe1f.png]
[s3.amazonaws.com/cdn.freshdesk.com/data/helpdesk/attachments/production/155055129847/original/48rD1W6PdCIWDo58XOoHaWsbiXP7O8txpgf659.png]
[s3.amazonaws.com/cdn.freshdesk.com/data/helpdesk/attachments/production/155055130150/original/-3Tofwy9KptUw3YSyRz0dnMolmsVfmmCAg30cd.png]
[s3.amazonaws.com/cdn.freshdesk.com/data/helpdesk/attachments/production/155055130208/original/kGKhMUSVwUotN9JBTfTZLbv6jzkSmlZsXgaddd.png]
[s3.amazonaws.com/cdn.freshdesk.com/data/helpdesk/attachments/production/155055130299/original/nvT5GWo99VwpKuH7HVYk6QiIS39bvfaVqw8b73.png]
[s3.amazonaws.com/cdn.freshdesk.com/data/helpdesk/attachments/production/155055132247/original/2Qg2F1NLjKRtixYB0xVBAG4JVMcQ_ODuAA0312.png]
[s3.amazonaws.com/cdn.freshdesk.com/data/helpdesk/attachments/production/155055132381/original/UeWi8fpgyIOayOMFsMVOY1sIUHYtliE1HA8c1a.png]
[s3.amazonaws.com/cdn.freshdesk.com/data/helpdesk/attachments/production/155055131573/original/Z-tjkl3UD5-Xh7LLQw8k6EHkxKeu4-HjOg0b54.png]
[s3.amazonaws.com/cdn.freshdesk.com/data/helpdesk/attachments/production/155055131994/original/HI1SeilfPnKirg0mpCQoMzC_c8r3Q7DsCw92ce.png]
[s3.amazonaws.com/cdn.freshdesk.com/data/helpdesk/attachments/production/155055132037/original/vtdsw1CvWTu3hq0LLpWXegDygAxcZPriXQd708.png]
[s3.amazonaws.com/cdn.freshdesk.com/data/helpdesk/attachments/production/155055132184/original/SMls_Wa1pvzIcOEtkS_F7yI60C06x2Yt_wa00b.png]
[s3.amazonaws.com/cdn.freshdesk.com/data/helpdesk/attachments/production/155055132320/original/pT-VPiPh_nj84fg_Ti1GJ4UcBrpsCcfnOQ4437.png]
[s3.amazonaws.com/cdn.freshdesk.com/data/helpdesk/attachments/production/155055133991/original/SLWc3V695YUpHs-PsqkCb2CU7ARvcTJa4g78d7.png]
[s3.amazonaws.com/cdn.freshdesk.com/data/helpdesk/attachments/production/155055133966/original/R6-u5QIgm9dIgnfA9oOIUOvHhNZRDiG7dg6ed4.png]
[s3.amazonaws.com/cdn.freshdesk.com/data/helpdesk/attachments/production/155055134222/original/HZt6DmN-a252NtJzv3cKBCfJYTjYLgJTOAdb4a.png]
[s3.amazonaws.com/cdn.freshdesk.com/data/helpdesk/attachments/production/155055134324/original/VDRiAl7verKNSucnBZvTFK58o7Rs1S2IAA8d9d.png]
[s3.amazonaws.com/cdn.freshdesk.com/data/helpdesk/attachments/production/155055134293/original/ZMFt9QLjLiB3DTADyaYQ8pQcJpnS9dNVlwdab6.png]
[s3.amazonaws.com/cdn.freshdesk.com/data/helpdesk/attachments/production/155055134300/original/hXnNlBL6Nlmxo2hLlBh3mJk0hcg3wYAA3w71d2.png]
[help.leadconnectorhq.com/support/solutions/articles/155000006600-conversation-ai-flow-builder/hit.gif]
[help.leadconnectorhq.com/support/solutions/articles/155000006600-conversation-ai-flow-builder.html]
[s3.amazonaws.com/cdn.freshdesk.com/data/helpdesk/attachments/production/155055564957/original/fT6FSf_9wdRADpBcqPcj9tpI77plSNsGfAd0cc.jpg]
[s3.amazonaws.com/cdn.freshdesk.com/data/helpdesk/attachments/production/155055564961/original/hr6YX6iImz1i4cG8QpT9cueJmjXHuvhiVwd0cc.jpg]
[s3.amazonaws.com/cdn.freshdesk.com/data/helpdesk/attachments/production/155055564956/original/f6jHPu44zEmOUsZl55M73x3LcGAhRigVHgd0cc.jpg]
[s3.amazonaws.com/cdn.freshdesk.com/data/helpdesk/attachments/production/155055564959/original/nlY-4HcksGD2ou0IlSUL84A7dqT3SYpBPA36a9.jpg]
[s3.amazonaws.com/cdn.freshdesk.com/data/helpdesk/attachments/production/155055564962/original/SV19BDG2S73CwmvR8ea3llVrSU1LnyC85g36a9.jpg]
[s3.amazonaws.com/cdn.freshdesk.com/data/helpdesk/attachments/production/155055564960/original/VpVsXudEANf5hC5Yv_DI77SdDIqi3eSAeg36a9.jpg]
[s3.amazonaws.com/cdn.freshdesk.com/data/helpdesk/attachments/production/155055564958/original/rQemIfuJtHMhCXKor_9hXfUoxCN02JlTJA36a9.jpg]
[s3.amazonaws.com/cdn.freshdesk.com/data/helpdesk/attachments/production/155055564955/original/isBBn4_4VcEUeQ0_igaCpsiD3FWrit2y1Qa40e.jpg]
[help.leadconnectorhq.com/support/solutions/articles/155000006601-conversation-ai-multiple-calendars-support-for-appointment-booking/hit.gif]
[help.leadconnectorhq.com/support/solutions/articles/155000006601-conversation-ai-multiple-calendars-support-for-appointment-booking.html]
[s3.amazonaws.com/cdn.freshdesk.com/data/helpdesk/attachments/production/155055565015/original/cJ6faP4eZgpDw0Fue1iqTTE4DWy1yy0_nQ40ab.jpg]
[help.leadconnectorhq.com/support/solutions/articles/155000006603.html]
[s3.amazonaws.com/cdn.freshdesk.com/data/helpdesk/attachments/production/155055565013/original/M3JIq98NbTVV60_i4Htq-5M1WlAQj7kHQQ34a7.jpg]
[help.leadconnectorhq.com/support/solutions/articles/155000006602-conversation-ai-summary-and-transcript/hit.gif]
[help.leadconnectorhq.com/support/solutions/articles/155000006602-conversation-ai-summary-and-transcript.html]
[s3.amazonaws.com/cdn.freshdesk.com/data/helpdesk/attachments/production/155055565038/original/k-mPcbi9HvhF3ZrayhYLqKIGyyIaCwfsrg76b5.jpg]
[s3.amazonaws.com/cdn.freshdesk.com/data/helpdesk/attachments/production/155055565034/original/dJYDy-QFXjKZXkGemo9DCLU2cCFmQ4scJg76b5.png]
[s3.amazonaws.com/cdn.freshdesk.com/data/helpdesk/attachments/production/155055565036/original/JcCjM_G_RmA8K7a2oIPwRwFlEbDr05sy_g76b5.jpg]
[s3.amazonaws.com/cdn.freshdesk.com/data/helpdesk/attachments/production/155055565035/original/T3dcRQ0PQ_d_qbB-dJd_UKU2djTIutZGKw76b5.jpg]
[s3.amazonaws.com/cdn.freshdesk.com/data/helpdesk/attachments/production/155055565037/original/ibsnq8rel7S5iGJHCJLzjDgG-O3S10R8ng76b5.jpg]
[help.leadconnectorhq.com/support/solutions/articles/155000006603-conversation-ai-bot-inactive-sleep-conditions/hit.gif]
[help.leadconnectorhq.com/support/solutions/articles/155000006603-conversation-ai-bot-inactive-sleep-conditions.html]
[help.leadconnectorhq.com/support/solutions/folders/155000000765/page/1.html]
[help.leadconnectorhq.com/support/solutions/articles/155000005079-import-orders-csv-file-field-formats/hit.gif]
[help.leadconnectorhq.com/support/solutions/articles/155000005079-import-orders-csv-file-field-formats.html]
[help.leadconnectorhq.com/support/solutions/articles/155000007177-how-to-connect-a-payment-provider-and-start-accepting-payments/hit.gif]
[help.leadconnectorhq.com/support/solutions/articles/155000007177-how-to-connect-a-payment-provider-and-start-accepting-payments.html]
[help.leadconnectorhq.com/support/solutions/folders/48000682655/page/1.html]
[help.leadconnectorhq.com/support/solutions/articles/155000000859-a2p-10dlc-campaign-vetting-changes-january-2023]
[help.leadconnectorhq.com/support/solutions/articles/155000004617.html]
[s3.amazonaws.com/cdn.freshdesk.com/data/helpdesk/attachments/production/155043010465/original/Z6Q2J9YZrwMAVtt3yVAMakwbLs4zEz6R0w4d4b.png]
[s3.amazonaws.com/cdn.freshdesk.com/data/helpdesk/attachments/production/155043010464/original/IVYbQmz6QLRMeXZ168t8m1VTUgc-6Xa96Qe16c.png]
[help.leadconnectorhq.com/support/solutions/articles/155000000766-a2p-10dlc-brand-approval-best-practices/hit.gif]
[help.leadconnectorhq.com/support/solutions/articles/155000000766-a2p-10dlc-brand-approval-best-practices.html]
[help.leadconnectorhq.com/support/solutions/articles/155000000174.html]
[help.leadconnectorhq.com/support/solutions/articles/155000004618.html]
[s3.amazonaws.com/cdn.freshdesk.com/data/helpdesk/attachments/production/155041434698/original/HIJpwuFDDdR9Pzwub5wmb3X8J8b5VSGnXQ5af0.png]
[s3.amazonaws.com/cdn.freshdesk.com/data/helpdesk/attachments/production/155041434696/original/cmXTrl2qe7NoRfa-XXSa2kIg8qsf4Fhmfgfa5e.png]
[s3.amazonaws.com/cdn.freshdesk.com/data/helpdesk/attachments/production/155041434704/original/GvCJpPwZucU3EJw-L4h1OIxkYnypq_tKkQdee2.png]
[s3.amazonaws.com/cdn.freshdesk.com/data/helpdesk/attachments/production/155043011825/original/25FResHygPICAehCvZRUSl6hCV43_cY0ZA8f6e.png]
[s3.amazonaws.com/cdn.freshdesk.com/data/helpdesk/attachments/production/155043011826/original/LQq-STzylSflJhkpc2vdbCgJogBaQ6HzQA1e09.png]
[s3.amazonaws.com/cdn.freshdesk.com/data/helpdesk/attachments/production/155041434699/original/NY8IOlgIm4ZfvM65ZuKjW89z8O5_FBBceQ5af0.png]
[help.leadconnectorhq.com/support/solutions/articles/155000000181.html]
[help.leadconnectorhq.com/support/solutions/articles/155000004627-how-to-submit-a-campaign-for-a2p-10dlc-/hit.gif]
[help.leadconnectorhq.com/support/solutions/articles/155000004627.html]
[s3.amazonaws.com/cdn.freshdesk.com/data/helpdesk/attachments/production/155043011363/original/KtN2cr4BkOBFZuKlRx2f0KLhb4P529GL8w1530.png]
[help.leadconnectorhq.com/support/solutions/articles/155000004619-a2p-opt-in-form-privacy-policy-and-terms-and-conditions-guidelines/hit.gif]
[help.leadconnectorhq.com/support/solutions/articles/155000004619.html]
[help.leadconnectorhq.com/support/solutions/articles/155000001462-why-was-my-toll-free-verification-rejected-/hit.gif]
[help.leadconnectorhq.com/support/solutions/articles/155000001462-why-was-my-toll-free-verification-rejected-.html]
[help.leadconnectorhq.com/support/solutions/articles/155000001462.html]
[help.leadconnectorhq.com/support/solutions/articles/155000000180-toll-free-number-registration-for-lc-phone-us-canada-.html]
[s3.amazonaws.com/cdn.freshdesk.com/data/helpdesk/attachments/production/155042928546/original/Wyz3AI2msBiyJM7O1WYJM_pcKE1rXRV7Xg2b55.png]
[s3.amazonaws.com/cdn.freshdesk.com/data/helpdesk/attachments/production/155042928617/original/v04-8zJwl-C_2WhJYQPUPnd0M20z-px6zg58de.png]
[help.leadconnectorhq.com/support/solutions/articles/155000000180.html]
[help.leadconnectorhq.com/support/solutions/articles/155000000757]
[help.leadconnectorhq.com/support/solutions/articles/155000000755.html]
[help.leadconnectorhq.com/support/solutions/articles/155000004494.html]
[help.leadconnectorhq.com/support/solutions/articles/155000000766.html]
[help.leadconnectorhq.com/support/solutions/articles/155000000756-what-is-a2p-10dlc-/hit.gif]
[help.leadconnectorhq.com/support/solutions/articles/155000000756.html]
[help.leadconnectorhq.com/support/solutions/articles/155000000756-what-is-a2p-10dlc-.html]
[help.leadconnectorhq.com/support/solutions/articles/48001226976-leadconnector-phone-system-trust-center.html]
[help.leadconnectorhq.com/support/solutions/articles/155000000175-a2p-10dlc-campaign-vetting-changes-january-2023]
[help.leadconnectorhq.com/support/solutions/articles/155000000860-u-s-a2p-10dlc-messaging-registration-mandatory-effective-from-july-5-2023/hit.gif]
[help.leadconnectorhq.com/support/solutions/articles/155000000860-u-s-a2p-10dlc-messaging-registration-mandatory-effective-from-july-5-2023.html]
[s3.amazonaws.com/cdn.freshdesk.com/data/helpdesk/attachments/production/155037710136/original/nEf3nzGqjJP5RwnjrNwXJcavgdsOD1qUhg0436.png]
[s3.amazonaws.com/cdn.freshdesk.com/data/helpdesk/attachments/production/155037710228/original/JYLnycIKdoTaX1cQHh7cel1h7v0WLH8DEAce4b.png]
[s3.amazonaws.com/cdn.freshdesk.com/data/helpdesk/attachments/production/155037710424/original/hCWaYCG8PTgLpWj2rTpG3iREbokh1Qxe4Qa213.png]
[help.leadconnectorhq.com/support/solutions/articles/155000004188-know-your-customer-kyc-in-the-united-kingdom/hit.gif]
[help.leadconnectorhq.com/support/solutions/articles/155000004188-know-your-customer-kyc-in-the-united-kingdom.html]
[help.leadconnectorhq.com/support/solutions/articles/155000004298-number-intelligence-number-validity-detect-spam-calls-and-look-up-unknown-caller-name/hit.gif]
[help.leadconnectorhq.com/support/solutions/articles/155000004298-number-intelligence-number-validity-detect-spam-calls-and-look-up-unknown-caller-name.html]
[help.leadconnectorhq.com/support/solutions/articles/155000004358-remediate-spam-likely-on-your-caller-id-using-voice-integrity.html]
[s3.amazonaws.com/cdn.freshdesk.com/data/helpdesk/attachments/production/155042000677/original/VxTdB-xMw6oMsys02J8E-DfAsA0hlM3ygQc566.png]
[s3.amazonaws.com/cdn.freshdesk.com/data/helpdesk/attachments/production/155042000949/original/JWuaysYuCy69GWyZvxHeOJk9j848kCZGEgf4f2.png]
[s3.amazonaws.com/cdn.freshdesk.com/data/helpdesk/attachments/production/155042001471/original/nIthPtmb37BYMYxr2o88Cu5H0zQ_qqKH_w4c7f.png]
[s3.amazonaws.com/cdn.freshdesk.com/data/helpdesk/attachments/production/155042001535/original/WPiJgoMUVC3_G5WVHMzNFTU-CfxwQPcIeAa86e.png]
[s3.amazonaws.com/cdn.freshdesk.com/data/helpdesk/attachments/production/155042000134/original/_qqITD12zVQl8NQnjJOmH7cskeQUCYMvWA8890.png]
[help.leadconnectorhq.com/support/solutions/articles/155000004441-microphone-permission-on-different-browsers/hit.gif]
[help.leadconnectorhq.com/support/solutions/articles/155000004441-microphone-permission-on-different-browsers.html]
[s3.amazonaws.com/cdn.freshdesk.com/data/helpdesk/attachments/production/155039922164/original/FehTT8eijZnPelnxrUxSOxw2mJo91h9Cvg87cb.png]
[s3.amazonaws.com/cdn.freshdesk.com/data/helpdesk/attachments/production/155039922166/original/5oP1oLsl249tRXp2FSF86tBhdLxn4BgwSgc80b.png]
[s3.amazonaws.com/cdn.freshdesk.com/data/helpdesk/attachments/production/155039922165/original/w-uopj5ps46iFcgKxETnJfh6CdLQWzQcWg87cb.png]
[help.leadconnectorhq.com/support/solutions/articles/155000004494-best-practices-for-sms-deliverability-and-avoiding-sms-restrictions/hit.gif]
[help.leadconnectorhq.com/support/solutions/articles/155000004494-best-practices-for-sms-deliverability-and-avoiding-sms-restrictions.html]
[help.leadconnectorhq.com/support/solutions/articles/155000004617-message-throughput-mps-and-trust-scores-for-a2p-10dlc-in-the-us/hit.gif]
[help.leadconnectorhq.com/support/solutions/articles/155000004617-message-throughput-mps-and-trust-scores-for-a2p-10dlc-in-the-us.html]
[help.leadconnectorhq.com/support/solutions/folders/48000689487/page/1.html]
[help.leadconnectorhq.com/support/solutions/articles/155000004618-list-of-campaign-use-case-types-for-a2p-10dlc-registration/hit.gif]
[help.leadconnectorhq.com/support/solutions/articles/155000004618-list-of-campaign-use-case-types-for-a2p-10dlc-registration.html]
[help.leadconnectorhq.com/support/solutions/articles/155000004619-a2p-opt-in-form-privacy-policy-and-terms-and-conditions-guidelines.html]
[help.leadconnectorhq.com/support/solutions/articles/155000004627-how-to-submit-a-campaign-for-a2p-10dlc-.html]
[s3.amazonaws.com/cdn.freshdesk.com/data/helpdesk/attachments/production/155042163320/original/Y5GxB-CKf8p_sqvRq1JZGSdjrT3azAL6Qgba88.jpg]
[help.leadconnectorhq.com/support/solutions/articles/155000004685-configuring-sender-id-and-opt-out-language-for-sms-compliance/hit.gif]
[help.leadconnectorhq.com/support/solutions/articles/155000004685-configuring-sender-id-and-opt-out-language-for-sms-compliance.html]
[help.leadconnectorhq.com/support/solutions/articles/155000004749-campaign-rejection-reasons-and-resolutions/hit.gif]
[help.leadconnectorhq.com/support/solutions/articles/155000004749-campaign-rejection-reasons-and-resolutions.html]
[s3.amazonaws.com/cdn.freshdesk.com/data/helpdesk/attachments/production/155042417023/original/Ao4RtqN1BqKJarTS8D_MExI7es2017-RdQ34b2.png]
[s3.amazonaws.com/cdn.freshdesk.com/data/helpdesk/attachments/production/155042417390/original/aEGV96SJcefko1rv5gfVYVFh9B2rDs_stQb162.png]
[s3.amazonaws.com/cdn.freshdesk.com/data/helpdesk/attachments/production/155042417514/original/m8q483RQkP9DcpXGSfqrrDB-yj7SBMZm2w36ff.png]
[s3.amazonaws.com/cdn.freshdesk.com/data/helpdesk/attachments/production/155042417749/original/Tal4Em2JrXfz0PvBPwMZAVbtNi8v9LObRg0c6b.png]
[s3.amazonaws.com/cdn.freshdesk.com/data/helpdesk/attachments/production/155042419695/original/aYbtohvoZd_1QGGXulrjL2B1VISu3KGiVQa89b.png]
[s3.amazonaws.com/cdn.freshdesk.com/data/helpdesk/attachments/production/155042421358/original/7quk6dRuZmKnU-bNM8e2Y4gmruX0ttF23w81c6.png]
[s3.amazonaws.com/cdn.freshdesk.com/data/helpdesk/attachments/production/155042421505/original/5wFok9T2iUpRW_T-QK5ezXLaD0WIAeBIEQ27dd.png]
[s3.amazonaws.com/cdn.freshdesk.com/data/helpdesk/attachments/production/155042422409/original/grxV3dIpcJ46VS6xQzTUYfVarxbApl_ZWQ2e85.png]
[help.leadconnectorhq.com/support/solutions/articles/155000004298.html]
[s3.amazonaws.com/cdn.freshdesk.com/data/helpdesk/attachments/production/155042422667/original/T7iIpETUOtbYbZttmYVf7iksFWseV_OABQb07c.png]
[s3.amazonaws.com/cdn.freshdesk.com/data/helpdesk/attachments/production/155042423145/original/fFlsG3BavnVZfLZCt8mkWhE0odpFcSKZtgafe4.png]
[help.leadconnectorhq.com/support/solutions/articles/155000004796-calculating-sms-and-mms-costs-a-step-by-step-guide/hit.gif]
[help.leadconnectorhq.com/support/solutions/articles/155000004796-calculating-sms-and-mms-costs-a-step-by-step-guide.html]
[s3.amazonaws.com/cdn.freshdesk.com/data/helpdesk/attachments/production/155045243579/original/vy5pQM4drTIEIk2bVpDtBb3R1YZ1Y_jHrwb05f.jpg]
[s3.amazonaws.com/cdn.freshdesk.com/data/helpdesk/attachments/production/155045243580/original/C2A4wNdwWdlxn2COOXYdRM_hbzxqhNxfQAb05f.jpg]
[s3.amazonaws.com/cdn.freshdesk.com/data/helpdesk/attachments/production/155045243582/original/eJnQ_6_orV0UWZlDGfqiJGopvrKcpa0iQAc58c.jpg]
[s3.amazonaws.com/cdn.freshdesk.com/data/helpdesk/attachments/production/155045243581/original/JKoLwdZJ11enxCDSWIN1kqg5MrJaWhyH7wc58c.jpg]
[s3.amazonaws.com/cdn.freshdesk.com/data/helpdesk/attachments/production/155045243578/original/SkuiyG8vIuIcbITtmqZL5eFKnD2EBFqlKQb05f.jpg]
[s3.amazonaws.com/cdn.freshdesk.com/data/helpdesk/attachments/production/155045243574/original/gTA7WpmW-CgKZXUdWvysmYs9SAOFx0u7zw7169.png]
[s3.amazonaws.com/cdn.freshdesk.com/data/helpdesk/attachments/production/155045243576/original/rEw1Bf2pRedKgoFLcv0hFN3Iz9k28mDdfAb05f.jpg]
[s3.amazonaws.com/cdn.freshdesk.com/data/helpdesk/attachments/production/155045243577/original/6TgeX3ARZly7ewOhvloJLx1zuNC87L-XRAb05f.jpg]
[s3.amazonaws.com/cdn.freshdesk.com/data/helpdesk/attachments/production/155045243575/original/dc9IB3j8tu_Xb1eKWTKCstGY4HU-emhkdgb05f.jpg]
[help.leadconnectorhq.com/support/solutions/articles/155000005094-how-to-set-up-verified-caller-id-use-your-number-for-voice-calls-/hit.gif]
[help.leadconnectorhq.com/support/solutions/articles/155000005094-how-to-set-up-verified-caller-id-use-your-number-for-voice-calls-.html]
[s3.amazonaws.com/cdn.freshdesk.com/data/helpdesk/attachments/production/155045244064/original/O4F-RxV9b1DaJJ0RHLumeTpNlSKPwYuwiA7ec8.png]
[s3.amazonaws.com/cdn.freshdesk.com/data/helpdesk/attachments/production/155045244102/original/OU-_I5H2mKuS22QvZFokLCKkeo7UjT9U2A5e95.jpg]
[s3.amazonaws.com/cdn.freshdesk.com/data/helpdesk/attachments/production/155045244059/original/AqrBEzXrD07sq_nNPsg_DOOM0JGzNw8ltw7ec8.png]
[s3.amazonaws.com/cdn.freshdesk.com/data/helpdesk/attachments/production/155045244083/original/jhCEYXcb0ZB61t6bB4j8jNFMIgjso86_Nw0bc6.png]
[s3.amazonaws.com/cdn.freshdesk.com/data/helpdesk/attachments/production/155045244085/original/nLxT6AvwBTK7Pqq-RT7qQL8xTlLwjU9MHA0bc6.png]
[s3.amazonaws.com/cdn.freshdesk.com/data/helpdesk/attachments/production/155045244068/original/ZOGMrDWBC2VT5qO-_4Yyou2gt1QwCgksfQ0bc6.png]
[s3.amazonaws.com/cdn.freshdesk.com/data/helpdesk/attachments/production/155045244067/original/CbIUdlkgIp2JOoW9RDkH4OGHolYrdC0btA0bc6.png]
[s3.amazonaws.com/cdn.freshdesk.com/data/helpdesk/attachments/production/155045244066/original/gZsNgq3NJERuOwkYbx0jSJ3jf6gQT8COmQ0bc6.png]
[s3.amazonaws.com/cdn.freshdesk.com/data/helpdesk/attachments/production/155045244061/original/UQlXEV_PInDcvKdBW19Wt0DhFfo-cyu2Nw0bc6.png]
[s3.amazonaws.com/cdn.freshdesk.com/data/helpdesk/attachments/production/155045244062/original/KbqSEXzIvshRSsFsGVE4di6292394mgMZg0bc6.png]
[s3.amazonaws.com/cdn.freshdesk.com/data/helpdesk/attachments/production/155045244099/original/d4x0C3EgzQl5y_gPdzZIqI0vFMxmXX_PtQ5e95.png]
[s3.amazonaws.com/cdn.freshdesk.com/data/helpdesk/attachments/production/155045244070/original/Gc9oNjkOhPQfSzcUmb-q26f4K1pGcf1N3w0bc6.png]
[s3.amazonaws.com/cdn.freshdesk.com/data/helpdesk/attachments/production/155045244081/original/5km7wvg7DjOOk3xitmGzmSIyCf2JyOhZbw0bc6.jpg]
[s3.amazonaws.com/cdn.freshdesk.com/data/helpdesk/attachments/production/155045244086/original/ozbEsvgo0FB5EO_zQWlIwBbjD5pfEc5yuw0bc6.jpg]
[s3.amazonaws.com/cdn.freshdesk.com/data/helpdesk/attachments/production/155045244082/original/HGqQAZar_Lnnzz1lRewwb2i0HZtferDHYw0bc6.jpg]
[s3.amazonaws.com/cdn.freshdesk.com/data/helpdesk/attachments/production/155045244071/original/WvNzaLwm2cN293NLxVlX4zvgL1D_DOsxrA0bc6.png]
[s3.amazonaws.com/cdn.freshdesk.com/data/helpdesk/attachments/production/155045244076/original/2Ezj4aCGFpoZgTwX-juCcIThLaWshu2PsA0bc6.png]
[s3.amazonaws.com/cdn.freshdesk.com/data/helpdesk/attachments/production/155045244088/original/8BNBW_L5ngfOVbiKJFB8CNJIeHt2C-hbRw0bc6.png]
[s3.amazonaws.com/cdn.freshdesk.com/data/helpdesk/attachments/production/155045244078/original/hCzy1aZB_rmjC6Ijwzf85H-zd1sP-1OTCw0bc6.png]
[s3.amazonaws.com/cdn.freshdesk.com/data/helpdesk/attachments/production/155045244074/original/cEgPhNmQ5TY9bEPNvlYWpvyQJW0uHxJuKA0bc6.jpg]
[s3.amazonaws.com/cdn.freshdesk.com/data/helpdesk/attachments/production/155045244080/original/mWL6zQuEZwPMSLqJ_HArSBFyCOWEe04bXw0bc6.jpg]
[s3.amazonaws.com/cdn.freshdesk.com/data/helpdesk/attachments/production/155045244075/original/wLP3wzW8gfnHkB9iIO6WO35FfJkfPQzk0A0bc6.jpg]
[s3.amazonaws.com/cdn.freshdesk.com/data/helpdesk/attachments/production/155045244093/original/MyCxJWgTHawlBsH2VcS2sLi_taWEa5Pd9g0bc6.jpg]
[s3.amazonaws.com/cdn.freshdesk.com/data/helpdesk/attachments/production/155045244079/original/fjdPEb7Bpg58JlkRBmwMrGl9INO2pc-4BQ0bc6.jpg]
[s3.amazonaws.com/cdn.freshdesk.com/data/helpdesk/attachments/production/155045244092/original/1sVcjhKpqq1x3jEUTNrqKsrSGJxXnHdNFw0bc6.jpg]
[s3.amazonaws.com/cdn.freshdesk.com/data/helpdesk/attachments/production/155045244098/original/qGxOudO2uk8Dwt0bgKyG0ZLS-7s1l8hSYw0bc6.jpg]
[s3.amazonaws.com/cdn.freshdesk.com/data/helpdesk/attachments/production/155045244089/original/EABeW4KHD8xo7R5nhWdv64-GcPr1U_kv_Q0bc6.jpg]
[s3.amazonaws.com/cdn.freshdesk.com/data/helpdesk/attachments/production/155045244060/original/80NKydptyqzisjqFd4S4WmuoA1Kw3IQojw7ec8.png]
[s3.amazonaws.com/cdn.freshdesk.com/data/helpdesk/attachments/production/155045244069/original/xHjen7BrDNrdRXdSSQFKSmD2m_H9vVQ8xw0bc6.jpg]
[s3.amazonaws.com/cdn.freshdesk.com/data/helpdesk/attachments/production/155045245066/original/h131Wnd_OYAbC8s0ZyqdvbYtPgRneEcX2g31d9.png]
[s3.amazonaws.com/cdn.freshdesk.com/data/helpdesk/attachments/production/155045244077/original/Ra1Ug6QaSlQ4E76c1hjglNziCinb-eh6lw0bc6.png]
[s3.amazonaws.com/cdn.freshdesk.com/data/helpdesk/attachments/production/155045244087/original/HYWb_ErYn74o-AfdC5WykmYAyP33i5pNwQ0bc6.jpg]
[s3.amazonaws.com/cdn.freshdesk.com/data/helpdesk/attachments/production/155045244090/original/kQ8Rc-mVWjxo7lg8vP2D45ZcE5Z3NF3CLQ0bc6.jpg]
[s3.amazonaws.com/cdn.freshdesk.com/data/helpdesk/attachments/production/155045244101/original/IiqGlDnZPZg9-2TpNpwUJNBx2fv3ptGTVA0bc6.jpg]
[s3.amazonaws.com/cdn.freshdesk.com/data/helpdesk/attachments/production/155045244084/original/2aAg0HZaGnpP7Fi848q9u98h2PMlMh0UQw0bc6.png]
[s3.amazonaws.com/cdn.freshdesk.com/data/helpdesk/attachments/production/155045244094/original/MFUifD5Wxn8mwjUb1hghxsXE2r7lXKTPtA0bc6.jpg]
[s3.amazonaws.com/cdn.freshdesk.com/data/helpdesk/attachments/production/155045244091/original/CD7UrVknKgYHXPCJvg5wUn8_QzFXU0SNKw0bc6.jpg]
[s3.amazonaws.com/cdn.freshdesk.com/data/helpdesk/attachments/production/155045245017/original/he2_dypJ5jjtauNjwrsKNXtocm9dpKYNhAe259.png]
[s3.amazonaws.com/cdn.freshdesk.com/data/helpdesk/attachments/production/155045244097/original/I0TZeEMsP341AN5XtCnKuWa4KkTaTgLPcg0bc6.jpg]
[s3.amazonaws.com/cdn.freshdesk.com/data/helpdesk/attachments/production/155045244072/original/c0UINVQE0WGHDeEM_JiPT0Fdt15V3zAKlw0bc6.png]
[s3.amazonaws.com/cdn.freshdesk.com/data/helpdesk/attachments/production/155045244103/original/k2MwBGfkS4lDiHn3XCR7xI-3vxtyshtMow5e95.jpg]
[s3.amazonaws.com/cdn.freshdesk.com/data/helpdesk/attachments/production/155045244058/original/wStK1f7NYcoASvLDq9ZT-PjIJbc6likZUA7ec8.png]
[s3.amazonaws.com/cdn.freshdesk.com/data/helpdesk/attachments/production/155045244073/original/0L6RL3JHE86kW57YYdP43KY_L7eCoJN-5w0bc6.png]
[s3.amazonaws.com/cdn.freshdesk.com/data/helpdesk/attachments/production/155045244063/original/mOjCzQt1d-lLUE3AVahySdK1WjDrYvmwEA0bc6.png]
[s3.amazonaws.com/cdn.freshdesk.com/data/helpdesk/attachments/production/155045244095/original/34l3kTGaHHe551Kj39CYMHYAxkhkXqSWmQ0bc6.jpg]
[help.leadconnectorhq.com/support/solutions/articles/155000005095-how-to-set-up-call-tracking-number-pool-/hit.gif]
[help.leadconnectorhq.com/support/solutions/articles/155000005095-how-to-set-up-call-tracking-number-pool-.html]
[s3.amazonaws.com/cdn.freshdesk.com/data/helpdesk/attachments/production/155045780494/original/E-ZHN_cjWNufMuZJGs5XBzKpST730L3j6Ae03d.png]
[help.leadconnectorhq.com/support/solutions/articles/155000005157-call-forwarding-to-your-leadconnector-phone-number/hit.gif]
[help.leadconnectorhq.com/support/solutions/articles/155000005157-call-forwarding-to-your-leadconnector-phone-number.html]
[s3.amazonaws.com/cdn.freshdesk.com/data/helpdesk/attachments/production/155060329117/original/4zsfCNOf94fZHfvYlUCRKxnVU7oYugwPeQb88c.png]
[s3.amazonaws.com/cdn.freshdesk.com/data/helpdesk/attachments/production/155060329143/original/KFH-vD-UwH1V6p15kHUQelx0yhQM0Z99fg31ff.png]
[s3.amazonaws.com/cdn.freshdesk.com/data/helpdesk/attachments/production/155060329942/original/0Y_BD9zAzBdZJWIm8ovHEj1y9t0x6v-fSg4c63.png]
[s3.amazonaws.com/cdn.freshdesk.com/data/helpdesk/attachments/production/155060330427/original/d-e3YOm8Z6RSJNiYgSxgKcVnjjL38Na9lQ9e89.png]
[s3.amazonaws.com/cdn.freshdesk.com/data/helpdesk/attachments/production/155060330494/original/h7OdmKAewc0CR1L9emtJaHhT6I5lY-sa7w23f3.png]
[s3.amazonaws.com/cdn.freshdesk.com/data/helpdesk/attachments/production/155060330891/original/MJSIEF7oX92OXBtQugH1M5pBDYgF6vBndA7e49.png]
[help.leadconnectorhq.com/support/solutions/articles/155000005339-call-dispositions/hit.gif]
[help.leadconnectorhq.com/support/solutions/articles/155000005339-call-dispositions.html]
[s3.amazonaws.com/cdn.freshdesk.com/data/helpdesk/attachments/production/155050965497/original/KCSUz248vMG-OQxLfpFKz9bBqqSCaLCcBg5dc4.png]
[s3.amazonaws.com/cdn.freshdesk.com/data/helpdesk/attachments/production/155050965599/original/Q5KrtxMJ5ID222yyhbGhPL9YdAq0T18QjQd540.png]
[s3.amazonaws.com/cdn.freshdesk.com/data/helpdesk/attachments/production/155050965694/original/t0shULddlPVX-g_KSf6KuIlg8R590IhKfQ236f.png]
[s3.amazonaws.com/cdn.freshdesk.com/data/helpdesk/attachments/production/155048565089/original/AlI46jtk_b_PFae__wQ8JvMwo2rKT1208wabb0.jpg]
[s3.amazonaws.com/cdn.freshdesk.com/data/helpdesk/attachments/production/155048565088/original/7U1kb_HqaKBtEbwZ2ezkjSuRwOAb48ELEQ67e5.jpg]
[s3.amazonaws.com/cdn.freshdesk.com/data/helpdesk/attachments/production/155056606871/original/8-6LxE7A9PI_kfJOKH0l1NVqPs2OP2YKiA2e28.png]
[help.leadconnectorhq.com/support/solutions/articles/155000005561-voip-deskphones-sip-endpoints-/hit.gif]
[help.leadconnectorhq.com/support/solutions/articles/155000005561-voip-deskphones-sip-endpoints-.html]
[s3.amazonaws.com/cdn.freshdesk.com/data/helpdesk/attachments/production/155050202912/original/AlN5GOtlpafDOPXqTNbpscUUl5kt_wjkgw13f1.png]
[s3.amazonaws.com/cdn.freshdesk.com/data/helpdesk/attachments/production/155050202916/original/eLoCVyPTwCdORtMbxYGElBrDuJ-nJJ6SZg8040.png]
[s3.amazonaws.com/cdn.freshdesk.com/data/helpdesk/attachments/production/155050202914/original/Mc8Q_FwvKTdFV7anMQDxggKY621pgTSj4A13f1.jpg]
[s3.amazonaws.com/cdn.freshdesk.com/data/helpdesk/attachments/production/155050202917/original/Iohm3xPdUji8FmOkj8bkFspRpqY8JSh3tg8abe.jpg]
[s3.amazonaws.com/cdn.freshdesk.com/data/helpdesk/attachments/production/155050202920/original/-jMg9isKacYOSqNVtoi1Ar46qh0VRwNUVA8040.jpg]
[s3.amazonaws.com/cdn.freshdesk.com/data/helpdesk/attachments/production/155050202918/original/YpcOsy9KFBtGKRWrkJXcSNkbXwVXCHht2A8040.jpg]
[s3.amazonaws.com/cdn.freshdesk.com/data/helpdesk/attachments/production/155050202922/original/xADsDa3HazvwIxwKQy0g5nVdX_GRW1ZsHA8040.jpg]
[s3.amazonaws.com/cdn.freshdesk.com/data/helpdesk/attachments/production/155050202915/original/qUJRMcONWDaIhqGEL7_P4O7PT_h3G4c9lQ8abe.jpg]
[s3.amazonaws.com/cdn.freshdesk.com/data/helpdesk/attachments/production/155050202921/original/576CPpD-C_0mqN5GX9WK7HHhztMWOGQF1Q8040.jpg]
[s3.amazonaws.com/cdn.freshdesk.com/data/helpdesk/attachments/production/155050202919/original/GmdQW2-bqDcFyaCv-E6VLVlhB2V9NK2hkA8040.jpg]
[help.leadconnectorhq.com/support/solutions/articles/155000005780-regulatory-bundle-and-address-creation-for-sub-accounts/hit.gif]
[help.leadconnectorhq.com/support/solutions/articles/155000005780-regulatory-bundle-and-address-creation-for-sub-accounts.html]
[s3.amazonaws.com/cdn.freshdesk.com/data/helpdesk/attachments/production/155050336189/original/cmEQZV1qnR83oTzGA_sUbUfUWGe7uHFZ0g4f2b.png]
[s3.amazonaws.com/cdn.freshdesk.com/data/helpdesk/attachments/production/155050336205/original/M_78Nl5XqXOkmCJbqiWupWihnCg9WifgIg36b0.png]
[s3.amazonaws.com/cdn.freshdesk.com/data/helpdesk/attachments/production/155050336234/original/juORKB_mvirmbq_WZbfdx7E7Vp9gnbIeoQ9c4f.png]
[s3.amazonaws.com/cdn.freshdesk.com/data/helpdesk/attachments/production/155050336239/original/RhuRtojdeSqNovtM318KjrYsu9qQGJtHWAc674.png]
[help.leadconnectorhq.com/support/solutions/articles/155000005799-identity-verification-for-phone-number-purchases-us-ca-pr-/hit.gif]
[help.leadconnectorhq.com/support/solutions/articles/155000005799-identity-verification-for-phone-number-purchases-us-ca-pr-.html]
[s3.amazonaws.com/cdn.freshdesk.com/data/helpdesk/attachments/production/155054476330/original/OSPlp2kGULQfQ5tVdSpi8N-J0d_I_fUMnAeabe.png]
[help.leadconnectorhq.com/support/solutions/articles/155000005898-best-practices-around-periodically-sending-opt-out-texts-and-sender-ids/hit.gif]
[help.leadconnectorhq.com/support/solutions/articles/155000005898-best-practices-around-periodically-sending-opt-out-texts-and-sender-ids.html]
[s3.amazonaws.com/cdn.freshdesk.com/data/helpdesk/attachments/production/155052354504/original/9peCdr_FKY2szjbHMuSRrExCu41uwvzz8w5023.jpg]
[help.leadconnectorhq.com/support/solutions/articles/155000006104-why-doesn-t-my-business-name-display-after-cnam-registration-/hit.gif]
[help.leadconnectorhq.com/support/solutions/articles/155000006104-why-doesn-t-my-business-name-display-after-cnam-registration-.html]
[help.leadconnectorhq.com/support/solutions/articles/155000006239-quiet-hours/hit.gif]
[help.leadconnectorhq.com/support/solutions/articles/155000006239-quiet-hours.html]
[s3.amazonaws.com/cdn.freshdesk.com/data/helpdesk/attachments/production/155054390326/original/j6p5KLxqa-cWXlmYKLM9scD9vGZpbsvcrgba3a.png]
[help.leadconnectorhq.com/support/solutions/articles/155000006324-texas-mini-tcpa-law-what-you-need-to-know-effective-sept-1-2025-/hit.gif]
[help.leadconnectorhq.com/support/solutions/articles/155000006324-texas-mini-tcpa-law-what-you-need-to-know-effective-sept-1-2025-.html]
[help.leadconnectorhq.com/support/solutions/articles/155000006331-call-recording-storage/hit.gif]
[help.leadconnectorhq.com/support/solutions/articles/155000006331-call-recording-storage.html]
[help.leadconnectorhq.com/support/solutions/articles/155000006337-call-transcriptions-for-recorded-calls/hit.gif]
[help.leadconnectorhq.com/support/solutions/articles/155000006337-call-transcriptions-for-recorded-calls.html]
[s3.amazonaws.com/cdn.freshdesk.com/data/helpdesk/attachments/production/155056817244/original/ooWRELEdMa9hJzUSu45fcRH_w_cFusCgBQ4d3e.png]
[s3.amazonaws.com/cdn.freshdesk.com/data/helpdesk/attachments/production/155056817269/original/pyOYhFcR92OYEijChhBNNzmZob-vpwotIQ5029.png]
[s3.amazonaws.com/cdn.freshdesk.com/data/helpdesk/attachments/production/155056817314/original/ctLOxLUFfBDfOGiydwMk3oNYr4pv0e_muA905c.png]
[s3.amazonaws.com/cdn.freshdesk.com/data/helpdesk/attachments/production/155056817391/original/L3ulLFGu5FxHioq5wMeSFPeN-CgeR28NLAc7a2.png]
[help.leadconnectorhq.com/support/solutions/articles/155000006367-phone-number-edit-configuration-incoming-calls-settings-/hit.gif]
[help.leadconnectorhq.com/support/solutions/articles/155000006367-phone-number-edit-configuration-incoming-calls-settings-.html]
[s3.amazonaws.com/cdn.freshdesk.com/data/helpdesk/attachments/production/155054639949/original/Aa9C7Qf1qIZvTsLWvHNpdHA0mFidBOZjFgace5.png]
[s3.amazonaws.com/cdn.freshdesk.com/data/helpdesk/attachments/production/155054639972/original/gBBsZHE4WskC4q6nTDAAOhNERXt8Tg_1Pwafcd.png]
[help.leadconnectorhq.com/support/solutions/articles/155000006425-improve-your-phone-number-s-reputation-with-voice-integrity/hit.gif]
[help.leadconnectorhq.com/support/solutions/articles/155000006425-improve-your-phone-number-s-reputation-with-voice-integrity.html]
[help.leadconnectorhq.com/support/solutions/articles/155000006426-recommendations-and-best-practices-for-maintaining-a-positive-caller-reputation/hit.gif]
[help.leadconnectorhq.com/support/solutions/articles/155000006426-recommendations-and-best-practices-for-maintaining-a-positive-caller-reputation.html]
[s3.amazonaws.com/cdn.freshdesk.com/data/helpdesk/attachments/production/155054640190/original/FvtW_mpD1mIpr0W0AZ4L-PAHYn0wCVi5lA69d6.png]
[s3.amazonaws.com/cdn.freshdesk.com/data/helpdesk/attachments/production/155054640191/original/jxzMtbUiY7JQl7NQjWfIhva6BF8ym3sUqA0a3f.png]
[s3.amazonaws.com/cdn.freshdesk.com/data/helpdesk/attachments/production/155054640744/original/kXIU4_8SF_4hbSnLhmWmff8s5-QKAONZ_A41a4.png]
[s3.amazonaws.com/cdn.freshdesk.com/data/helpdesk/attachments/production/155054640240/original/NWTImJtRzBsmiGM334byPVgTo6r8Yr0CNAf12c.png]
[help.leadconnectorhq.com/support/solutions/articles/155000006427-why-are-my-calls-marked-as-spam-and-how-can-i-avoid-it-/hit.gif]
[help.leadconnectorhq.com/support/solutions/articles/155000006427-why-are-my-calls-marked-as-spam-and-how-can-i-avoid-it-.html]
[s3.amazonaws.com/cdn.freshdesk.com/data/helpdesk/attachments/production/155054641027/original/J0kui7QNcFGG3JBbbTf0VF8H6PJYwP5q1Q0a9f.png]
[s3.amazonaws.com/cdn.freshdesk.com/data/helpdesk/attachments/production/155054640285/original/XT-mJujcleCz7cjo1TqcOZtWlLk7LcSEHAc30d.png]
[s3.amazonaws.com/cdn.freshdesk.com/data/helpdesk/attachments/production/155054640284/original/O5VGvDAd6CzbyXnpgI1mDMM3obWqPpAu8w4346.png]
[help.leadconnectorhq.com/support/solutions/articles/155000006428-what-is-a2p-10-dlc-brand-and-campaign-registration/hit.gif]
[help.leadconnectorhq.com/support/solutions/articles/155000006428-what-is-a2p-10-dlc-brand-and-campaign-registration.html]
[s3.amazonaws.com/cdn.freshdesk.com/data/helpdesk/attachments/production/155054676283/original/iz5qKejeMvqBse0VPGcbyns0UYzZfktSMg7954.png]
[s3.amazonaws.com/cdn.freshdesk.com/data/helpdesk/attachments/production/155054676222/original/bsGNMJlkxLcctHc3E5tTqXm1O95wE2SP-web1c.png]
[s3.amazonaws.com/cdn.freshdesk.com/data/helpdesk/attachments/production/155054676355/original/FYHtCyyTsiW8vYmgq3fezgy6zTmTFja3ow7dc4.png]
[help.leadconnectorhq.com/support/solutions/articles/155000006431-what-is-shaken-stir-/hit.gif]
[help.leadconnectorhq.com/support/solutions/articles/155000006431-what-is-shaken-stir-.html]
[s3.amazonaws.com/cdn.freshdesk.com/data/helpdesk/attachments/production/155054676640/original/-i41H_eGlH2W2N_a-YUI4kRkgw54fnfxOg2d64.png]
[s3.amazonaws.com/cdn.freshdesk.com/data/helpdesk/attachments/production/155054676826/original/BOH5reOzUNGvp6hNCJ2VyFPiPs_Ymv5GiQ8918.png]
[s3.amazonaws.com/cdn.freshdesk.com/data/helpdesk/attachments/production/155054676609/original/3TZ3XsAplF8zTWXfIhInnGMR8FlmRchJywa131.png]
[s3.amazonaws.com/cdn.freshdesk.com/data/helpdesk/attachments/production/155054676607/original/RkSz2xUL_u7aPuY1ND55SR7sPBtzYjaUcg76ac.png]
[s3.amazonaws.com/cdn.freshdesk.com/data/helpdesk/attachments/production/155054676608/original/ntYIm-U3kbwbKsum60d6n7WPXM5j4kk-BA76ac.png]
[help.leadconnectorhq.com/support/solutions/articles/155000006432-what-is-cnam-/hit.gif]
[help.leadconnectorhq.com/support/solutions/articles/155000006432-what-is-cnam-.html]
[help.leadconnectorhq.com/support/solutions/articles/155000006465-agency-sms-warm-up-period-daily-limit/hit.gif]
[help.leadconnectorhq.com/support/solutions/articles/155000006465-agency-sms-warm-up-period-daily-limit.html]
[help.leadconnectorhq.com/support/solutions/articles/155000006698-voicemail-article-coming-soon/hit.gif]
[help.leadconnectorhq.com/support/solutions/articles/155000006698-voicemail-article-coming-soon.html]
[s3.amazonaws.com/cdn.freshdesk.com/data/helpdesk/attachments/production/155056463492/original/N4xZJSOfbxOAdIggWEJOavoFPEaP1id0GQ123d.png]
[s3.amazonaws.com/cdn.freshdesk.com/data/helpdesk/attachments/production/155056463615/original/mQmNCD9hGkJVjq7yRG85tYStjHSX2BI4QAf673.png]
[help.leadconnectorhq.com/support/solutions/articles/155000006750-kyc-verification-on-persona-best-practices/hit.gif]
[help.leadconnectorhq.com/support/solutions/articles/155000006750-kyc-verification-on-persona-best-practices.html]
[help.leadconnectorhq.com/support/solutions/articles/155000006957-billing-statement-help/hit.gif]
[help.leadconnectorhq.com/support/solutions/articles/155000006957-billing-statement-help.html]
[help.leadconnectorhq.com/support/solutions/articles/155000006961-updated-messaging-guidelines-for-the-u-s-canada/hit.gif]
[help.leadconnectorhq.com/support/solutions/articles/155000006961-updated-messaging-guidelines-for-the-u-s-canada.html]
[s3.amazonaws.com/cdn.freshdesk.com/data/helpdesk/attachments/production/155060187254/original/fYZ9L15aegS_HdhUx5V_BI29ZTQW48jUdA1ce2.png]
[s3.amazonaws.com/cdn.freshdesk.com/data/helpdesk/attachments/production/155060187296/original/EHPA9HkqZQ7p7wBwElwmhJ2X_ld9NGxwYw8bfa.png]
[s3.amazonaws.com/cdn.freshdesk.com/data/helpdesk/attachments/production/155060188359/original/M_opUFIsfHsoXMV9CjU_e_v2cRzbCVWWIAcf5e.png]
[help.leadconnectorhq.com/support/solutions/articles/155000007120-opt-in-methods-their-compliance-requirements/hit.gif]
[help.leadconnectorhq.com/support/solutions/articles/155000007120-opt-in-methods-their-compliance-requirements.html]
[help.leadconnectorhq.com/support/solutions/articles/155000007121-website-compliance-guide/hit.gif]
[help.leadconnectorhq.com/support/solutions/articles/155000007121-website-compliance-guide.html]
[help.leadconnectorhq.com/support/solutions/articles/155000005099-30007-message-filtered/hit.gif]
[help.leadconnectorhq.com/support/solutions/articles/155000005099-30007-message-filtered.html]
[help.leadconnectorhq.com/support/solutions/articles/155000005100-30008-unknown-error/hit.gif]
[help.leadconnectorhq.com/support/solutions/articles/155000005100-30008-unknown-error.html]
[help.leadconnectorhq.com/support/solutions/articles/155000005101-30011-mms-not-supported-by-the-receiving-phone-number-in-this-region/hit.gif]
[help.leadconnectorhq.com/support/solutions/articles/155000005101-30011-mms-not-supported-by-the-receiving-phone-number-in-this-region.html]
[help.leadconnectorhq.com/support/solutions/articles/155000005102-30023-daily-message-cap-reached/hit.gif]
[help.leadconnectorhq.com/support/solutions/articles/155000005102-30023-daily-message-cap-reached.html]
[help.leadconnectorhq.com/support/solutions/articles/155000005103-30032-toll-free-number-has-not-been-verified/hit.gif]
[help.leadconnectorhq.com/support/solutions/articles/155000005103-30032-toll-free-number-has-not-been-verified.html]
[help.leadconnectorhq.com/support/solutions/articles/155000005107-21610-attempt-to-send-to-unsubscribed-recipient/hit.gif]
[help.leadconnectorhq.com/support/solutions/articles/155000005107-21610-attempt-to-send-to-unsubscribed-recipient.html]
[help.leadconnectorhq.com/support/solutions/articles/155000005186-30033-us-a2p-10dlc-campaign-suspended/hit.gif]
[help.leadconnectorhq.com/support/solutions/articles/155000005186-30033-us-a2p-10dlc-campaign-suspended.html]
[help.leadconnectorhq.com/support/solutions/articles/155000005187-30037-outbound-messaging-disabled/hit.gif]
[help.leadconnectorhq.com/support/solutions/articles/155000005187-30037-outbound-messaging-disabled.html]
[help.leadconnectorhq.com/support/solutions/articles/155000005192-21612-message-cannot-be-sent-with-the-current-combination-of-to-and-or-from-parameters/hit.gif]
[help.leadconnectorhq.com/support/solutions/articles/155000005192-21612-message-cannot-be-sent-with-the-current-combination-of-to-and-or-from-parameters.html]
[help.leadconnectorhq.com/support/solutions/articles/155000005196-30034-number-not-a2p-compliant-please-register-for-a2p/hit.gif]
[help.leadconnectorhq.com/support/solutions/articles/155000005196-30034-number-not-a2p-compliant-please-register-for-a2p.html]
[help.leadconnectorhq.com/support/solutions/folders/155000001189/page/1.html]
[help.leadconnectorhq.com/support/solutions/articles/155000005198-21606-the-from-phone-number-provided-is-not-a-valid-message-capable-phone-number-for-this-destinat/hit.gif]
[help.leadconnectorhq.com/support/solutions/articles/155000005198-21606-the-from-phone-number-provided-is-not-a-valid-message-capable-phone-number-for-this-destinat.html]
[help.leadconnectorhq.com/support/solutions/articles/155000005853-30035-number-not-fully-registered-for-a2p-messaging-please-wait-up-to-24-hours-after-approval-/hit.gif]
[help.leadconnectorhq.com/support/solutions/articles/155000005853-30035-number-not-fully-registered-for-a2p-messaging-please-wait-up-to-24-hours-after-approval-.html]
[s3.amazonaws.com/cdn.freshdesk.com/data/helpdesk/attachments/production/155056948938/original/f2KNE021rYlrwwCzgKlBeOIjq9SpVfM2xAe3c2.png]
[s3.amazonaws.com/cdn.freshdesk.com/data/helpdesk/attachments/production/155056948876/original/bj1z58iAX_yaLKMZtTV_ASUlNMHUEptpCgaef3.png]
[s3.amazonaws.com/cdn.freshdesk.com/data/helpdesk/attachments/production/155056948915/original/BRx-lbYY-XDDuCVm4MB1b6NPnZVFcyxPwQa530.png]
[s3.amazonaws.com/cdn.freshdesk.com/data/helpdesk/attachments/production/155056949138/original/nxX3bXnH3EzfS8666CQ9IAZG5fD5oUsx2g52cb.png]
[help.leadconnectorhq.com/support/solutions/articles/155000006790.html]
[s3.amazonaws.com/cdn.freshdesk.com/data/helpdesk/attachments/production/155056949928/original/qJnosolbsLkoAxcV0kaefuMW-DyZ3HPmRw54b5.png]
[s3.amazonaws.com/cdn.freshdesk.com/data/helpdesk/attachments/production/155056950286/original/gaPNyTMXgGf0sJ6nmdgCRaOXtYRKp0q4Dgb61b.png]
[s3.amazonaws.com/cdn.freshdesk.com/data/helpdesk/attachments/production/155056950281/original/DTQSI9e4i7HRlh1M0RJN_4_RN_VmgbOzHA3da5.png]
[help.leadconnectorhq.com/support/solutions/articles/155000000199-workflow-settings-overview/hit.gif]
[help.leadconnectorhq.com/support/solutions/articles/155000000199-workflow-settings-overview.html]
[s3.amazonaws.com/cdn.freshdesk.com/data/helpdesk/attachments/production/155008753485/original/pf42EvLgWlgUcd5IIL8ICXlriaZKg7W0gQ2be6.png]
[help.leadconnectorhq.com/support/solutions/articles/155000001465-how-to-copy-contact-to-another-account-/hit.gif]
[help.leadconnectorhq.com/support/solutions/articles/155000001465-how-to-copy-contact-to-another-account-.html]
[s3.amazonaws.com/cdn.freshdesk.com/data/helpdesk/attachments/production/155015714832/original/duFDC2rh3DHuQI215JjeFhN9TOnCPdUmLg33d4.jpg]
[s3.amazonaws.com/cdn.freshdesk.com/data/helpdesk/attachments/production/155015714831/original/fTEf3wwxAy9sK-tq-M_XEHLgHcUQynWvBA33d4.jpg]
[s3.amazonaws.com/cdn.freshdesk.com/data/helpdesk/attachments/production/155015714824/original/yAfSY3JFnb4liWXAE33CCDGVcf6SqDIjWQ33d4.png]
[s3.amazonaws.com/cdn.freshdesk.com/data/helpdesk/attachments/production/155015714820/original/zJYV6QpZ1ZAaADfSqvinkkIonHc2lyjEyA1175.png]
[s3.amazonaws.com/cdn.freshdesk.com/data/helpdesk/attachments/production/155015714826/original/FJ1KfORX8LBfGcqEHtHNFFyFMsckj0qlcg33d4.png]
[s3.amazonaws.com/cdn.freshdesk.com/data/helpdesk/attachments/production/155015714828/original/0UIvnmEvdZ1f17unTxAyUc82F7dfsZy-wg33d4.png]
[s3.amazonaws.com/cdn.freshdesk.com/data/helpdesk/attachments/production/155015714827/original/d27slbOsPmaGeLmhDRxqg8NAc51WhL8FCg33d4.png]
[s3.amazonaws.com/cdn.freshdesk.com/data/helpdesk/attachments/production/155015714823/original/3kcZ7SDz-0UgAOAR4PGDM87x7DsADNe9mQ33d4.png]
[s3.amazonaws.com/cdn.freshdesk.com/data/helpdesk/attachments/production/155015714829/original/aTKa83h_FKfO1Dqgb2SHNY_rl4f3kxuulQ33d4.png]
[s3.amazonaws.com/cdn.freshdesk.com/data/helpdesk/attachments/production/155015714833/original/BUda6xoUH9jefvN28eFXZul6my0gcE64OQ33d4.png]
[s3.amazonaws.com/cdn.freshdesk.com/data/helpdesk/attachments/production/155015714839/original/pgRphtkfZGGPJsRnjW5i5dbQe9amlJmB8g7484.jpg]
[s3.amazonaws.com/cdn.freshdesk.com/data/helpdesk/attachments/production/155015714834/original/bmniv-3eNVJ-U15fRIdg4ZbIoqHF2FHRfQ33d4.jpg]
[s3.amazonaws.com/cdn.freshdesk.com/data/helpdesk/attachments/production/155015714869/original/JRmw5UcRSF_h43zwA-rtdUXJS5WrJl4wzgeb67.jpg]
[s3.amazonaws.com/cdn.freshdesk.com/data/helpdesk/attachments/production/155015714876/original/36rMbloABF8UpTiql-m-OJ8hB6blV6GRMQ061a.jpg]
[s3.amazonaws.com/cdn.freshdesk.com/data/helpdesk/attachments/production/155015714864/original/IDmGHLSZr1_Y2d4MUNEmMiL8iGs6UVRUGAeb67.jpg]
[s3.amazonaws.com/cdn.freshdesk.com/data/helpdesk/attachments/production/155015714850/original/R2Cu02OClSkQhlEpO1TOJtepA5-12Xkqsgafc4.jpg]
[s3.amazonaws.com/cdn.freshdesk.com/data/helpdesk/attachments/production/155015714867/original/QCVu4srv6HGSZizXpslX4YNWPt52OyCBvweb67.jpg]
[s3.amazonaws.com/cdn.freshdesk.com/data/helpdesk/attachments/production/155015714843/original/Avc4L7kFIogNKAqQWetRRQXYgTA2zRSVIQa34b.jpg]
[s3.amazonaws.com/cdn.freshdesk.com/data/helpdesk/attachments/production/155015714844/original/EspiKj-cR5YG2Oh0Q1O5tKVNRAgN2tfwkQa34b.jpg]
[s3.amazonaws.com/cdn.freshdesk.com/data/helpdesk/attachments/production/155015714830/original/ABj4iTcPP703RfgMUcNEXJrjbtKxFrWQTw33d4.jpg]
[s3.amazonaws.com/cdn.freshdesk.com/data/helpdesk/attachments/production/155015714861/original/3gB98biQttjsHGLUfsKi07DyI85S159H2Aeb67.jpg]
[s3.amazonaws.com/cdn.freshdesk.com/data/helpdesk/attachments/production/155015714868/original/i-5dmp_TRT1ZvGARNA3K8BGUzc-Ucn3SuAeb67.jpg]
[s3.amazonaws.com/cdn.freshdesk.com/data/helpdesk/attachments/production/155015714875/original/vL6TqZfiUFh4xKLjnrUx3r-8MCj6WCFfNweb67.jpg]
[s3.amazonaws.com/cdn.freshdesk.com/data/helpdesk/attachments/production/155015714845/original/XAyIMW9qZoMUXLcoS11M-jEFNe7DKu3l5Qa34b.jpg]
[s3.amazonaws.com/cdn.freshdesk.com/data/helpdesk/attachments/production/155015714872/original/A4taMK5NdhBvKSUdN8IxhwKkftLK_F5XGQeb67.jpg]
[s3.amazonaws.com/cdn.freshdesk.com/data/helpdesk/attachments/production/155015714849/original/WT_WaZjTdRwZnIlfR44m3OxBv4M_uoz1FQ5739.jpg]
[s3.amazonaws.com/cdn.freshdesk.com/data/helpdesk/attachments/production/155015714871/original/smonh5r5rCwMU30FHh7VL16qAPfl1EqMRweb67.jpg]
[help.leadconnectorhq.com/support/solutions/articles/155000001467-workflow-array-functions-premium-action/hit.gif]
[help.leadconnectorhq.com/support/solutions/articles/155000001467-workflow-array-functions-premium-action.html]
[s3.amazonaws.com/cdn.freshdesk.com/data/helpdesk/attachments/production/155013181751/original/J4wuqBWlsGaWeXpQJ88py4j07xxDrsgRjw26c0.png]
[s3.amazonaws.com/cdn.freshdesk.com/data/helpdesk/attachments/production/155013182395/original/HqGSQ4rb4mY2r0XF_O8CpowHohFJ4qP9PQ4123.png]
[s3.amazonaws.com/cdn.freshdesk.com/data/helpdesk/attachments/production/155013182455/original/0Tw-hirDse81dg_5f9O_BvY27bytE5yvbw41d2.png]
[s3.amazonaws.com/cdn.freshdesk.com/data/helpdesk/attachments/production/155013182494/original/fRJD3T20kXxkQ7bNfb5f_SE51zCZM6WYlg449f.png]
[s3.amazonaws.com/cdn.freshdesk.com/data/helpdesk/attachments/production/155013182502/original/QxRgxTlL8BWZ5hoDcLpJAPh-fowlvGpriQ59a4.png]
[s3.amazonaws.com/cdn.freshdesk.com/data/helpdesk/attachments/production/155013182507/original/RpK0iZ5yjiJVqA2JvGhDC9nz9JEg-yzI_Q2b71.png]
[s3.amazonaws.com/cdn.freshdesk.com/data/helpdesk/attachments/production/155013182544/original/Ot0QmleSKXSPoaAwTNt9NoJLoLKwCoSlQA7f20.png]
[s3.amazonaws.com/cdn.freshdesk.com/data/helpdesk/attachments/production/155013182792/original/vOp583shLvwTreWUXBFgzr9nmklTaKgkxg7f01.png]
[s3.amazonaws.com/cdn.freshdesk.com/data/helpdesk/attachments/production/155013182869/original/41xVo7YOiUb2fSNfhf4p0TTLqOiezC8-og088b.png]
[s3.amazonaws.com/cdn.freshdesk.com/data/helpdesk/attachments/production/155013183302/original/piZJxZnTHvikOg6ehv9vDUcwpymlNk6mLA0cad.png]
[help.leadconnectorhq.com/support/solutions/articles/155000001468-workflow-array-functions-premium-action/hit.gif]
[help.leadconnectorhq.com/support/solutions/articles/155000001468-workflow-array-functions-premium-action.html]
[s3.amazonaws.com/cdn.freshdesk.com/data/helpdesk/attachments/production/155013188319/original/pyEpmbRH25q5BBCT8gkfhDhRFCuuiXrN3Qfc5a.jpg]
[help.leadconnectorhq.com/support/solutions/articles/155000001469-workflow-app-marketplace-triggers-actions/hit.gif]
[help.leadconnectorhq.com/support/solutions/articles/155000001469-workflow-app-marketplace-triggers-actions.html]
[s3.amazonaws.com/cdn.freshdesk.com/data/helpdesk/attachments/production/155015132009/original/NcgcDdSw4nkLQTzuoZI9DxjjzmHVTn5egg588d.jpg]
[s3.amazonaws.com/cdn.freshdesk.com/data/helpdesk/attachments/production/155015126360/original/yQLmhCnxF5dBVS3I9yXoydywHWGog3KM6g8705.png]
[help.leadconnectorhq.com/support/solutions/articles/155000001574-how-to-set-up-delete-contact-action/hit.gif]
[help.leadconnectorhq.com/support/solutions/articles/155000001574-how-to-set-up-delete-contact-action.html]
[s3.amazonaws.com/cdn.freshdesk.com/data/helpdesk/attachments/production/155016683308/original/VloVZEgpfLHeb1iTMdgSTfj4EgZiFOzvIA7533.jpg]
[s3.amazonaws.com/cdn.freshdesk.com/data/helpdesk/attachments/production/155016683309/original/kLBdBIB4jMMonsTorhtTW-3DeKV4Rxmsyw7533.jpg]
[s3.amazonaws.com/cdn.freshdesk.com/data/helpdesk/attachments/production/155016683310/original/SpC0qmfmS4UtDVu3FzAYKKzS0oZwoxb3sw7533.jpg]
[s3.amazonaws.com/cdn.freshdesk.com/data/helpdesk/attachments/production/155016683307/original/KDyK2zmwOeWH3LlTUT1S40DmegWxJt0qGg7533.jpg]
[s3.amazonaws.com/cdn.freshdesk.com/data/helpdesk/attachments/production/155016683311/original/BEpiZX4ugIGw4ajsvA6hczCzrWcH_SHQyQab49.jpg]
[s3.amazonaws.com/cdn.freshdesk.com/data/helpdesk/attachments/production/155016683312/original/hcMch-nGNFvwCbk720Z1SQetRO4EucVxvQab49.jpg]
[s3.amazonaws.com/cdn.freshdesk.com/data/helpdesk/attachments/production/155016683305/original/VKF8SKbCZdNI6pZ_5NQdQKwSbDQph-71rQ7533.png]
[s3.amazonaws.com/cdn.freshdesk.com/data/helpdesk/attachments/production/155016683306/original/jlM0sx4-RJo_SUxMMuXRoBR28n3d3BpmnAab49.png]
[s3.amazonaws.com/cdn.freshdesk.com/data/helpdesk/attachments/production/155016683313/original/MtxxKufIvtRKF8AdLBIJ6pfQEHFZ0oReLgab49.jpg]
[s3.amazonaws.com/cdn.freshdesk.com/data/helpdesk/attachments/production/155016683314/original/vuk306EClqcNCfdB4jQzCQ2sEQnh366K3Qab49.jpg]
[s3.amazonaws.com/cdn.freshdesk.com/data/helpdesk/attachments/production/155016683315/original/TYtg10Y0l68TyrJSvHsG0nJ9V1M00zWstgab49.jpg]
[s3.amazonaws.com/cdn.freshdesk.com/data/helpdesk/attachments/production/155016683319/original/9zYUe4CuyUYPvlU1Y2LixiQK1zIQa45PzAf63b.jpg]
[s3.amazonaws.com/cdn.freshdesk.com/data/helpdesk/attachments/production/155016683320/original/YAS8_A_RqXL4fIKxoldgEBH22z3nplp4HQf63b.jpg]
[s3.amazonaws.com/cdn.freshdesk.com/data/helpdesk/attachments/production/155016683321/original/l8I8c1Nx9DvffBkc1KJbF3nm__aLikURCQ38cc.jpg]
[help.leadconnectorhq.com/support/solutions/articles/155000001639-workflow-builder-overview/hit.gif]
[help.leadconnectorhq.com/support/solutions/articles/155000001639-workflow-builder-overview.html]
[s3.amazonaws.com/cdn.freshdesk.com/data/helpdesk/attachments/production/155018081860/original/_-ion_5Tqy9p2wpcJaK4iory5em6PKjQCw78bc.png]
[s3.amazonaws.com/cdn.freshdesk.com/data/helpdesk/attachments/production/155018081974/original/GbGDsrSej2mOFgIcbTZIJT1MCplwsux0ZA1869.png]
[s3.amazonaws.com/cdn.freshdesk.com/data/helpdesk/attachments/production/155018082296/original/7xfq25nWDBo4ZYeAXCxI-ZdlN4bJWacWwg0f2d.png]
[s3.amazonaws.com/cdn.freshdesk.com/data/helpdesk/attachments/production/155018082461/original/BqwBAPM_k-B545TW7yct2F5Fq17ASoYRXg737a.png]
[s3.amazonaws.com/cdn.freshdesk.com/data/helpdesk/attachments/production/155018082564/original/RyHkiUY3vjtOyjl5x6KQ6R9mjBPw4mUrug3532.png]
[s3.amazonaws.com/cdn.freshdesk.com/data/helpdesk/attachments/production/155018082674/original/TVOX2qbKxRXO1gX4Vcw2erGgHrKz7AKjwAa9ab.png]
[s3.amazonaws.com/cdn.freshdesk.com/data/helpdesk/attachments/production/155018082725/original/c1WX5AZHi1KKy1dwP6oLcqJJdRRsmnU2Dg9e1d.png]
[s3.amazonaws.com/cdn.freshdesk.com/data/helpdesk/attachments/production/155018082803/original/1Gd2FRMFmr5kwxl4CUJWb0xuNzg88lpZJQd14b.png]
[s3.amazonaws.com/cdn.freshdesk.com/data/helpdesk/attachments/production/155018082868/original/zEt6wKVurPgxPVmS41vPZw2R4WhVRKuYHQ3075.png]
[s3.amazonaws.com/cdn.freshdesk.com/data/helpdesk/attachments/production/155018082882/original/xcy2NXmc-HPjwbzUqEQfs7_SYOUD-O6Big6a34.png]
[help.leadconnectorhq.com/support/solutions/articles/155000001706-text-editor-ui-changes/hit.gif]
[help.leadconnectorhq.com/support/solutions/articles/155000001706-text-editor-ui-changes.html]
[help.leadconnectorhq.com/support/solutions/articles/155000001707-text-editor-ui-changes/hit.gif]
[help.leadconnectorhq.com/support/solutions/articles/155000001707-text-editor-ui-changes.html]
[s3.amazonaws.com/cdn.freshdesk.com/data/helpdesk/attachments/production/155019194745/original/AVFa0Sf3B8urYNq_WTK0DJhWe78b-ZOL7w961b.png]
[s3.amazonaws.com/cdn.freshdesk.com/data/helpdesk/attachments/production/155019194743/original/yFEXenC5icfh-vA9g0Y8LDMN0KOGUByqMQ961b.png]
[s3.amazonaws.com/cdn.freshdesk.com/data/helpdesk/attachments/production/155019194737/original/91bdtetvW-HMl57fRQ0qTqTYT2OjWQIsxA557a.png]
[s3.amazonaws.com/cdn.freshdesk.com/data/helpdesk/attachments/production/155019194736/original/Ay96oSqQyk5rYQrbf2yDf5m7f19kYLyHGg26fe.png]
[s3.amazonaws.com/cdn.freshdesk.com/data/helpdesk/attachments/production/155019194748/original/CKX1dDXAz068i_canb07KYB1i2oEMKIsmw216a.png]
[s3.amazonaws.com/cdn.freshdesk.com/data/helpdesk/attachments/production/155019194749/original/XQ-qp0_jtqc4rYNZ56nPR9lzUb0gxF9M9g8ace.png]
[help.leadconnectorhq.com/support/solutions/articles/155000001801-split-action/hit.gif]
[help.leadconnectorhq.com/support/solutions/articles/155000001801-split-action.html]
[help.leadconnectorhq.com/support/solutions/folders/48000684508/page/1.html]
[s3.amazonaws.com/cdn.freshdesk.com/data/helpdesk/attachments/production/155022766303/original/2pD9LVsOxudqNBa9rhJBdEd6jIBjHj4H2w7eea.png]
[s3.amazonaws.com/cdn.freshdesk.com/data/helpdesk/attachments/production/155022766324/original/JqGC3d5zk79gWXWGA9U71lBLjLJdoD2T9Qfcbe.png]
[s3.amazonaws.com/cdn.freshdesk.com/data/helpdesk/attachments/production/155022766495/original/QKL2xvNxm9KFZu5N1OezkQw1dCydRQ63fA72eb.png]
[s3.amazonaws.com/cdn.freshdesk.com/data/helpdesk/attachments/production/155022766505/original/iQHPb_QtDhfhHIIwbijUtkTgESyBZzs3MQ7730.png]
[help.leadconnectorhq.com/support/solutions/articles/155000002093-contact-engagement-score-workflow/hit.gif]
[help.leadconnectorhq.com/support/solutions/articles/155000002093-contact-engagement-score-workflow.html]
[s3.amazonaws.com/cdn.freshdesk.com/data/helpdesk/attachments/production/155021785142/original/Az27Lo0tZreuVqugKYpphfj8lXHhJZBjNwfe6f.png]
[s3.amazonaws.com/cdn.freshdesk.com/data/helpdesk/attachments/production/155023709217/original/ulPa-G_KOoDrIjP2pOeuvqVo_gyvE-1E5gf2ca.png]
[s3.amazonaws.com/cdn.freshdesk.com/data/helpdesk/attachments/production/155021785558/original/J4cghUFz0BtGWkEhK2e0przKXvddAosyCwe304.png]
[s3.amazonaws.com/cdn.freshdesk.com/data/helpdesk/attachments/production/155023709327/original/SYiSiqayT3U85VrFetT40R2wD7zzbD1Ncg7a66.png]
[s3.amazonaws.com/cdn.freshdesk.com/data/helpdesk/attachments/production/155023709425/original/7U29S8keZKFaMwsbisC11gPMe31G5bBiVQ14de.png]
[s3.amazonaws.com/cdn.freshdesk.com/data/helpdesk/attachments/production/155023709440/original/fkV3sGmruo5clj7BssAM_btdjNsvIXbw1Abea1.png]
[s3.amazonaws.com/cdn.freshdesk.com/data/helpdesk/attachments/production/155023714255/original/z7jE3JXSIi05cG1jd6RPVS5wJxwJyfx8gwec1a.jpg]
[s3.amazonaws.com/cdn.freshdesk.com/data/helpdesk/attachments/production/155023709585/original/4d3omsHMCp5RyCVtYTU6St3TkMyhRRSd1Qed46.png]
[s3.amazonaws.com/cdn.freshdesk.com/data/helpdesk/attachments/production/155021787955/original/L4WieSrQhivhrLaGVETWtZX0bqokfhd3TQ473f.png]
[s3.amazonaws.com/cdn.freshdesk.com/data/helpdesk/attachments/production/155023709615/original/JRBZos8ar6DYxwiUtErpIRQE3EkstISgiAebb6.png]
[help.leadconnectorhq.com/support/solutions/articles/155000002187-facebook-instagram-user-comments-on-a-post-trigger/hit.gif]
[help.leadconnectorhq.com/support/solutions/articles/155000002187-facebook-instagram-user-comments-on-a-post-trigger.html]
[s3.amazonaws.com/cdn.freshdesk.com/data/helpdesk/attachments/production/155023642963/original/g1yl3GvyJCoznC-gTRB115MF6To8pIJNyQ2a59.png]
[s3.amazonaws.com/cdn.freshdesk.com/data/helpdesk/attachments/production/155023899986/original/OPeuT7LQH3V1govH0eojE_rPv5wIKJ5AWw09e1.png]
[s3.amazonaws.com/cdn.freshdesk.com/data/helpdesk/attachments/production/155023643283/original/9wYdrSCXGypXlkZ8C11BzuGARFERr3FJZg4d88.png]
[s3.amazonaws.com/cdn.freshdesk.com/data/helpdesk/attachments/production/155021792014/original/Xe5OcL08qSUoX2p68BaMtRnysweuCrPvVQfa62.png]
[s3.amazonaws.com/cdn.freshdesk.com/data/helpdesk/attachments/production/155023709757/original/D01TKQb9GD6syTO5PdyZ50xfS4EcYX9Nkge7a4.png]
[s3.amazonaws.com/cdn.freshdesk.com/data/helpdesk/attachments/production/155021869781/original/UfraujcXbI9guxqcgCHarVOA8UCAiIfcRQ5ae7.png]
[s3.amazonaws.com/cdn.freshdesk.com/data/helpdesk/attachments/production/155023643797/original/HmIOB4KaKi-DFdRUzHWg4F9i2NFdlO0aeg0cad.png]
[help.leadconnectorhq.com/support/solutions/articles/155000002188-facebook-instagram-interactive-messenger/hit.gif]
[help.leadconnectorhq.com/support/solutions/articles/155000002188-facebook-instagram-interactive-messenger.html]
[s3.amazonaws.com/cdn.freshdesk.com/data/helpdesk/attachments/production/155024378232/original/WRJzyc6QLm9ZtRTV2p7zAeFh-pRxSKzRuw7027.png]
[s3.amazonaws.com/cdn.freshdesk.com/data/helpdesk/attachments/production/155024378127/original/vCWA7jTLsUWY_h-z1Ck3SO08t0yZYuihhwa5f0.png]
[s3.amazonaws.com/cdn.freshdesk.com/data/helpdesk/attachments/production/155024378049/original/mkwVkOObW-V10c1bOgLQ0DJC0CQ4fjQ5qA88c9.png]
[s3.amazonaws.com/cdn.freshdesk.com/data/helpdesk/attachments/production/155024378027/original/kHyz3pZI-RI9S0Ca4p1YvYPCBejYVve4_A5a2d.png]
[s3.amazonaws.com/cdn.freshdesk.com/data/helpdesk/attachments/production/155027875958/original/K0BsznDm80JrDaTX-UqXEfvu2vtqvIOWhw0bd0.png]
[s3.amazonaws.com/cdn.freshdesk.com/data/helpdesk/attachments/production/155024377884/original/ORlqO3mjP7dDGL6frMeS8VSMZeLouruZ0gd9ec.png]
[s3.amazonaws.com/cdn.freshdesk.com/data/helpdesk/attachments/production/155024377819/original/qhVbHRPKm00XLms4ofsD31ckGtu0EyAe5Af70d.png]
[s3.amazonaws.com/cdn.freshdesk.com/data/helpdesk/attachments/production/155028307901/original/Hq5-hpYYprjyTt27r2647tAzQvd185kgWQ6bd6.png]
[help.leadconnectorhq.com/support/solutions/articles/155000002886-custom-code/hit.gif]
[help.leadconnectorhq.com/support/solutions/articles/155000002886-custom-code.html]
[s3.amazonaws.com/cdn.freshdesk.com/data/helpdesk/attachments/production/48294013403/original/lCUixqYdA6zlNXPNjAJXNYf7kjn5vEngMg0046.png]
[s3.amazonaws.com/cdn.freshdesk.com/data/helpdesk/attachments/production/48294014486/original/aowv6YTk63mq1daX0eqDn2h0db48akFmFA5cb3.png]
[s3.amazonaws.com/cdn.freshdesk.com/data/helpdesk/attachments/production/48294014527/original/fWMFC1aLZvu2iuX_Pd87-QxdbtZnSAQfmQ76a8.png]
[s3.amazonaws.com/cdn.freshdesk.com/data/helpdesk/attachments/production/48294014588/original/47mlhoT1pJN-daaiQVu2ubV1F9EyzNrk2w9720.png]
[s3.amazonaws.com/cdn.freshdesk.com/data/helpdesk/attachments/production/48294014598/original/N4mlSoOjjgifygREP0oGmDbHgU9neUHygA4a24.png]
[s3.amazonaws.com/cdn.freshdesk.com/data/helpdesk/attachments/production/48294014623/original/8K0LEE6bz3imuip9_p68DFBtChyKkXHgnw3869.png]
[s3.amazonaws.com/cdn.freshdesk.com/data/helpdesk/attachments/production/48294014637/original/c4sVZ1664jaJwbVbRWDUZZLRiR9Nyr2SyA9ac2.png]
[s3.amazonaws.com/cdn.freshdesk.com/data/helpdesk/attachments/production/48294014668/original/NkYnzrKnKEQCb0sV4-dnD0HOgdBgoFmsQgeb43.png]
[s3.amazonaws.com/cdn.freshdesk.com/data/helpdesk/attachments/production/48294014694/original/NnHgJ15jBPQCrCEHcsYCcZOk_WKZTtgJigb4f4.png]
[s3.amazonaws.com/cdn.freshdesk.com/data/helpdesk/attachments/production/48294014701/original/vD0gBD8SxluQnVmvOA0yjOc1bfa9TYg3cA4932.png]
[s3.amazonaws.com/cdn.freshdesk.com/data/helpdesk/attachments/production/48294014723/original/uqOuN_jLGz2mEYd9vzaguQonUE8qfcoGCg1f30.png]
[s3.amazonaws.com/cdn.freshdesk.com/data/helpdesk/attachments/production/48294014785/original/ZmbzRansrOH-JlzMGJNwKciPFP0wRhn-Lg014f.png]
[s3.amazonaws.com/cdn.freshdesk.com/data/helpdesk/attachments/production/48294015040/original/KBpwiNLroiROx6x6bTHlgmSpNNkmDZ-foQb1d0.png]
[s3.amazonaws.com/cdn.freshdesk.com/data/helpdesk/attachments/production/48294343971/original/Ap0dw_qAyW7_Yzyi7O8GC4a3YAkeuBDugwfa05.png]
[s3.amazonaws.com/cdn.freshdesk.com/data/helpdesk/attachments/production/48294015052/original/GfcBeKvgMuNwS1AjYO6ipi2XiVADNqlQKgf763.png]
[s3.amazonaws.com/cdn.freshdesk.com/data/helpdesk/attachments/production/48294015069/original/a308RmqZwNOM2ixkIBbxOY9ifkllRm17mw1740.png]
[s3.amazonaws.com/cdn.freshdesk.com/data/helpdesk/attachments/production/48294757968/original/gFVg7udmk8YIEO8JVUB319ME31a2YFXBHwd323.png]
[s3.amazonaws.com/cdn.freshdesk.com/data/helpdesk/attachments/production/155025719351/original/UBHwpCpCW0i-lmy6t4QBIWy-Wh3aDZXI_Aaa47.png]
[s3.amazonaws.com/cdn.freshdesk.com/data/helpdesk/attachments/production/48294015115/original/LGaxBgQwvGYJoILbTF4nkBZzWgXDoySsyA52be.png]
[s3.amazonaws.com/cdn.freshdesk.com/data/helpdesk/attachments/production/48294015133/original/XkZFM8oEj5xmLie9900hm1X7SmVVdhmidgd83e.png]
[s3.amazonaws.com/cdn.freshdesk.com/data/helpdesk/attachments/production/48294015142/original/GJblMYbDnexU3c5q-lBeQMQ812EGRVdK4Ab549.png]
[s3.amazonaws.com/cdn.freshdesk.com/data/helpdesk/attachments/production/48294015154/original/O4T0vx4kMtrqadNUUSZ1E3xXPUtgLbzlFwe896.png]
[s3.amazonaws.com/cdn.freshdesk.com/data/helpdesk/attachments/production/48294015187/original/viPTWFRwhmb1scMyguQYVXDynZa8OxKdww8e88.png]
[s3.amazonaws.com/cdn.freshdesk.com/data/helpdesk/attachments/production/48294015228/original/e-kSxKyAnih4z5l92rupHPtUFgddgBdK1gd0c2.gif]
[s3.amazonaws.com/cdn.freshdesk.com/data/helpdesk/attachments/production/48294015249/original/nNpO9JtVAJ9DWXrirZwplnuD9MpFPGai4Q52ee.gif]
[s3.amazonaws.com/cdn.freshdesk.com/data/helpdesk/attachments/production/48294015478/original/oTwiXd_AlB6rUAcygGvIj9jkKugfbANlEgde42.gif]
[s3.amazonaws.com/cdn.freshdesk.com/data/helpdesk/attachments/production/48294015513/original/7fT3UvPXjD4J4uoawpGjymxipluQJ7FFXQ8b0d.png]
[s3.amazonaws.com/cdn.freshdesk.com/data/helpdesk/attachments/production/48294015593/original/DYActajsfztIVW8KP0Wj3xvdvzXFIPSCPAd17d.gif]
[help.leadconnectorhq.com/support/solutions/articles/155000002887-how-to-use-the-google-sheets-premium-workflow-action-/hit.gif]
[help.leadconnectorhq.com/support/solutions/articles/155000002887-how-to-use-the-google-sheets-premium-workflow-action-.html]
[s3.amazonaws.com/cdn.freshdesk.com/data/helpdesk/attachments/production/155032371675/original/__7Fpgq7FGcEGIHwOjLT873vxutohkggYA1df0.jpg]
[s3.amazonaws.com/cdn.freshdesk.com/data/helpdesk/attachments/production/155032371676/original/eNsZlONEUF15XlQO_UV8k67z0oO9dW10xQ1df0.jpg]
[help.leadconnectorhq.com/support/solutions/articles/155000003322-gpt-4-models-workflow-ai/hit.gif]
[help.leadconnectorhq.com/support/solutions/articles/155000003322-gpt-4-models-workflow-ai.html]
[s3.amazonaws.com/cdn.freshdesk.com/data/helpdesk/attachments/production/155032371718/original/tI783TSLoilwJ_QPlNIVJIK1pBT5fEcqbQ7ba5.png]
[s3.amazonaws.com/cdn.freshdesk.com/data/helpdesk/attachments/production/155032371716/original/XAdYXXBEBTsOZdU0gVw-fYJv6oQQn3V9FQ7ba5.jpg]
[s3.amazonaws.com/cdn.freshdesk.com/data/helpdesk/attachments/production/155032371717/original/A5zs-yjkchalOife_XPuxYvkVxeYDchb1Q7ba5.jpg]
[s3.amazonaws.com/cdn.freshdesk.com/data/helpdesk/attachments/production/155032371719/original/TKLXeL6FEoE_yWA5z8fVXl9j4pnlT8nt0Q7ba5.png]
[help.leadconnectorhq.com/support/solutions/articles/155000003323-history-for-gpt-actions-ai-memory-key-/hit.gif]
[help.leadconnectorhq.com/support/solutions/articles/155000003323-history-for-gpt-actions-ai-memory-key-.html]
[s3.amazonaws.com/cdn.freshdesk.com/data/helpdesk/attachments/production/155032371756/original/ZUiPUHtfjVG-Km_KyjGnVk9jFbUVDDaiXAa053.png]
[s3.amazonaws.com/cdn.freshdesk.com/data/helpdesk/attachments/production/155032371764/original/1Wf4JbFAAXZsi-teVqwj6iZ6sQdJzmgVuwc722.jpg]
[s3.amazonaws.com/cdn.freshdesk.com/data/helpdesk/attachments/production/155032371765/original/vv1UZZku9ZtDFIQLcg5XSWz8ZZJWhGW_1gc722.jpg]
[s3.amazonaws.com/cdn.freshdesk.com/data/helpdesk/attachments/production/155032371759/original/dOHIxYGlV_o8NrlflyWhMWim-H1-lpz6ggc722.jpg]
[s3.amazonaws.com/cdn.freshdesk.com/data/helpdesk/attachments/production/155032371760/original/HtOPQnRnV_TBjPeKm9SbOA9cLLaN1y1Qgwc722.png]
[s3.amazonaws.com/cdn.freshdesk.com/data/helpdesk/attachments/production/155032371766/original/mVxL8DnYucu92g8Z_EokCjadSmno_l4FVQc722.png]
[s3.amazonaws.com/cdn.freshdesk.com/data/helpdesk/attachments/production/155032371767/original/kDuUoOuRruDZqf-2__pi-NkkNnm_UCHlRQc722.png]
[s3.amazonaws.com/cdn.freshdesk.com/data/helpdesk/attachments/production/155032371761/original/f_b22zEsAYvLo_-b5e7KfPjoIq5ln7KYkAc722.jpg]
[s3.amazonaws.com/cdn.freshdesk.com/data/helpdesk/attachments/production/155032371762/original/tOzePGzSauZkw8S6Bxy0rl5_22NL_cSiDQc722.jpg]
[s3.amazonaws.com/cdn.freshdesk.com/data/helpdesk/attachments/production/155032371763/original/Y1tD09muZ7W4k2FQwmkMY3mdJsDc7HO__Ac722.jpg]
[s3.amazonaws.com/cdn.freshdesk.com/data/helpdesk/attachments/production/155032371757/original/Ne5QkAhbZq5vcfWYOyaLoGfXS_g3lu-abQc722.png]
[help.leadconnectorhq.com/support/solutions/articles/155000003324-custom-code/hit.gif]
[help.leadconnectorhq.com/support/solutions/articles/155000003324-custom-code.html]
[s3.amazonaws.com/cdn.freshdesk.com/data/helpdesk/attachments/production/155032371827/original/HC7aqsmEtnhvuaozrh287_792GFnYSjo6Q330e.jpg]
[s3.amazonaws.com/cdn.freshdesk.com/data/helpdesk/attachments/production/155032371826/original/xTXF0FmfLkPrg2WiTDAqrFO-Dbo37pP9Qg330e.jpg]
[help.leadconnectorhq.com/support/solutions/articles/155000003325-facebook-comments-workflow-ai/hit.gif]
[help.leadconnectorhq.com/support/solutions/articles/155000003325-facebook-comments-workflow-ai.html]
[s3.amazonaws.com/cdn.freshdesk.com/data/helpdesk/attachments/production/155035987800/original/ZcsbYXqb01gsd9vfua68l4emxbgG1afm1gc9c8.png]
[s3.amazonaws.com/cdn.freshdesk.com/data/helpdesk/attachments/production/155035987804/original/x9fsz4KE4VAYAj3Q7MqJ2zJ5mRj_AKcFgw8bee.jpg]
[s3.amazonaws.com/cdn.freshdesk.com/data/helpdesk/attachments/production/155035987798/original/WaTBTS0U1utVgUBLW7NlYn6u-K5vlhep0g8bee.jpg]
[s3.amazonaws.com/cdn.freshdesk.com/data/helpdesk/attachments/production/155035987797/original/ID4ekO_Khmzn2lPSR2A17e9SRgXot_je9w8bee.png]
[s3.amazonaws.com/cdn.freshdesk.com/data/helpdesk/attachments/production/155035987801/original/y3anyVAFypBWZsgRrxigI9YD2vV-3DxaEgc9c8.png]
[s3.amazonaws.com/cdn.freshdesk.com/data/helpdesk/attachments/production/155035987808/original/MADVC_txvR-WvRXS6TS2HotDIlYAG-bjGwc9c8.jpg]
[s3.amazonaws.com/cdn.freshdesk.com/data/helpdesk/attachments/production/155035987803/original/0G-MKIfvmsLNI5f7jkC96Qg4bTFb9SQqAQc9c8.png]
[s3.amazonaws.com/cdn.freshdesk.com/data/helpdesk/attachments/production/155035987806/original/H-cpRZ_eT17oDjkUjySQloMPz8FQ8h1-fwc9c8.jpg]
[s3.amazonaws.com/cdn.freshdesk.com/data/helpdesk/attachments/production/155035987802/original/VwQF8r0bzNhiNqkq-R7Ts90LiAEKL_BNvAc9c8.png]
[s3.amazonaws.com/cdn.freshdesk.com/data/helpdesk/attachments/production/155035987799/original/Qj3-vx5D4dNyKBTIv_C9YBkMGF7L5BFBcQ8bee.jpg]
[s3.amazonaws.com/cdn.freshdesk.com/data/helpdesk/attachments/production/155035987807/original/6W_TT7z4GL_FKLv3skVb2XG8PdcaB2wLSQc9c8.jpg]
[s3.amazonaws.com/cdn.freshdesk.com/data/helpdesk/attachments/production/155035987805/original/Mu49YNgrYw4KumUFSM96LIirbK2rkJjAqgc9c8.jpg]
[help.leadconnectorhq.com/support/solutions/articles/155000004118-workflow-ai-assistant/hit.gif]
[help.leadconnectorhq.com/support/solutions/articles/155000004118-workflow-ai-assistant.html]
[s3.amazonaws.com/cdn.freshdesk.com/data/helpdesk/attachments/production/155035987893/original/e146v5rGXNgH2r7M59kGu9mpS-d3iAwo0wfaea.jpg]
[s3.amazonaws.com/cdn.freshdesk.com/data/helpdesk/attachments/production/155035987889/original/6DErRW0_s3wa0hjrUTiXLIQex1QUUnZCjwfaea.jpg]
[s3.amazonaws.com/cdn.freshdesk.com/data/helpdesk/attachments/production/155035987891/original/uGggttyBkp-6QcnVSwPXyHYyfSe5TvKRZgfaea.jpg]
[s3.amazonaws.com/cdn.freshdesk.com/data/helpdesk/attachments/production/155035987885/original/zDV4vvfkm9iC_qCg9KnXmieS0FUoN23nIwfaea.jpg]
[s3.amazonaws.com/cdn.freshdesk.com/data/helpdesk/attachments/production/155035987888/original/5B_Hz4hHcWejEuKKTZ-pNStKCGfMvcxN8Qfaea.jpg]
[s3.amazonaws.com/cdn.freshdesk.com/data/helpdesk/attachments/production/155035987881/original/fF0t8nwKqiQmYIXKrdqRg3Lg8BILGg7MIQfaea.jpg]
[s3.amazonaws.com/cdn.freshdesk.com/data/helpdesk/attachments/production/155035987886/original/L6DikkqUWs2ZduNGxzynfl7YI-GJjJlG5Qfaea.jpg]
[s3.amazonaws.com/cdn.freshdesk.com/data/helpdesk/attachments/production/155035987870/original/Zrj1ksoJzFZpJUM9ohUenFDLM6fd4CEZ7g3ee3.jpg]
[s3.amazonaws.com/cdn.freshdesk.com/data/helpdesk/attachments/production/155035987879/original/dfwzC2p6I31cv2U7_ONsXiaB3kLlntGVYgfaea.jpg]
[s3.amazonaws.com/cdn.freshdesk.com/data/helpdesk/attachments/production/155035987871/original/dXy_Y1b9NnYN86efVnSUjs6adBT3ls3-hA3ee3.jpg]
[s3.amazonaws.com/cdn.freshdesk.com/data/helpdesk/attachments/production/155035987887/original/dW9R74_F_ISX6y0CoC5YoBxj_2uIoKc4xgfaea.png]
[s3.amazonaws.com/cdn.freshdesk.com/data/helpdesk/attachments/production/155035987895/original/xqy0738QX0HBKO9513uxRSTUk7jD8kTYKAfaea.jpg]
[s3.amazonaws.com/cdn.freshdesk.com/data/helpdesk/attachments/production/155035987878/original/rXHjZAhWTErLlQqifZGouxXjOFJmSbd73Qfaea.jpg]
[s3.amazonaws.com/cdn.freshdesk.com/data/helpdesk/attachments/production/155035987880/original/BO_KX0Qzrh_LFPe-49lEQj07u_7mgNHb0Qfaea.jpg]
[s3.amazonaws.com/cdn.freshdesk.com/data/helpdesk/attachments/production/155035987892/original/LpsiNNQrHpKw5Ordmoe06RPuOphPcuidFgfaea.jpg]
[s3.amazonaws.com/cdn.freshdesk.com/data/helpdesk/attachments/production/155035987890/original/xBKY-ivEyqPSEEwZLCdfpke3CcUHMSTQuQfaea.jpg]
[s3.amazonaws.com/cdn.freshdesk.com/data/helpdesk/attachments/production/155035987883/original/iLBA99Iouz0Eu-L7u7Jjd23v4aLt0OrErAfaea.jpg]
[s3.amazonaws.com/cdn.freshdesk.com/data/helpdesk/attachments/production/155035987884/original/p4Gya1oHkzds9lLjkEd55crAsMiIVDvKjAfaea.jpg]
[s3.amazonaws.com/cdn.freshdesk.com/data/helpdesk/attachments/production/155035987894/original/bLrDsW2wB6bnUBV7NsCv9Hcdbu8OA5aO_gfaea.jpg]
[s3.amazonaws.com/cdn.freshdesk.com/data/helpdesk/attachments/production/155035987882/original/6T6deicAzTvA0C4enZRhRciyBJ8i5X_TJQfaea.jpg]
[s3.amazonaws.com/cdn.freshdesk.com/data/helpdesk/attachments/production/155035987877/original/f0as-oL5MiwhEZ5CvYHshkAQiLEIwDGzqwfaea.jpg]
[help.leadconnectorhq.com/support/solutions/articles/155000004119-execution-logs-enrolment-history-enhancements/hit.gif]
[help.leadconnectorhq.com/support/solutions/articles/155000004119-execution-logs-enrolment-history-enhancements.html]
[s3.amazonaws.com/cdn.freshdesk.com/data/helpdesk/attachments/production/155035987919/original/goOCLQ6xB1-2qDYkR04ozv0xRYKkteztbg3795.jpg]
[s3.amazonaws.com/cdn.freshdesk.com/data/helpdesk/attachments/production/155035987914/original/dZOIR2S6tkfFLgDnpg5uPfeqUNDINS66tg3795.jpg]
[s3.amazonaws.com/cdn.freshdesk.com/data/helpdesk/attachments/production/155035987915/original/kmmiYoFlLILFP5z1Ka3vpcwTI5EqHQMSVg3795.jpg]
[s3.amazonaws.com/cdn.freshdesk.com/data/helpdesk/attachments/production/155035987916/original/Fr6gqupLNAjsaeH_Y1tGfwBMY81saxbpoQ3795.jpg]
[s3.amazonaws.com/cdn.freshdesk.com/data/helpdesk/attachments/production/155035987918/original/eup-mMDRnG1aEh_n9XVpf-uPByRCZ1s4tQ3795.jpg]
[s3.amazonaws.com/cdn.freshdesk.com/data/helpdesk/attachments/production/155035987917/original/ZowBNq2hF3DhKcpRyL72rG3LecZmJqvJOg3795.jpg]
[s3.amazonaws.com/cdn.freshdesk.com/data/helpdesk/attachments/production/155035987923/original/eHD5vBZvtQ5t4jxwA9bJdOSJPNStAYw3rA3795.jpg]
[s3.amazonaws.com/cdn.freshdesk.com/data/helpdesk/attachments/production/155035987922/original/U2P0ixBvRuNf0p4Hj6sfcwwW9BYL1DpdpQ3795.jpg]
[help.leadconnectorhq.com/support/solutions/articles/155000004120-pause-workflows-on-certain-dates/hit.gif]
[help.leadconnectorhq.com/support/solutions/articles/155000004120-pause-workflows-on-certain-dates.html]
[s3.amazonaws.com/cdn.freshdesk.com/data/helpdesk/attachments/production/155035063951/original/mQ04K1asFDMURjw_hUHAoH9Vx4TEvJS8mw244f.png]
[s3.amazonaws.com/cdn.freshdesk.com/data/helpdesk/attachments/production/155035063974/original/eWA4zCXVqGe4eNAHqLK9ggffu94CSZ_h2wa7b6.png]
[s3.amazonaws.com/cdn.freshdesk.com/data/helpdesk/attachments/production/155035064094/original/Whokvjv_AePZFuBq9x1mJ53STMJtZrHnNA8b00.png]
[s3.amazonaws.com/cdn.freshdesk.com/data/helpdesk/attachments/production/155035064112/original/thnJBcle2lSiE64d16dmMc-Q-DBolUVZbgf3de.png]
[s3.amazonaws.com/cdn.freshdesk.com/data/helpdesk/attachments/production/155035064130/original/Rib_kNwHP8_WhzZtf7LMq6HNgLsCgMwXBA8e60.png]
[help.leadconnectorhq.com/support/solutions/articles/155000004121-workflows-pro-plan-pricing/hit.gif]
[help.leadconnectorhq.com/support/solutions/articles/155000004121-workflows-pro-plan-pricing.html]
[s3.amazonaws.com/cdn.freshdesk.com/data/helpdesk/attachments/production/155035099065/original/WjrOXKIvVshsJn1PwRBFlSZ5MJG_a2LcRQeeb4.png]
[s3.amazonaws.com/cdn.freshdesk.com/data/helpdesk/attachments/production/155035099088/original/Sp27X8Z0etAFB38xRgBjaxP1ojGsdXPHkwd17b.png]
[s3.amazonaws.com/cdn.freshdesk.com/data/helpdesk/attachments/production/155035099153/original/BiNuD9JofqvDUMdrefhag4Uy1fMLmrOyJwf4a5.png]
[s3.amazonaws.com/cdn.freshdesk.com/data/helpdesk/attachments/production/155035099108/original/KxdhMv1SzOQXCSePJraoAX4ea2nAmg5uIAb90b.png]
[help.leadconnectorhq.com/support/solutions/articles/155000004122-new-discover-button-workflows/hit.gif]
[help.leadconnectorhq.com/support/solutions/articles/155000004122-new-discover-button-workflows.html]
[s3.amazonaws.com/cdn.freshdesk.com/data/helpdesk/attachments/production/155037736641/original/rSRvpKGC3aJWhSTfK9163dJ91T94-kN6dQb530.png]
[s3.amazonaws.com/cdn.freshdesk.com/data/helpdesk/attachments/production/155037736677/original/QoF_h9pWR9esYRh3Iu940B1CB4PPtZ93HA956d.png]
[s3.amazonaws.com/cdn.freshdesk.com/data/helpdesk/attachments/production/155037736717/original/44AB5dukboaRiyt2oXEn6KTnzqjoxicJKwcc60.png]
[s3.amazonaws.com/cdn.freshdesk.com/data/helpdesk/attachments/production/155037736764/original/QnROSypS1wnDp6DKT7WG1QDejTm-X7i2iAedb1.png]
[s3.amazonaws.com/cdn.freshdesk.com/data/helpdesk/attachments/production/155037738878/original/nkLAq44Occ8I3hXgt8Zm6hfDn_i2x5hXZw4c9b.png]
[s3.amazonaws.com/cdn.freshdesk.com/data/helpdesk/attachments/production/155037738571/original/mp7rUi8BRDm0C-Nh-mnkAqd_N-HjSocj1A4f3c.png]
[s3.amazonaws.com/cdn.freshdesk.com/data/helpdesk/attachments/production/155037738514/original/bAlI8GYnifiSE-txEgcsN0Jy1BpiszRCdQbc26.png]
[s3.amazonaws.com/cdn.freshdesk.com/data/helpdesk/attachments/production/155037738469/original/qpq4RxBV4SAhDKOQ6MiEsfATDqh_BTnghg6348.jpg]
[s3.amazonaws.com/cdn.freshdesk.com/data/helpdesk/attachments/production/155037738495/original/2qFY4tN4T9IcNYCHOzabMCRo_k1i3AD66Q8a36.png]
[s3.amazonaws.com/cdn.freshdesk.com/data/helpdesk/attachments/production/155043818660/original/l2h_I4sEcgG37HOd1q8P6CVbkmo7uZAGKA8427.png]
[s3.amazonaws.com/cdn.freshdesk.com/data/helpdesk/attachments/production/155043818693/original/c8N1epW7-bCdigKhX9qWZdBARv5szZtS5ga457.png]
[help.leadconnectorhq.com/support/solutions/articles/155000004864-action-send-email/hit.gif]
[help.leadconnectorhq.com/support/solutions/articles/155000004864-action-send-email.html]
[s3.amazonaws.com/cdn.freshdesk.com/data/helpdesk/attachments/production/155043827816/original/4clU-SQjyagjfKBZqd0lJk38Bytf4ltAKgb2fa.png]
[s3.amazonaws.com/cdn.freshdesk.com/data/helpdesk/attachments/production/155043827819/original/MVC07l-Q1WZFG54vb3t7ofmaHth9D-dXtA7ea9.jpg]
[s3.amazonaws.com/cdn.freshdesk.com/data/helpdesk/attachments/production/155043827818/original/S2CXYKPOEHDd1p6ihDuunjj2E_T4X9KKuQb2fa.png]
[s3.amazonaws.com/cdn.freshdesk.com/data/helpdesk/attachments/production/155043827829/original/jO15ahU521BCRolKroJEfT3OphkfF_JeFA7c85.png]
[s3.amazonaws.com/cdn.freshdesk.com/data/helpdesk/attachments/production/155043827824/original/6wF2B_GvstYV7PFYhWdIkCACfm53vu4qGg7c85.jpg]
[s3.amazonaws.com/cdn.freshdesk.com/data/helpdesk/attachments/production/155043827821/original/gruL2zR_rsEg3UpLvuPWyTxNCvNLNnJ6gA7ea9.jpg]
[help.leadconnectorhq.com/support/solutions/articles/155000004865-custom-code-ai/hit.gif]
[help.leadconnectorhq.com/support/solutions/articles/155000004865-custom-code-ai.html]
[s3.amazonaws.com/cdn.freshdesk.com/data/helpdesk/attachments/production/155043844480/original/ZVGIDFYaj2qMlHd99uW2W8IOca1QFsM7bwe513.jpg]
[s3.amazonaws.com/cdn.freshdesk.com/data/helpdesk/attachments/production/155043844479/original/r_1vlQcwghvXfUmy2BWfDo1xg-tFji11qAed8a.jpg]
[s3.amazonaws.com/cdn.freshdesk.com/data/helpdesk/attachments/production/155043844482/original/valg7v-LbG3FnDDob8pXrkjGhMlLQTPq4Qe513.jpg]
[s3.amazonaws.com/cdn.freshdesk.com/data/helpdesk/attachments/production/155043844478/original/dfk4AN0yUi_-w0IwnuF3UIcLKT7XZiwJWg78d9.jpg]
[s3.amazonaws.com/cdn.freshdesk.com/data/helpdesk/attachments/production/155043844481/original/i3Gfx7zTbHcX-LVmcnsC5fhLbgKN0pe41Ae513.jpg]
[s3.amazonaws.com/cdn.freshdesk.com/data/helpdesk/attachments/production/155043844476/original/kWn3e74Ej9MWpsUY69JfRWKxdonznVTdPQ78d9.jpg]
[help.leadconnectorhq.com/support/solutions/articles/155000004873-highlighting-resolving-errors-in-a-workflow/hit.gif]
[help.leadconnectorhq.com/support/solutions/articles/155000004873-highlighting-resolving-errors-in-a-workflow.html]
[s3.amazonaws.com/cdn.freshdesk.com/data/helpdesk/attachments/production/155037820668/original/zmXrHwJbwULUQZA9hZBXjXPjxppJWs4yyQade8.png]
[s3.amazonaws.com/cdn.freshdesk.com/data/helpdesk/attachments/production/155037824117/original/QM_Pl55gjD6rCq6pN8Ye3FSzJIAnu3jTTw4d6b.jpg]
[s3.amazonaws.com/cdn.freshdesk.com/data/helpdesk/attachments/production/155037822630/original/p_wS1eWLzNd59dwL0BwRYLMwOatWeRPIVg8cc2.png]
[s3.amazonaws.com/cdn.freshdesk.com/data/helpdesk/attachments/production/155037824426/original/PaJtIFejKr5XXzVA3VQ-wA5W9UHxnbjlMQ20ad.jpg]
[s3.amazonaws.com/cdn.freshdesk.com/data/helpdesk/attachments/production/155037822673/original/jSWspVU1tLi3vvkAnQspP6gpEC_qlDpVgAd0ea.png]
[s3.amazonaws.com/cdn.freshdesk.com/data/helpdesk/attachments/production/155037824930/original/-qJg3EmQnuFSmPAFftt0YEwm0yzpFIIQ5gc6a5.png]
[s3.amazonaws.com/cdn.freshdesk.com/data/helpdesk/attachments/production/155037827572/original/-zvZzXwhAKxgmi7_BBVTi1_3ysNyBZXDMw85c3.gif]
[s3.amazonaws.com/cdn.freshdesk.com/data/helpdesk/attachments/production/155037827640/original/VaUbFCVYjWBTTFACXj631OWpkAHYH3ua6g9d00.gif]
[s3.amazonaws.com/cdn.freshdesk.com/data/helpdesk/attachments/production/155037821555/original/HiuA9UH97IHNAsYTMVpwchRL32w6EYbTwgeb0f.png]
[help.leadconnectorhq.com/support/solutions/articles/155000004883-introduction-to-workflows-and-automations/hit.gif]
[help.leadconnectorhq.com/support/solutions/articles/155000004883-introduction-to-workflows-and-automations.html]
[s3.amazonaws.com/cdn.freshdesk.com/data/helpdesk/attachments/production/155047970392/original/V7UJ_rg6G7fKrz-iN0wdh-IGAQ3nm86eNgb913.png]
[s3.amazonaws.com/cdn.freshdesk.com/data/helpdesk/attachments/production/155047970389/original/-OCLo5v5gaLJ6cr_vmY_6sgj7kWCZWOEogb8b8.png]
[s3.amazonaws.com/cdn.freshdesk.com/data/helpdesk/attachments/production/155047970401/original/E5EL8TgGvfbt0fogIkfr9iOApY_sG3cFWg4f78.jpg]
[s3.amazonaws.com/cdn.freshdesk.com/data/helpdesk/attachments/production/155047970395/original/ixCfxqtobY7Vr_ybYvZVgPtCVHgo9D3IOA3379.jpg]
[s3.amazonaws.com/cdn.freshdesk.com/data/helpdesk/attachments/production/155047970393/original/Ci9hof1sAKdotXr68jGZlGkCFB0yUQYCQgb913.jpg]
[s3.amazonaws.com/cdn.freshdesk.com/data/helpdesk/attachments/production/155047970394/original/yzFhwTwWAoj3ovdZwh3K7ALcWUsnkVU4XQb913.jpg]
[s3.amazonaws.com/cdn.freshdesk.com/data/helpdesk/attachments/production/155047970583/original/pP2i1rCrafsyRFevFpPVcA6vfpwyDsrF6Abff5.png]
[s3.amazonaws.com/cdn.freshdesk.com/data/helpdesk/attachments/production/155047970398/original/jlfKulny2aBU7LHFLFMIgFPQqa9dQs4cdQ3379.jpg]
[s3.amazonaws.com/cdn.freshdesk.com/data/helpdesk/attachments/production/155047970402/original/UNTZJQxW56z11_8hbvj0Tttwpx0jOZy1kQ4f78.jpg]
[s3.amazonaws.com/cdn.freshdesk.com/data/helpdesk/attachments/production/155047970408/original/PJ1Np66afHVXIvj27G6boN7Xxjz8gMaryg4f78.jpg]
[s3.amazonaws.com/cdn.freshdesk.com/data/helpdesk/attachments/production/155047970396/original/FxvKYb0Z0FYNTMdLvh0e2dgo2Dw08tf4mg3379.jpg]
[s3.amazonaws.com/cdn.freshdesk.com/data/helpdesk/attachments/production/155047970397/original/ZdfkxC4sw6ENH0yIhKQtuj1xAXYldGUZRQ3379.png]
[s3.amazonaws.com/cdn.freshdesk.com/data/helpdesk/attachments/production/155047970400/original/5v5RRk2ODJbyJA2fdSSYRFk6cnKZoFoKmg4f78.png]
[s3.amazonaws.com/cdn.freshdesk.com/data/helpdesk/attachments/production/155047970399/original/mGGbUKMJC0U-sn4aKXe6X7o4Toi6iopJRA4f78.jpg]
[s3.amazonaws.com/cdn.freshdesk.com/data/helpdesk/attachments/production/155047970409/original/WTiJMNReq__3Fa8RAQuIhE2msY_sV_6ibwcb01.jpg]
[s3.amazonaws.com/cdn.freshdesk.com/data/helpdesk/attachments/production/155047970404/original/GDGI7NkhgeQQegn0WGpcjSMP_v-enKsAHw4f78.jpg]
[s3.amazonaws.com/cdn.freshdesk.com/data/helpdesk/attachments/production/155047970403/original/GC3VB_mu9-fvx6xCVXaueobz9TmBoMxsNA4f78.jpg]
[s3.amazonaws.com/cdn.freshdesk.com/data/helpdesk/attachments/production/155047970405/original/UEgUp-S3s98ZJ9z4H0Sjbof-gRcKI4WmLw4f78.jpg]
[s3.amazonaws.com/cdn.freshdesk.com/data/helpdesk/attachments/production/155047970391/original/zYeqxBZXi4cepI7Db3UzqCiGu8C9wU9pgwb8b8.jpg]
[s3.amazonaws.com/cdn.freshdesk.com/data/helpdesk/attachments/production/155047970560/original/koTrF0hmVzeD8qYQirGyBNXucPLXO0kZ4Q7f93.jpg]
[help.leadconnectorhq.com/support/solutions/articles/155000005483-how-to-setup-google-ad-conversion-action/hit.gif]
[help.leadconnectorhq.com/support/solutions/articles/155000005483-how-to-setup-google-ad-conversion-action.html]
[s3.amazonaws.com/cdn.freshdesk.com/data/helpdesk/attachments/production/155055323343/original/ax9fOQv54xWP3-d6xfAkPdtrk3U0m4cICA4232.png]
[s3.amazonaws.com/cdn.freshdesk.com/data/helpdesk/attachments/production/155055323302/original/b2WKgCzFdxO7advNUh3c79jk2ibGVSPT3w1af6.png]
[s3.amazonaws.com/cdn.freshdesk.com/data/helpdesk/attachments/production/155055323932/original/uJjeoYxQqm7oxf0OKT3u8c6BbwoBF4PRjA883c.png]
[help.leadconnectorhq.com/support/solutions/articles/155000006543-typeform-actions-triggers-in-workflows/hit.gif]
[help.leadconnectorhq.com/support/solutions/articles/155000006543-typeform-actions-triggers-in-workflows.html]
[s3.amazonaws.com/cdn.freshdesk.com/data/helpdesk/attachments/production/155055319221/original/M2TlFONy6bd2iXep6WjtRR-e1MxEsS_w5g26df.png]
[s3.amazonaws.com/cdn.freshdesk.com/data/helpdesk/attachments/production/155055318995/original/7p6XlTLzcR5JbVYdH70jqs7QjIa9Hd4urQac82.png]
[s3.amazonaws.com/cdn.freshdesk.com/data/helpdesk/attachments/production/155055318521/original/-5BimFTie_FjCehoncRx-mU_tB9w3bxImw7f08.png]
[help.leadconnectorhq.com/support/solutions/articles/155000006544-basecamp-actions-triggers-in-workflows/hit.gif]
[help.leadconnectorhq.com/support/solutions/articles/155000006544-basecamp-actions-triggers-in-workflows.html]
[s3.amazonaws.com/cdn.freshdesk.com/data/helpdesk/attachments/production/155055317531/original/f9laclC-OASMZbAlQCXgSXcxy48UfAQAow7c98.png]
[s3.amazonaws.com/cdn.freshdesk.com/data/helpdesk/attachments/production/155055317365/original/dYl8ra4AyBxoqa3zYpKYpTtljvQ90BMc0w26e1.png]
[s3.amazonaws.com/cdn.freshdesk.com/data/helpdesk/attachments/production/155055317729/original/z3OF1odelFJQ9d--n5PmUy7t3CAWbN9n0w9386.png]
[s3.amazonaws.com/cdn.freshdesk.com/data/helpdesk/attachments/production/155055317839/original/wuOTn4Ze4_jwn2w-9o1bBIQMb6gv22vaYga270.png]
[help.leadconnectorhq.com/support/solutions/articles/155000006545-asana-actions-triggers-in-workflows/hit.gif]
[help.leadconnectorhq.com/support/solutions/articles/155000006545-asana-actions-triggers-in-workflows.html]
[s3.amazonaws.com/cdn.freshdesk.com/data/helpdesk/attachments/production/155050791794/original/y_177zbdKV1fLYzkZi7ccEYnfq-NwcJhEA7971.png]
[s3.amazonaws.com/cdn.freshdesk.com/data/helpdesk/attachments/production/155050792392/original/l1odR_4jNjfQJfjGP1KgOOaz1TX3YjWc7w1b03.png]
[s3.amazonaws.com/cdn.freshdesk.com/data/helpdesk/attachments/production/155050792533/original/lbb35nWl1pI8V3oh60PFqgAMm_AU4o_7Xw603d.png]
[s3.amazonaws.com/cdn.freshdesk.com/data/helpdesk/attachments/production/155050793042/original/KypZFs5mTPaa5274d712bhC4KdyEZOdWSQbe3b.png]
[help.leadconnectorhq.com/support/solutions/articles/155000006546-google-contacts-actions-triggers-in-workflows/hit.gif]
[help.leadconnectorhq.com/support/solutions/articles/155000006546-google-contacts-actions-triggers-in-workflows.html]
[s3.amazonaws.com/cdn.freshdesk.com/data/helpdesk/attachments/production/155050793646/original/ESjlqD-tOXkp8e52BwYogRao7GcA1l5DBQ7841.png]
[s3.amazonaws.com/cdn.freshdesk.com/data/helpdesk/attachments/production/155050793594/original/THKmE-hrxiDflYuACRcvQhgGsHYyD81p4w7cb6.png]
[s3.amazonaws.com/cdn.freshdesk.com/data/helpdesk/attachments/production/155050793681/original/exMQB5rrG9UO5KoNDNEeQQJOcQnzbMCe4A8a6f.png]
[s3.amazonaws.com/cdn.freshdesk.com/data/helpdesk/attachments/production/155050793722/original/pcgqbIB1mwtgJbJ-mymiJQEtWd_yIuaEYw9a13.png]
[help.leadconnectorhq.com/support/solutions/articles/155000006547-notion-actions-triggers-in-workflows/hit.gif]
[help.leadconnectorhq.com/support/solutions/articles/155000006547-notion-actions-triggers-in-workflows.html]
[s3.amazonaws.com/cdn.freshdesk.com/data/helpdesk/attachments/production/155055370816/original/CUpKVvHYSTOxqKl5f5G0mslely4Fe9g0ag8d24.jpg]
[s3.amazonaws.com/cdn.freshdesk.com/data/helpdesk/attachments/production/155055370813/original/fbEZvgAoO9Yg0avXkyqbT-FTU78KAjjFGw4e48.png]
[s3.amazonaws.com/cdn.freshdesk.com/data/helpdesk/attachments/production/155055370815/original/Y9Od4z3iB3KNq8rg8_a_061ZwvffKWpkVA8d24.jpg]
[s3.amazonaws.com/cdn.freshdesk.com/data/helpdesk/attachments/production/155055370814/original/eQphjttEVfk82GOCDdGh6iEU5RyhTmWzWg8d24.png]
[help.leadconnectorhq.com/support/solutions/articles/155000006548-airtable-actions-triggers-in-workflows/hit.gif]
[help.leadconnectorhq.com/support/solutions/articles/155000006548-airtable-actions-triggers-in-workflows.html]
[s3.amazonaws.com/cdn.freshdesk.com/data/helpdesk/attachments/production/155052404641/original/RxHaXqc5GZAq4PcmK8TzGtIvseTO5yGOZgf956.png]
[s3.amazonaws.com/cdn.freshdesk.com/data/helpdesk/attachments/production/155052404695/original/LJqkHu9bhaCDS63dH41VE7BIDW2rcB7_ZQ5868.jpg]
[s3.amazonaws.com/cdn.freshdesk.com/data/helpdesk/attachments/production/155052402986/original/E4p7Hl7VD6cOsKB7GsViphdXRj0ObqsxgA343b.png]
[s3.amazonaws.com/cdn.freshdesk.com/data/helpdesk/attachments/production/155052403321/original/COVIdrRjx24oDSB-8bSkbeJ1V0M23NxuDgd96b.png]
[s3.amazonaws.com/cdn.freshdesk.com/data/helpdesk/attachments/production/155052404119/original/t81EClMvtzIA_B51zQXyXM0U5qjPXnjdqAf868.png]
[help.leadconnectorhq.com/support/solutions/articles/155000006549-clickup-actions-triggers-in-workflows/hit.gif]
[help.leadconnectorhq.com/support/solutions/articles/155000006549-clickup-actions-triggers-in-workflows.html]
[help.leadconnectorhq.com/support/solutions/articles/155000000199.html]
[s3.amazonaws.com/cdn.freshdesk.com/data/helpdesk/attachments/production/155056954910/original/ExA6xUTEZTcK0JLbf1jsuHXFp7yL2rBvPga56f.png]
[s3.amazonaws.com/cdn.freshdesk.com/data/helpdesk/attachments/production/155056954924/original/iFgpTL5EKEjFsCvGfpReEPw1rPfH3D3g5ga622.png]
[help.leadconnectorhq.com/support/solutions/articles/155000006790-workflow-setting-stop-on-response-call-action-disable-voicemail-detect/hit.gif]
[help.leadconnectorhq.com/support/solutions/articles/155000006790-workflow-setting-stop-on-response-call-action-disable-voicemail-detect.html]
[s3.amazonaws.com/cdn.freshdesk.com/data/helpdesk/attachments/production/155057287484/original/S6qzvG1P3orkHi3yyeB5keO3WZtYJPTJew9f3b.png]
[s3.amazonaws.com/cdn.freshdesk.com/data/helpdesk/attachments/production/155057287678/original/NJz8gMo9eaeasNS6Flqqrk8AYuYojydFIw7d54.png]
[s3.amazonaws.com/cdn.freshdesk.com/data/helpdesk/attachments/production/155057287753/original/27BSz2FZ8gB1kXOyi1ACqfdvIX2mWbAd2Qe58b.png]
[s3.amazonaws.com/cdn.freshdesk.com/data/helpdesk/attachments/production/155057287888/original/rIiBwlYAkGxoIUoHPszxEVEAg1EMGZmC7A01c0.png]
[help.leadconnectorhq.com/support/solutions/articles/155000006844-text-element-in-email-builder/hit.gif]
[help.leadconnectorhq.com/support/solutions/articles/155000006844-text-element-in-email-builder.html]
[help.leadconnectorhq.com/support/solutions/articles/155000006850-how-to-add-products-in-email-templates/hit.gif]
[help.leadconnectorhq.com/support/solutions/articles/155000006850-how-to-add-products-in-email-templates.html]
[s3.amazonaws.com/cdn.freshdesk.com/data/helpdesk/attachments/production/155057345458/original/iTLWdhODjIR4mjksvAXN3QjEcPr6BFG1XAb5b8.jpg]
[s3.amazonaws.com/cdn.freshdesk.com/data/helpdesk/attachments/production/155057345448/original/EDz5ejBQUlm7x277KWpg3c7JbV_snaYNCA7266.jpg]
[s3.amazonaws.com/cdn.freshdesk.com/data/helpdesk/attachments/production/155057345451/original/BGLL1cGZjY_12T-V-2j0tAzWY-00gdQ_Dw7266.png]
[s3.amazonaws.com/cdn.freshdesk.com/data/helpdesk/attachments/production/155057345450/original/EbgDdZpQpRROOtblbGw-Wl3Q8Hi_27wEOA7266.png]
[s3.amazonaws.com/cdn.freshdesk.com/data/helpdesk/attachments/production/155057345449/original/Yq-UKCVG-bQdFdDzA3r7LJFRUDluZgPXag7266.jpg]
[s3.amazonaws.com/cdn.freshdesk.com/data/helpdesk/attachments/production/155057345457/original/GvCGnhYSV0dCWQIKjp11s_OOvRjlE-4noAb5b8.jpg]
[s3.amazonaws.com/cdn.freshdesk.com/data/helpdesk/attachments/production/155057345455/original/0rZvQhhr0xdy3fkP4bjWiRMX96e9Pjhh5Q6d76.jpg]
[s3.amazonaws.com/cdn.freshdesk.com/data/helpdesk/attachments/production/155057345454/original/3qmKTnb0aG9-mAmZp8AsolucKiBlyDYTuQ6d76.jpg]
[help.leadconnectorhq.com/support/solutions/articles/155000006848-how-to-use-template-library-to-create-branded-review-request-emails/hit.gif]
[help.leadconnectorhq.com/support/solutions/articles/155000006848-how-to-use-template-library-to-create-branded-review-request-emails.html]
[help.leadconnectorhq.com/support/solutions/articles/155000006856-layout-margins-and-text-spacing-controls/hit.gif]
[help.leadconnectorhq.com/support/solutions/articles/155000006856-layout-margins-and-text-spacing-controls.html]
[s3.amazonaws.com/cdn.freshdesk.com/data/helpdesk/attachments/production/155057345765/original/EuTJ59O9oc_j2ZJwhspJ3GgXnzbdC0oQfg072f.jpg]
[s3.amazonaws.com/cdn.freshdesk.com/data/helpdesk/attachments/production/155057345763/original/wBmszu6CTKpefLKeZ0Jmtq5Q9M9_7X9qgA072f.jpg]
[s3.amazonaws.com/cdn.freshdesk.com/data/helpdesk/attachments/production/155057345761/original/CDhjqJJm2VDMCZ79r1qZWpNUVGtNdTUdrw6a50.jpg]
[help.leadconnectorhq.com/support/solutions/articles/155000006854-spacer-element-in-email-builder/hit.gif]
[help.leadconnectorhq.com/support/solutions/articles/155000006854-spacer-element-in-email-builder.html]
[s3.amazonaws.com/cdn.freshdesk.com/data/helpdesk/attachments/production/155057346549/original/qFE1fSEqh135cObtyPKMDc6BfDjylX6Y-wa3df.png]
[s3.amazonaws.com/cdn.freshdesk.com/data/helpdesk/attachments/production/155057346551/original/alWp-6uFrkr5JmNWCo4Yy-fJ_SpsJN0-_Aa3df.png]
[s3.amazonaws.com/cdn.freshdesk.com/data/helpdesk/attachments/production/155057346546/original/f7mUSU9_tYr8XhUW015F61bafqUiRFfifA132c.png]
[s3.amazonaws.com/cdn.freshdesk.com/data/helpdesk/attachments/production/155057346547/original/XH0ZWobLoDLxKeGlJlKIRTwX_TFem53TAw132c.png]
[s3.amazonaws.com/cdn.freshdesk.com/data/helpdesk/attachments/production/155057346548/original/a7JWrFfWTkbHnqLcMiHoFlZ2QyKy71r3Zg132c.png]
[s3.amazonaws.com/cdn.freshdesk.com/data/helpdesk/attachments/production/155057346550/original/YcJSBQvIJBYNKGdiRYSWMENtwC896eObbga3df.png]
[help.leadconnectorhq.com/support/solutions/articles/155000006862-how-to-save-items-in-email-builder-for-quick-access-/hit.gif]
[help.leadconnectorhq.com/support/solutions/articles/155000006862-how-to-save-items-in-email-builder-for-quick-access-.html]
[s3.amazonaws.com/cdn.freshdesk.com/data/helpdesk/attachments/production/155057346477/original/FKenHB_QEhHwJDlY0AKMhbPi1DVmOhCtwA1207.jpg]
[s3.amazonaws.com/cdn.freshdesk.com/data/helpdesk/attachments/production/155057346473/original/EPx6WT3Y6y265A87vBQF00yE-SxMPO_mxg01aa.png]
[s3.amazonaws.com/cdn.freshdesk.com/data/helpdesk/attachments/production/155057346476/original/tWZN0iNcqfQYeHln_O5kugsrL0-FbGYMMA01aa.png]
[s3.amazonaws.com/cdn.freshdesk.com/data/helpdesk/attachments/production/155057346478/original/jdGQce1738FMdThb5laTlajI_gnxJlTUDg1207.jpg]
[s3.amazonaws.com/cdn.freshdesk.com/data/helpdesk/attachments/production/155057346475/original/5GVsU7xupKzEhMS4NI2s6uUgpJNAMMVKqw01aa.png]
[s3.amazonaws.com/cdn.freshdesk.com/data/helpdesk/attachments/production/155057346474/original/_4_XvOB2-QaPKAGpaimgjdm4jyN2bDROdw01aa.png]
[help.leadconnectorhq.com/support/solutions/articles/155000006861-how-to-set-up-a-b-testing-for-your-email-campaigns/hit.gif]
[help.leadconnectorhq.com/support/solutions/articles/155000006861-how-to-set-up-a-b-testing-for-your-email-campaigns.html]
[s3.amazonaws.com/cdn.freshdesk.com/data/helpdesk/attachments/production/155057346315/original/HXZpm0JzxChd4xb3dBx4Zz022Gs50L0FhA6bd0.jpg]
[s3.amazonaws.com/cdn.freshdesk.com/data/helpdesk/attachments/production/155057346319/original/fsKEX4iUWuHVpmbJAOXCNMbAL8hDw0dznwff0b.jpg]
[s3.amazonaws.com/cdn.freshdesk.com/data/helpdesk/attachments/production/155057346316/original/MH3Kp35WykUg2ItKuDKxp8XuOgN9AUMAyw6bd0.jpg]
[s3.amazonaws.com/cdn.freshdesk.com/data/helpdesk/attachments/production/155057346318/original/fN81UBN1bVz0Z1E3x2ShKyl9dYXP3KQZOAff0b.jpg]
[s3.amazonaws.com/cdn.freshdesk.com/data/helpdesk/attachments/production/155057346314/original/7hsx0Wf5gpg6rgfbfjaXbBweIk4trWrDLw6bd0.jpg]
[s3.amazonaws.com/cdn.freshdesk.com/data/helpdesk/attachments/production/155057346317/original/hYgABkKbiXblYSWOqjgNGvMOpTGLj-fv3g6bd0.jpg]
[help.leadconnectorhq.com/support/solutions/articles/155000006860-how-to-preview-custom-field-in-email-builder-/hit.gif]
[help.leadconnectorhq.com/support/solutions/articles/155000006860-how-to-preview-custom-field-in-email-builder-.html]
[s3.amazonaws.com/cdn.freshdesk.com/data/helpdesk/attachments/production/155057346260/original/kq4K_W1JqXMDnVeF2qyZh7YEFpM0vg9JsQe4f6.jpg]
[s3.amazonaws.com/cdn.freshdesk.com/data/helpdesk/attachments/production/155057346265/original/a4kdGU-2HF8kqx_0QN9jKmM5-n-P0uTExQce88.jpg]
[s3.amazonaws.com/cdn.freshdesk.com/data/helpdesk/attachments/production/155057346263/original/sPiHJQ-xwsK6uaCI62D1DOS0z_q1rc8tiwce88.jpg]
[s3.amazonaws.com/cdn.freshdesk.com/data/helpdesk/attachments/production/155057346266/original/ZiP6YltkKaduODfZCwAaoT8xCxRyq1uE5Ace88.png]
[s3.amazonaws.com/cdn.freshdesk.com/data/helpdesk/attachments/production/155057346268/original/mJukAVdVhh-qkzAGwCi6e1kuF_SDP3Ivbgce88.jpg]
[s3.amazonaws.com/cdn.freshdesk.com/data/helpdesk/attachments/production/155057346271/original/3ko_FwiAipqmluoBEb9ODislEG2-V19yrQ4fbe.jpg]
[s3.amazonaws.com/cdn.freshdesk.com/data/helpdesk/attachments/production/155057346269/original/qgSkjQu67K1jNCgP1qIPbDmPv7YdlfQLUgce88.jpg]
[s3.amazonaws.com/cdn.freshdesk.com/data/helpdesk/attachments/production/155057346262/original/1nohTaRHRnXBsNI_Hdp5YDYDDCnpFRTbewe4f6.jpg]
[s3.amazonaws.com/cdn.freshdesk.com/data/helpdesk/attachments/production/155057346264/original/ilkMvQSH_8DAP99kSfnA8pL3X9FRS-1eOgce88.jpg]
[s3.amazonaws.com/cdn.freshdesk.com/data/helpdesk/attachments/production/155057346267/original/teXMDL2uzZnq82oE4aRwxz4I7znhUWpfFQce88.jpg]
[s3.amazonaws.com/cdn.freshdesk.com/data/helpdesk/attachments/production/155057346272/original/i8IC6lZ1OYwtCClN2CflV3U_PranNcci_A4fbe.jpg]
[help.leadconnectorhq.com/support/solutions/articles/155000006859-how-to-add-gifs-to-your-email-/hit.gif]
[help.leadconnectorhq.com/support/solutions/articles/155000006859-how-to-add-gifs-to-your-email-.html]
[s3.amazonaws.com/cdn.freshdesk.com/data/helpdesk/attachments/production/155057346230/original/PJeXYxOENImoZdLEIUYgmsQfGnUpXpevmQ7ac0.png]
[s3.amazonaws.com/cdn.freshdesk.com/data/helpdesk/attachments/production/155057346226/original/ZAUOwVBiU8XyxlJ58IfwR73vfv7NjWDTEA8367.png]
[help.leadconnectorhq.com/support/solutions/articles/155000006858-how-to-personalise-your-campaigns-with-conditional-elements/hit.gif]
[help.leadconnectorhq.com/support/solutions/articles/155000006858-how-to-personalise-your-campaigns-with-conditional-elements.html]
[help.leadconnectorhq.com/support/solutions/articles/155000006857-border-customization-color-radius-and-thickness.html]
[help.leadconnectorhq.com/support/solutions/articles/155000006855-how-to-use-the-email-builder-and-its-in-line-editor.html]
[help.leadconnectorhq.com/support/solutions/articles/155000006853-visibility-section-for-layouts-in-email-builder.html]
[help.leadconnectorhq.com/support/solutions/articles/155000006852-rearrange-elements-and-layouts-with-arrow-controls-in-email-builder.html]
[help.leadconnectorhq.com/support/solutions/articles/155000006851-using-the-inline-forms-surveys-element-in-email-campaign.html]
[help.leadconnectorhq.com/support/solutions/articles/155000006849-how-to-edit-your-email-format-for-mobile-under-appearance-tab.html]
[help.leadconnectorhq.com/support/solutions/articles/155000006847-a-b-testing-in-email-campaigns.html]
[help.leadconnectorhq.com/support/solutions/articles/155000006846-different-elements-in-email-builder.html]
[help.leadconnectorhq.com/support/solutions/folders/155000001401/page/2.html]
[help.leadconnectorhq.com/support/solutions/folders/155000001401/page/1.html]
[help.leadconnectorhq.com/support/solutions/articles/155000006842-button-element-in-email-builder.html]
[help.leadconnectorhq.com/support/solutions/articles/155000006841-logo-element-in-email-builder.html]
[help.leadconnectorhq.com/support/solutions/articles/155000006840-footer-element-in-email-builder.html]
[help.leadconnectorhq.com/support/solutions/articles/155000006839-code-element-in-email-builder.html]
[help.leadconnectorhq.com/support/solutions/articles/155000006837-faq-element-in-email-builder.html]
[help.leadconnectorhq.com/support/solutions/articles/155000006836-social-element-in-email-builder.html]
[help.leadconnectorhq.com/support/solutions/folders/155000001401/page/3.html]
[help.leadconnectorhq.com/support/solutions/articles/155000006835-shopping-cart-element-in-email-builder.html]
[s3.amazonaws.com/cdn.freshdesk.com/data/helpdesk/attachments/production/155053098181/original/fANPiZ5DBj-vdyFAmYDRpQf1T4TkUj2c0Qc406.png]
[s3.amazonaws.com/cdn.freshdesk.com/data/helpdesk/attachments/production/155053098179/original/bdxTsIBjWZROTUYm8XhjgOEXSI1ApdeZnw9e49.png]
[s3.amazonaws.com/cdn.freshdesk.com/data/helpdesk/attachments/production/155053098178/original/NKZXoQRsahH-VB0ir5tNL3WHHb58qgUzCw9e49.png]
[s3.amazonaws.com/cdn.freshdesk.com/data/helpdesk/attachments/production/155053098180/original/WygWOj5QVToV8bVb5ta7N_MTzHBz7PfHUgc406.png]
[help.leadconnectorhq.com/support/solutions/articles/155000006243-how-to-use-the-sync-edit-checkbox-for-email-actions-in-workflows-continuous-sync-/hit.gif]
[help.leadconnectorhq.com/support/solutions/articles/155000006243-how-to-use-the-sync-edit-checkbox-for-email-actions-in-workflows-continuous-sync-.html]
[s3.amazonaws.com/cdn.freshdesk.com/data/helpdesk/attachments/production/155057346917/original/yClT_skfbWTHa4INYeJLpt-Kj2YK_qJEtQ339c.jpg]
[s3.amazonaws.com/cdn.freshdesk.com/data/helpdesk/attachments/production/155057346919/original/lbzl-l3JPBxnBsJm9T8ZwCW4Whs6JwcDQAe5fa.jpg]
[s3.amazonaws.com/cdn.freshdesk.com/data/helpdesk/attachments/production/155057346921/original/JV9khxZydETwHmM1xjLoLrZRpmPLfm5dGge5fa.jpg]
[s3.amazonaws.com/cdn.freshdesk.com/data/helpdesk/attachments/production/155057346918/original/jHXdb9qBE169zgKCFLEp4sH4VO5pdcUEcAe5fa.jpg]
[s3.amazonaws.com/cdn.freshdesk.com/data/helpdesk/attachments/production/155057346914/original/vQdAzog0BEl5luNOzxm-qdkyEEjEh6xApw8f8b.jpg]
[help.leadconnectorhq.com/support/solutions/articles/155000006868-email-actions-ui-for-workflows/hit.gif]
[help.leadconnectorhq.com/support/solutions/articles/155000006868-email-actions-ui-for-workflows.html]
[s3.amazonaws.com/cdn.freshdesk.com/data/helpdesk/attachments/production/155057346903/original/sIkB1qJRuRTm02K1wzw_zGfBBNL4CHI--A2a4c.jpg]
[s3.amazonaws.com/cdn.freshdesk.com/data/helpdesk/attachments/production/155057346904/original/z7t97CsegFOSZSCJJN6TjBeqaEKGyZlUEwa5ae.jpg]
[s3.amazonaws.com/cdn.freshdesk.com/data/helpdesk/attachments/production/155057346905/original/TI1R52yXjaZ0kdGpH3qfPB8LnXkKdJgKIAa5ae.jpg]
[s3.amazonaws.com/cdn.freshdesk.com/data/helpdesk/attachments/production/155057346902/original/kuMg0ze5UqSqhAe1uQkFDPEk6sLbUSj72wa5ae.jpg]
[help.leadconnectorhq.com/support/solutions/articles/155000006867-how-to-analyze-workflow-campaigns-/hit.gif]
[help.leadconnectorhq.com/support/solutions/articles/155000006867-how-to-analyze-workflow-campaigns-.html]
[s3.amazonaws.com/cdn.freshdesk.com/data/helpdesk/attachments/production/155057346772/original/ridLidkrt-FO8ZZxK4SdNfwvOoGTo12w3g2859.jpg]
[s3.amazonaws.com/cdn.freshdesk.com/data/helpdesk/attachments/production/155057346770/original/mX7as3D7eFIEl-gie6EjxEDNQVwOj9DudA2859.jpg]
[s3.amazonaws.com/cdn.freshdesk.com/data/helpdesk/attachments/production/155057346767/original/Jv2UMFaiiSJuO4ysV2KKVDkw1Y-nG8cIjw5802.png]
[s3.amazonaws.com/cdn.freshdesk.com/data/helpdesk/attachments/production/155057346769/original/hD-oVxDHOF8cT5pwaV1RURzJnDEA45wYFA2859.png]
[s3.amazonaws.com/cdn.freshdesk.com/data/helpdesk/attachments/production/155057346766/original/SglQWlNgL-uE92F2byOs_9TV8LH2vdsVNQ5802.png]
[s3.amazonaws.com/cdn.freshdesk.com/data/helpdesk/attachments/production/155057346768/original/r3gJT5T97ULM9WnKtchPKJ_31S5WhHP5ZA2859.jpg]
[help.leadconnectorhq.com/support/solutions/articles/155000006866-new-ui-for-email-creation-via-bulk-action-in-contacts/hit.gif]
[help.leadconnectorhq.com/support/solutions/articles/155000006866-new-ui-for-email-creation-via-bulk-action-in-contacts.html]
[s3.amazonaws.com/cdn.freshdesk.com/data/helpdesk/attachments/production/155057346672/original/WZlDJPTw8IluYwpPTmu5O4Z2NTAlfl4pfA846a.jpg]
[s3.amazonaws.com/cdn.freshdesk.com/data/helpdesk/attachments/production/155057346671/original/N-XkGBztcpeCN8Mwak_ZRUUlihm2sHTN9w846a.jpg]
[s3.amazonaws.com/cdn.freshdesk.com/data/helpdesk/attachments/production/155057346673/original/3PSWBDS2YjWdlJT3dlSCeZAkbPTLJSvz3A846a.jpg]
[help.leadconnectorhq.com/support/solutions/articles/155000006863-snapshot-workflow-email-action-enhanced-flow/hit.gif]
[help.leadconnectorhq.com/support/solutions/articles/155000006863-snapshot-workflow-email-action-enhanced-flow.html]
[s3.amazonaws.com/cdn.freshdesk.com/data/helpdesk/attachments/production/155057347163/original/fPOEKO5c1JnrWN89aVfY61cyrGYeQ4aNNwb87d.jpg]
[s3.amazonaws.com/cdn.freshdesk.com/data/helpdesk/attachments/production/155057347162/original/mR4qgA4SLSH5RfFACU47Lg8bvV8mqMzVJg0c65.png]
[help.leadconnectorhq.com/support/solutions/articles/155000006870-resend-to-unopened-for-rss-and-batch-scheduled-emails/hit.gif]
[help.leadconnectorhq.com/support/solutions/articles/155000006870-resend-to-unopened-for-rss-and-batch-scheduled-emails.html]
[s3.amazonaws.com/cdn.freshdesk.com/data/helpdesk/attachments/production/155057347147/original/lGK6aiX9Wkq2TxBPs0b3Tbk3hp3byP_a0Q4bc7.jpg]
[s3.amazonaws.com/cdn.freshdesk.com/data/helpdesk/attachments/production/155057347146/original/Jfr0tTW3Wd9YiIqJ76T-M-yHkQEJ_thCFw4bc7.png]
[s3.amazonaws.com/cdn.freshdesk.com/data/helpdesk/attachments/production/155057347143/original/h5rFZJNjL1OEfE5kegNyK0wJaW1UUS19wwd25c.png]
[s3.amazonaws.com/cdn.freshdesk.com/data/helpdesk/attachments/production/155057347148/original/OGH5ARbD1V2Vdp19ouZ_8K9cKkbobyif0w4bc7.jpg]
[s3.amazonaws.com/cdn.freshdesk.com/data/helpdesk/attachments/production/155057347145/original/u2uHYUTYpP8Qk8mjk0FgjSKBjAr5CjZn-g4bc7.png]
[s3.amazonaws.com/cdn.freshdesk.com/data/helpdesk/attachments/production/155057347144/original/sNC3po584BCrPUaFa3fZMqMjzt8XoJ60IA4bc7.png]
[s3.amazonaws.com/cdn.freshdesk.com/data/helpdesk/attachments/production/155057347150/original/1HAdVx_LLHi6aURUdUrjVl1hT2pqxbVcOg7609.png]
[help.leadconnectorhq.com/support/solutions/articles/155000006869-a-basic-guide-of-rss-campaign/hit.gif]
[help.leadconnectorhq.com/support/solutions/articles/155000006869-a-basic-guide-of-rss-campaign.html]
[s3.amazonaws.com/cdn.freshdesk.com/data/helpdesk/attachments/production/155048795475/original/4bUfw8dOEtJ9s2k0VDJLiUrxITJpJdZJ1A1297.gif]
[s3.amazonaws.com/cdn.freshdesk.com/data/helpdesk/attachments/production/155048796255/original/_RaNDWhrLHBHrmyrCIZ1OhBqT1Va33ehjQ723e.gif]
[s3.amazonaws.com/cdn.freshdesk.com/data/helpdesk/attachments/production/155048796856/original/DJB6IOtv1q3wdYmZy4wCMeODo1kEWv36AQ913d.gif]
[help.leadconnectorhq.com/support/solutions/articles/155000006895-using-add-tags-in-the-send-or-schedule-page-email-campaigns/hit.gif]
[help.leadconnectorhq.com/support/solutions/articles/155000006895-using-add-tags-in-the-send-or-schedule-page-email-campaigns.html]
[s3.amazonaws.com/cdn.freshdesk.com/data/helpdesk/attachments/production/155057347568/original/XYzp3CMP4e3wGW7ryVBLGA3jhQMVnkLNCwdca3.jpg]
[s3.amazonaws.com/cdn.freshdesk.com/data/helpdesk/attachments/production/155057347567/original/DltjY2cO428YA_ipgfyv-Sf78siVCQ7U4Ace34.jpg]
[s3.amazonaws.com/cdn.freshdesk.com/data/helpdesk/attachments/production/155057347570/original/fPB89TRnulwq-yViwbcF1_1vQdxity_d9wdca3.jpg]
[s3.amazonaws.com/cdn.freshdesk.com/data/helpdesk/attachments/production/155057347566/original/RsiaYySdFl8DLglA4FX1_560tfRIg8hYOgce34.jpg]
[s3.amazonaws.com/cdn.freshdesk.com/data/helpdesk/attachments/production/155057347571/original/niJPdYL5u1QFAvtWnLuH_2wgU2Re460_WAdca3.jpg]
[s3.amazonaws.com/cdn.freshdesk.com/data/helpdesk/attachments/production/155057347569/original/_H8TX163ZQ4XMeWE7mMltMoWtvHS3uX6jwdca3.jpg]
[s3.amazonaws.com/cdn.freshdesk.com/data/helpdesk/attachments/production/155057347565/original/LRwQu3GGYatdHpJQ_v6DwHydtYo10MvrmAce34.jpg]
[help.leadconnectorhq.com/support/solutions/articles/155000006873-smart-send-email-marketing-campaigns/hit.gif]
[help.leadconnectorhq.com/support/solutions/articles/155000006873-smart-send-email-marketing-campaigns.html]
[help.leadconnectorhq.com/support/solutions/articles/155000006898-email-builder-import-templates-from-any-platform-into-code-editor/hit.gif]
[help.leadconnectorhq.com/support/solutions/articles/155000006898-email-builder-import-templates-from-any-platform-into-code-editor.html]
[help.leadconnectorhq.com/support/solutions/articles/155000006894-email-builder-create-new-tags-in-the-send-or-schedule-page/hit.gif]
[help.leadconnectorhq.com/support/solutions/articles/155000006894-email-builder-create-new-tags-in-the-send-or-schedule-page.html]
[s3.amazonaws.com/cdn.freshdesk.com/data/helpdesk/attachments/production/155057347808/original/yQE7Gn92funG2zh_ljL_cU8GUwJp8danUQb277.jpg]
[help.leadconnectorhq.com/support/solutions/articles/155000006879-how-to-pause-or-cancel-a-scheduled-email-campaign/hit.gif]
[help.leadconnectorhq.com/support/solutions/articles/155000006879-how-to-pause-or-cancel-a-scheduled-email-campaign.html]
[s3.amazonaws.com/cdn.freshdesk.com/data/helpdesk/attachments/production/155057355435/original/oPiXuHWWOd0xOHnMYlvT68seyQBXAnDXDg73ae.png]
[s3.amazonaws.com/cdn.freshdesk.com/data/helpdesk/attachments/production/155057355438/original/nk5Y71YcWA2yPlNlkCOR0A3x-vMvWIILuw563d.jpg]
[s3.amazonaws.com/cdn.freshdesk.com/data/helpdesk/attachments/production/155057355437/original/59HhrtRIeVdhvREb_p9XLdoLK70we6Yekg563d.png]
[s3.amazonaws.com/cdn.freshdesk.com/data/helpdesk/attachments/production/155057355439/original/9MUa4qUZd022wjnlBwCN1-8LG1XJZ_IWjw563d.jpg]
[s3.amazonaws.com/cdn.freshdesk.com/data/helpdesk/attachments/production/155057355434/original/nPqNoXu3v3s4d9-WkmocMWRDW0dD2zxnRw73ae.png]
[help.leadconnectorhq.com/support/solutions/articles/155000006907-understanding-utm-parameters-for-email-campaigns/hit.gif]
[help.leadconnectorhq.com/support/solutions/articles/155000006907-understanding-utm-parameters-for-email-campaigns.html]
[s3.amazonaws.com/cdn.freshdesk.com/data/helpdesk/attachments/production/155057355426/original/l3sRiHDcmqm4FZ9xB-BN8ojolp_gJpDbFA5679.jpg]
[s3.amazonaws.com/cdn.freshdesk.com/data/helpdesk/attachments/production/155057355425/original/WxrDUhXIzC00N6sup1D4JFgiLCHl5We_pg5679.jpg]
[help.leadconnectorhq.com/support/solutions/articles/155000006906-how-to-reschedule-an-email-campaign-email-builder-/hit.gif]
[help.leadconnectorhq.com/support/solutions/articles/155000006906-how-to-reschedule-an-email-campaign-email-builder-.html]
[s3.amazonaws.com/cdn.freshdesk.com/data/helpdesk/attachments/production/155034304133/original/uPLkcfjzglsP_6XVvj48E3yaD0bIgRO2wA3c6a.png]
[s3.amazonaws.com/cdn.freshdesk.com/data/helpdesk/attachments/production/155034304574/original/P_zluz0SNoEhSgL0489drfwck_1mNyvg5g7786.png]
[s3.amazonaws.com/cdn.freshdesk.com/data/helpdesk/attachments/production/155034304612/original/JrMidqYl8-dMYcfgXs3jihbkt0Wcm6A87gf15f.png]
[s3.amazonaws.com/cdn.freshdesk.com/data/helpdesk/attachments/production/155033866404/original/KNLJqJHHsLmWDI6MF1UY-i_Oe6zQyUlqCA3cff.png]
[s3.amazonaws.com/cdn.freshdesk.com/data/helpdesk/attachments/production/155032251848/original/OuoEQaB1cFm2eTykwKiFGS2s52kkB-7RKgca40.jpg]
[s3.amazonaws.com/cdn.freshdesk.com/data/helpdesk/attachments/production/155034305183/original/TqelgLUfYcBAW0YYKg0X_b9a8ZEhDrSE-waf07.png]
[help.leadconnectorhq.com/support/solutions/articles/155000006905-how-to-use-the-plain-text-editor-for-emails/hit.gif]
[help.leadconnectorhq.com/support/solutions/articles/155000006905-how-to-use-the-plain-text-editor-for-emails.html]
[s3.amazonaws.com/cdn.freshdesk.com/data/helpdesk/attachments/production/155034128543/original/3bL3kwmAdSGimtBAkXc_53IpeJU1h3qRkA0c84.png]
[s3.amazonaws.com/cdn.freshdesk.com/data/helpdesk/attachments/production/155032110176/original/nsNQeMSTvYXdqIuUlnTfFVIr23qDK5Lwyw3170.jpg]
[s3.amazonaws.com/cdn.freshdesk.com/data/helpdesk/attachments/production/155033848341/original/gC5adf9qPDZpEv5btAhfRH8M-OXONFQF6wca0a.png]
[s3.amazonaws.com/cdn.freshdesk.com/data/helpdesk/attachments/production/155033848507/original/7o25LDD4f3DrErreVdp7gUean38se89NPA2f0c.png]
[help.leadconnectorhq.com/support/solutions/articles/155000006904-preview-and-test-your-email-campaign-templates/hit.gif]
[help.leadconnectorhq.com/support/solutions/articles/155000006904-preview-and-test-your-email-campaign-templates.html]
[s3.amazonaws.com/cdn.freshdesk.com/data/helpdesk/attachments/production/155036523572/original/AOH3KeU79EF9yiuDEBvi8Q6TtuWG2iLPOg55c8.png]
[s3.amazonaws.com/cdn.freshdesk.com/data/helpdesk/attachments/production/155036523573/original/XYqABZ_4bBSCfwe-4iSxqNxwJxF-bvcGEQ55c8.png]
[s3.amazonaws.com/cdn.freshdesk.com/data/helpdesk/attachments/production/155036523571/original/O4rqHtOrfOj5649to3zwC_CDXi18LDwNNQa002.png]
[help.leadconnectorhq.com/support/solutions/articles/155000006903-improved-email-campaign-flow-and-campaign-summary-page/hit.gif]
[help.leadconnectorhq.com/support/solutions/articles/155000006903-improved-email-campaign-flow-and-campaign-summary-page.html]
[help.leadconnectorhq.com/support/solutions/articles/155000006902-guide-to-pre-built-contact-segments.html]
[help.leadconnectorhq.com/support/solutions/articles/155000006901-how-to-send-a-regular-email-campaign-send-now-or-schedule-.html]
[help.leadconnectorhq.com/support/solutions/articles/155000006899-how-to-add-google-fonts-in-email-templates-and-campaigns.html]
[help.leadconnectorhq.com/support/solutions/articles/155000004994-how-to-use-build-segments-in-email-campaigns-.html]
[help.leadconnectorhq.com/support/solutions/articles/155000006880-how-to-set-default-values-for-custom-fields-via-conditional-sending.html]
[help.leadconnectorhq.com/support/solutions/articles/155000006878-how-to-set-up-the-sender-preferences-in-email-builder.html]
[help.leadconnectorhq.com/support/solutions/articles/155000006877-configuring-unsubscribe-flows-one-step-two-step-dynamic-.html]
[help.leadconnectorhq.com/support/solutions/articles/155000006876-different-email-sending-delivery-method-s-send-now-schedule-batch-rss-schedule.html]
[help.leadconnectorhq.com/support/solutions/folders/155000001404/page/2.html]
[help.leadconnectorhq.com/support/solutions/folders/155000001404/page/1.html]
[help.leadconnectorhq.com/support/solutions/articles/155000006875-how-to-schedule-batch-email-campaign-s-.html]
[help.leadconnectorhq.com/support/solutions/articles/155000006874-resend-to-un-opened-best-practices-and-guide.html]
[help.leadconnectorhq.com/support/solutions/articles/155000006872-smart-send-best-time-recommendation-in-email-marketing-campaigns.html]
[help.leadconnectorhq.com/support/solutions/folders/155000001404/page/3.html]
[help.leadconnectorhq.com/support/solutions/articles/155000001478.html]
[help.leadconnectorhq.com/support/solutions/articles/155000006871-understanding-email-campaign-statuses.html]
[help.leadconnectorhq.com/support/solutions/articles/155000001476.html]
[s3.amazonaws.com/cdn.freshdesk.com/data/helpdesk/attachments/production/155011801392/original/mV8hbgskqj-IjmdyalsQRiYBlYnkKAtL5A7a50.jpg]
[s3.amazonaws.com/cdn.freshdesk.com/data/helpdesk/attachments/production/155011801395/original/XyfnlxpkiXfefBOgbbGs54pwQTONpaPdEQe405.jpg]
[s3.amazonaws.com/cdn.freshdesk.com/data/helpdesk/attachments/production/155011801396/original/Q79NCXenfOIs7wMrCg7O3b8koL1M8e0xMAe405.jpg]
[s3.amazonaws.com/cdn.freshdesk.com/data/helpdesk/attachments/production/155011801394/original/FYO5yBmaOE0VMxK5rcP1aQidkqfYzczx3Qe405.jpg]
[s3.amazonaws.com/cdn.freshdesk.com/data/helpdesk/attachments/production/155012079138/original/Jdu1mBQlf-UMhndFHCGVhCjfiWkoqDPD7w34fe.png]
[help.leadconnectorhq.com/support/solutions/articles/155000001473-how-to-create-rooms-/hit.gif]
[help.leadconnectorhq.com/support/solutions/articles/155000001473.html]
[help.leadconnectorhq.com/support/solutions/articles/155000001376.html]
[help.leadconnectorhq.com/support/solutions/articles/155000001378-rooms-and-equipments/hit.gif]
[help.leadconnectorhq.com/support/solutions/articles/155000001378.html]
[help.leadconnectorhq.com/support/solutions/articles/155000001375.html]
[a.slack-edge.com/bv1-13/marketing-style-onetrust-banner.80ccb99235027e6690e3.min.css]
[a.slack-edge.com/bv1-13/legacy-style-browser-support.7e71ed8934ac34c9a02e.min.css]
[a.slack-edge.com/bv1-13/marketing-style-footer.b8665cfb462968f62573.min.css]
[a.slack-edge.com/bv1-13/legacy-style-libs-lato-2-compressed.b4a5b5cd94ce5aee6359.min.css]
[a.slack-edge.com/bv1-13/marketing-style-generic-typography-sfsans.663a8f35624c9f33608d.min.css]
[a.slack-edge.com/bv1-13/manifest.f4723d8aa665e9703eb7.primer.min.js]
[www.googletagmanager.com/gtm85c4.js]
[a.slack-edge.com/bv1-13/slack_beacon.c3374fa3995d87aed397.min.js]
[gohighlevel.enterprise.slack.com/index8d93.html]
[help.leadconnectorhq.com/support/solutions/articles/155000001378-rooms-and-equipments.html]
[help.leadconnectorhq.com/support/solutions/articles/155000001473-how-to-create-rooms-.html]
[cdn.cookielaw.org/scripttemplates/otSDKStub.js]
[s3.amazonaws.com/cdn.freshdesk.com/data/helpdesk/attachments/production/155011801390/original/-Aeoc-iDnvbJ0vmOjREHh0yEaBu81o-TrA7a50.jpg]
[s3.amazonaws.com/cdn.freshdesk.com/data/helpdesk/attachments/production/155011801391/original/KNtiWkejNvKVBsGAxKFQsQ8AilBK2F_zVg7a50.jpg]
[s3.amazonaws.com/cdn.freshdesk.com/data/helpdesk/attachments/production/155011801393/original/g2oxZn2Ipg963fxlAH_N-L-63N0xbIqyHQe405.jpg]
[help.leadconnectorhq.com/support/solutions/articles/155000001476-how-to-create-equipments-/hit.gif]
[help.leadconnectorhq.com/support/solutions/articles/155000001476-how-to-create-equipments-.html]
[s3.amazonaws.com/cdn.freshdesk.com/data/helpdesk/attachments/production/155013883993/original/vhp60EwB8MGqkYmJuaGp8yeuASzceQOnZwc461.png]
[s3.amazonaws.com/cdn.freshdesk.com/data/helpdesk/attachments/production/155012369251/original/fZhhBroBy_wKaGkOTPj9VAh-C1Hwx66kmQdceb.png]
[s3.amazonaws.com/cdn.freshdesk.com/data/helpdesk/attachments/production/155012369372/original/vcb87TzAGE3KsPz4UWg9HuGHaN-LEU2rAQ306c.png]
[s3.amazonaws.com/cdn.freshdesk.com/data/helpdesk/attachments/production/155012369472/original/HcWu0vOituvDaH35ataDRxkZm6ZhduA5lga181.png]
[s3.amazonaws.com/cdn.freshdesk.com/data/helpdesk/attachments/production/155012369528/original/XlvlSb_KCu0Fs-M_jKpKWeFART6jcWFcTQ4673.png]
[s3.amazonaws.com/cdn.freshdesk.com/data/helpdesk/attachments/production/155012369710/original/RW1NYsxI0fKLeuLxNGWPGQDS_ZXFGUWk2w4a0d.png]
[s3.amazonaws.com/cdn.freshdesk.com/data/helpdesk/attachments/production/155012369724/original/FeQktYroSU7P1kH_pHBnEaMK4WjWC_VA5Q8264.png]
[s3.amazonaws.com/cdn.freshdesk.com/data/helpdesk/attachments/production/155010265971/original/ttRnO-6k_NPuv1UUeNJiGxHGqNtrv5rk7A1255.png]
[s3.amazonaws.com/cdn.freshdesk.com/data/helpdesk/attachments/production/155010273763/original/OLOPMJjhYfydQdrlwLQgBDVhvpGZzcSp_w0d25.png]
[help.leadconnectorhq.com/support/solutions/articles/155000001508-in-app-calendar-view/hit.gif]
[help.leadconnectorhq.com/support/solutions/articles/155000001508-in-app-calendar-view.html]
[s3.amazonaws.com/cdn.freshdesk.com/data/helpdesk/attachments/production/155014897818/original/gjK47oHkNCfIh1EE1GujIBvd3VT6uyg_Vg1b16.png]
[s3.amazonaws.com/cdn.freshdesk.com/data/helpdesk/attachments/production/155014897647/original/xQ9cBD4JkovK-dPivscHoaZTnruf6fRZAg9a80.png]
[s3.amazonaws.com/cdn.freshdesk.com/data/helpdesk/attachments/production/155014006095/original/NJAVE46q85aAL4fkmXnC4ppgKsH9vmx5XA4069.png]
[s3.amazonaws.com/cdn.freshdesk.com/data/helpdesk/attachments/production/155014398017/original/XvNYZLuXiGZTLY-WH9ch3Jt2Lei0XtfQmAadb4.png]
[s3.amazonaws.com/cdn.freshdesk.com/data/helpdesk/attachments/production/155014014926/original/zLgNtEM6IsBh8QNfvYInGPsjbAKYbrSO0g287d.png]
[s3.amazonaws.com/cdn.freshdesk.com/data/helpdesk/attachments/production/155014007583/original/aDiDCOr27lN0jT77qxYPGn_v9_Wz3Bc1Bwcf06.png]
[s3.amazonaws.com/cdn.freshdesk.com/data/helpdesk/attachments/production/155014398556/original/SsBTXgr3tI0qRumH1PL4AdbJNGSDBnrWIQ0375.png]
[s3.amazonaws.com/cdn.freshdesk.com/data/helpdesk/attachments/production/155014008386/original/1VCnPDtft7VclBxvCMTAZoZIjroZE_xmhw2f47.png]
[help.leadconnectorhq.com/support/solutions/articles/155000001509-calendar-widget-customization/hit.gif]
[help.leadconnectorhq.com/support/solutions/articles/155000001509-calendar-widget-customization.html]
[help.leadconnectorhq.com/support/solutions/articles/155000001710.html]
[s3.amazonaws.com/cdn.freshdesk.com/data/helpdesk/attachments/production/155014409460/original/tJYXyaOQZmJNdHJzXRq97if3mpqCUwBGYg8c8a.png]
[s3.amazonaws.com/cdn.freshdesk.com/data/helpdesk/attachments/production/155014410379/original/gMZzOPcD61-89Nzbv1-uHpAvA9b4vROLGg0f4c.png]
[s3.amazonaws.com/cdn.freshdesk.com/data/helpdesk/attachments/production/155017921967/original/0a9KPoIvrzO9tf424NAh1cIqgql9w2B9Kgc304.png]
[help.leadconnectorhq.com/support/solutions/articles/155000001517-one-time-link/hit.gif]
[help.leadconnectorhq.com/support/solutions/articles/155000001517-one-time-link.html]
[s3.amazonaws.com/cdn.freshdesk.com/data/helpdesk/attachments/production/155018142223/original/pgz8i7XBH4H9GCo89Ac6Iz3_ksQA2TDBHgf851.png]
[s3.amazonaws.com/cdn.freshdesk.com/data/helpdesk/attachments/production/155018142241/original/qXXqTxBRJGTHMXAL-DfvxNBIxBgyc4LZtwd713.png]
[s3.amazonaws.com/cdn.freshdesk.com/data/helpdesk/attachments/production/155018142296/original/5haECaRcvkCTMWuh-rWX1ocWWjPg2H60AQ2a01.png]
[s3.amazonaws.com/cdn.freshdesk.com/data/helpdesk/attachments/production/155018142676/original/zORjtEsXt84tAASb49FM43QjRTo7zRSelA0a31.png]
[s3.amazonaws.com/cdn.freshdesk.com/data/helpdesk/attachments/production/155018142628/original/kw0ArjpXaNu9efYI3bcX3J4l0hlTs3ex9Q49b1.png]
[s3.amazonaws.com/cdn.freshdesk.com/data/helpdesk/attachments/production/155018325399/original/q4LYGAjkdz3RPOhvfWxif37MhwVCZv-01A3df7.png]
[s3.amazonaws.com/cdn.freshdesk.com/data/helpdesk/attachments/production/155018325539/original/KktBj2RYTYFHfhMvO6Lqj4PMj2kVd8jyFAcf18.png]
[help.leadconnectorhq.com/support/solutions/articles/155000001533-calendar-availability-weekly-working-hours-date-specific-hours/hit.gif]
[help.leadconnectorhq.com/support/solutions/articles/155000001533-calendar-availability-weekly-working-hours-date-specific-hours.html]
[s3.amazonaws.com/cdn.freshdesk.com/data/helpdesk/attachments/production/155017129352/original/S2wz7GIBR9fd_e93cHSvBMSNzqC9BBTGuQ6c4d.png]
[s3.amazonaws.com/cdn.freshdesk.com/data/helpdesk/attachments/production/155017128444/original/9IPv-wKlLsA_OvTAC554QpN_pqpTtclLkg0a1a.png]
[s3.amazonaws.com/cdn.freshdesk.com/data/helpdesk/attachments/production/155017127695/original/6jI_ebHXa_aoBXczkOhyl9EEf-0z7ziXeA3ffb.png]
[s3.amazonaws.com/cdn.freshdesk.com/data/helpdesk/attachments/production/155017127738/original/aDhgmYuCfNq7AOnJ1Y_1LuAcq3x7byaS3w082c.png]
[help.leadconnectorhq.com/support/solutions/articles/155000001669-view-calendar-appointments-in-user-timezone/hit.gif]
[help.leadconnectorhq.com/support/solutions/articles/155000001669-view-calendar-appointments-in-user-timezone.html]
[help.leadconnectorhq.com/support/solutions/articles/155000001517.html]
[s3.amazonaws.com/cdn.freshdesk.com/data/helpdesk/attachments/production/155018179878/original/9PH-4QaDl1YRM4CRiWB2XUQGAMQ-z3B54w60da.png]
[s3.amazonaws.com/cdn.freshdesk.com/data/helpdesk/attachments/production/155018179038/original/YCkyI2w8TIZMetLj9EHdbrWc3tthBnU8FQ271f.png]
[s3.amazonaws.com/cdn.freshdesk.com/data/helpdesk/attachments/production/155018180332/original/lDOQfOfeezXDE2rv93kRi7tuZRnssl3r0ga188.png]
[s3.amazonaws.com/cdn.freshdesk.com/data/helpdesk/attachments/production/155018181091/original/RKQiBow9CoDlsPKjvyEGvC-0QiqzQ_JTHw5f83.png]
[s3.amazonaws.com/cdn.freshdesk.com/data/helpdesk/attachments/production/155018180795/original/lGXO4iv2tvapxRKiIFiXIeulY_6LFexvVga3ce.png]
[help.leadconnectorhq.com/support/solutions/articles/155000001710-workflow-action-for-generating-one-time-link/hit.gif]
[help.leadconnectorhq.com/support/solutions/articles/155000001710-workflow-action-for-generating-one-time-link.html]
[s3.amazonaws.com/cdn.freshdesk.com/data/helpdesk/attachments/production/155023633264/original/s7PR257Yu2Xqzptr-fiYAaih_DGjB-mnQAb5e5.png]
[s3.amazonaws.com/cdn.freshdesk.com/data/helpdesk/attachments/production/155018193598/original/_NAbKYoAOmsm9AXfxgDp9GA8ilLQTHLuug81c5.png]
[help.leadconnectorhq.com/support/solutions/articles/155000001789-google-organic-booking/hit.gif]
[help.leadconnectorhq.com/support/solutions/articles/155000001789-google-organic-booking.html]
[help.leadconnectorhq.com/support/solutions/folders/48000689367/page/1.html]
[s3.amazonaws.com/cdn.freshdesk.com/data/helpdesk/attachments/production/155008252070/original/Pk23PglvoH7miofggGQhAj0wlNq9uHGckgb27d.png]
[s3.amazonaws.com/cdn.freshdesk.com/data/helpdesk/attachments/production/155008249415/original/Ew_k9fwnbzOx3l7xgYOFgGaaAjPOgYVEfQc69a.png]
[s3.amazonaws.com/cdn.freshdesk.com/data/helpdesk/attachments/production/155008248682/original/ZynVOHKf4olx_WfqBLTqWcqXZDeSk9T9uwd757.png]
[s3.amazonaws.com/cdn.freshdesk.com/data/helpdesk/attachments/production/155008248759/original/Hx5MxC2ya2FQPzRkH_BdOmFVw-zpDBL3NAa712.png]
[help.leadconnectorhq.com/support/solutions/articles/155000002072-pre-and-post-buffers/hit.gif]
[help.leadconnectorhq.com/support/solutions/articles/155000002072-pre-and-post-buffers.html]
[s3.amazonaws.com/cdn.freshdesk.com/data/helpdesk/attachments/production/155023879287/original/A64E--uX67bHO0N7zMq9mzsE21ItCuVQkQ3849.jpg]
[s3.amazonaws.com/cdn.freshdesk.com/data/helpdesk/attachments/production/155023879285/original/_5ebBs64X2CyV6z-YoPva235esLm2PsIfQ3849.jpg]
[s3.amazonaws.com/cdn.freshdesk.com/data/helpdesk/attachments/production/155023879282/original/Mx9_v-bKRaIfhKxGkmEoFas8cnXouVQ7ow3849.jpg]
[s3.amazonaws.com/cdn.freshdesk.com/data/helpdesk/attachments/production/155023879286/original/odJx2RFUjwFBcXU1mn5CaXWTKtRRcf5UKQ3849.jpg]
[s3.amazonaws.com/cdn.freshdesk.com/data/helpdesk/attachments/production/155023879283/original/9dLxwjV0PBc6xRGCOeT6pNaPJY2tLY99Gg3849.png]
[s3.amazonaws.com/cdn.freshdesk.com/data/helpdesk/attachments/production/155023879284/original/ETS9KUx15cz8zEaZIEVKqCmiafB0BA-Jdg3849.png]
[s3.amazonaws.com/cdn.freshdesk.com/data/helpdesk/attachments/production/155023879290/original/ZYkOJLcBX0-IZGuzmhWRyTPiNtsHNhdCSw3849.jpg]
[s3.amazonaws.com/cdn.freshdesk.com/data/helpdesk/attachments/production/155023879289/original/bktVx4tLkYDDMXO2oO9vRgNVMlQVeK8gJw3849.png]
[s3.amazonaws.com/cdn.freshdesk.com/data/helpdesk/attachments/production/155023879291/original/h1VMkf_uJCOr1GB30tYPFA9ZUXaPhbYlNA0a08.jpg]
[help.leadconnectorhq.com/support/solutions/articles/155000002186-partial-payment-collect-deposit-amount/hit.gif]
[help.leadconnectorhq.com/support/solutions/articles/155000002186-partial-payment-collect-deposit-amount.html]
[help.leadconnectorhq.com/support/solutions/articles/155000002507-disable-google-organic-booking/hit.gif]
[help.leadconnectorhq.com/support/solutions/articles/155000002507-disable-google-organic-booking.html]
[s3.amazonaws.com/cdn.freshdesk.com/data/helpdesk/attachments/production/155031038717/original/fxKzXlv1gusb0aBoQ6Z5MhNFdFesk4k2kQ3342.png]
[s3.amazonaws.com/cdn.freshdesk.com/data/helpdesk/attachments/production/155031037606/original/yvTJTxBLzN1wOihoCQPugkA0156PzTFQ-Abee0.png]
[help.leadconnectorhq.com/support/solutions/articles/155000003317--look-busy-in-calendar-settings/hit.gif]
[help.leadconnectorhq.com/support/solutions/articles/155000003317--look-busy-in-calendar-settings.html]
[s3.amazonaws.com/cdn.freshdesk.com/data/helpdesk/attachments/production/155028625131/original/0TvqsG7WFWE38W57-V7_SYeTbHlb2Mb0sw2d32.png]
[s3.amazonaws.com/cdn.freshdesk.com/data/helpdesk/attachments/production/155028625424/original/1V8czujWDowzgUZ5td26xTEZrBiMjZ9vTQ16ec.png]
[s3.amazonaws.com/cdn.freshdesk.com/data/helpdesk/attachments/production/155028626656/original/zXnX_zWHfeFSujbXsJo_pLkf7ip-kwMigQ8405.png]
[help.leadconnectorhq.com/support/solutions/articles/155000003318-cancellation-reschedule-policy-booking-widget-/hit.gif]
[help.leadconnectorhq.com/support/solutions/articles/155000003318-cancellation-reschedule-policy-booking-widget-.html]
[s3.amazonaws.com/cdn.freshdesk.com/data/helpdesk/attachments/production/155030910530/original/8iGFKWGd4F9hMp1fUe2nFhYyb7x5Lm7WuA2194.png]
[s3.amazonaws.com/cdn.freshdesk.com/data/helpdesk/attachments/production/155028308991/original/FExKy-grcKTswefHTgv555wC9SGI5RU9JQ8e3d.png]
[s3.amazonaws.com/cdn.freshdesk.com/data/helpdesk/attachments/production/155030910501/original/z3eyvmgSfAwjdTQ-eSpSi5el3M-9eV5hPA5c5b.png]
[s3.amazonaws.com/cdn.freshdesk.com/data/helpdesk/attachments/production/155030910851/original/9ucsXJAcjEdC2Fqq4PhEmKMmVQfjyRbfqQ2a02.png]
[s3.amazonaws.com/cdn.freshdesk.com/data/helpdesk/attachments/production/155028309091/original/iqOsMzH3T1qfqVz4YrawcIfEPocfC5yJfwc06b.png]
[help.leadconnectorhq.com/support/solutions/articles/155000003319-multiple-meeting-location-selector-in-calendar/hit.gif]
[help.leadconnectorhq.com/support/solutions/articles/155000003319-multiple-meeting-location-selector-in-calendar.html]
[s3.amazonaws.com/cdn.freshdesk.com/data/helpdesk/attachments/production/155027906101/original/glSpF8cAt5sG0CexzkG9sBSG6JAxoPd85Qaa0a.png]
[s3.amazonaws.com/cdn.freshdesk.com/data/helpdesk/attachments/production/155027905481/original/98hXW0y_j35qcQ00hkPZk1lUoWSLeM-cIA0ddb.png]
[s3.amazonaws.com/cdn.freshdesk.com/data/helpdesk/attachments/production/155028841378/original/8Nu1uo6kB6dxGSZCn2jurojMPSm0iVR3Wwd43f.png]
[s3.amazonaws.com/cdn.freshdesk.com/data/helpdesk/attachments/production/155027905523/original/M65oCDsCuRwVbakUevBLM4p9h285kJcrbQe5c3.png]
[s3.amazonaws.com/cdn.freshdesk.com/data/helpdesk/attachments/production/155027905548/original/PqcAkP-XW2o_eLeeoVx57Bt9q6a1DKTzjQ0d09.png]
[help.leadconnectorhq.com/support/solutions/articles/155000003320-calendar-widget-reorder/hit.gif]
[help.leadconnectorhq.com/support/solutions/articles/155000003320-calendar-widget-reorder.html]
[s3.amazonaws.com/cdn.freshdesk.com/data/helpdesk/attachments/production/155028326117/original/_9UKZSeGPfLl3vcyX9yqMlIrFjzSf23Qbw05fd.png]
[s3.amazonaws.com/cdn.freshdesk.com/data/helpdesk/attachments/production/155028326031/original/peGvtiSDj43DixbjUsNE9wV_gLyGgfUzSQe2a4.png]
[s3.amazonaws.com/cdn.freshdesk.com/data/helpdesk/attachments/production/155028323732/original/dmGq8BtYXRT36n25_S7TWGg9AaRJxHuQjQ225c.png]
[s3.amazonaws.com/cdn.freshdesk.com/data/helpdesk/attachments/production/155028323758/original/oERlSBCpybC5YbTB3qaZHcpltZchOO0r8wbef2.png]
[s3.amazonaws.com/cdn.freshdesk.com/data/helpdesk/attachments/production/155028323438/original/N2Cl5OgZe8dF5vJUHvR_teVrHQZc5VKX8A8915.png]
[s3.amazonaws.com/cdn.freshdesk.com/data/helpdesk/attachments/production/155028323245/original/4ExLAWiqWoYimyRIZFvzSmWnoTAED6rL-g1aa9.png]
[s3.amazonaws.com/cdn.freshdesk.com/data/helpdesk/attachments/production/155028323321/original/GPxASkP5uB3yE9itCLmHX-KO7EZxx3JhCA7ed3.png]
[help.leadconnectorhq.com/support/solutions/articles/155000003321-team-member-assignment-round-robin-calendar-/hit.gif]
[help.leadconnectorhq.com/support/solutions/articles/155000003321-team-member-assignment-round-robin-calendar-.html]
[s3.amazonaws.com/cdn.freshdesk.com/data/helpdesk/attachments/production/155032717856/original/bV7Aew5DD7jmGXQOs0BCGu_Iixg0VacHAga2b4.png]
[s3.amazonaws.com/cdn.freshdesk.com/data/helpdesk/attachments/production/155032717869/original/OzR-OX--0NYTc1lGCvjdekLMocKK3pCLgg567f.png]
[s3.amazonaws.com/cdn.freshdesk.com/data/helpdesk/attachments/production/155025531516/original/hlKv1-AMyOd8dJvdkDkfqlPZB73GRJLQkw8339.png]
[s3.amazonaws.com/cdn.freshdesk.com/data/helpdesk/attachments/production/155032717878/original/z55g7QspR49NlMXTbg89Fy9lyvFjv9yA1Q1dbc.png]
[s3.amazonaws.com/cdn.freshdesk.com/data/helpdesk/attachments/production/155032717914/original/tdwyx14SQLf2lXR0wEleJlay6nQYY0m3Cwde81.png]
[s3.amazonaws.com/cdn.freshdesk.com/data/helpdesk/attachments/production/155026321731/original/Jb9xY-frHFScWxcPaHmvLM9UgznkcGqd-geb9c.png]
[s3.amazonaws.com/cdn.freshdesk.com/data/helpdesk/attachments/production/155026321912/original/WGbgTZIIfFfOqk5UyFbr_i8-jda9FQLvhQ74b5.png]
[s3.amazonaws.com/cdn.freshdesk.com/data/helpdesk/attachments/production/155026321931/original/QYs4gwLTZNEYw4TKJ5qbY9yWkBXoIhStRgc202.png]
[s3.amazonaws.com/cdn.freshdesk.com/data/helpdesk/attachments/production/155026322009/original/lASrPIx92xiMJ98_ZaMf-7NzeAzqrxAj3w8bbf.png]
[s3.amazonaws.com/cdn.freshdesk.com/data/helpdesk/attachments/production/155026321997/original/5acZ_-zF8WBe1lh85CxQY1kKC1g0JfWy1Q052d.png]
[help.leadconnectorhq.com/support/solutions/articles/155000003422-calendly-how-to-integrate-calendly-/hit.gif]
[help.leadconnectorhq.com/support/solutions/articles/155000003422-calendly-how-to-integrate-calendly-.html]
[s3.amazonaws.com/cdn.freshdesk.com/data/helpdesk/attachments/production/155032459196/original/0b8JJyw74j9WtcudfChMClZQC3miW43cBwc3dd.png]
[s3.amazonaws.com/cdn.freshdesk.com/data/helpdesk/attachments/production/155032459206/original/j7uoLkDougKA8GAJvpy7fciH6GHEGjQ8Ow5553.png]
[s3.amazonaws.com/cdn.freshdesk.com/data/helpdesk/attachments/production/155032459213/original/xHldAGh33cE0JyNGSBxqGew0nTTySNWTmQeec6.png]
[help.leadconnectorhq.com/support/solutions/articles/155000004290-troubleshooting-tool-for-calendar/hit.gif]
[help.leadconnectorhq.com/support/solutions/articles/155000004290-troubleshooting-tool-for-calendar.html]
[s3.amazonaws.com/cdn.freshdesk.com/data/helpdesk/attachments/production/155035029663/original/EsLyXsQ2QY96XF7EB4bRDgQfZho1scaENQce62.png]
[s3.amazonaws.com/cdn.freshdesk.com/data/helpdesk/attachments/production/155035029707/original/ClkD0nRh1zFkwtDV894oh7N6YPn6Sn1dpw854b.png]
[s3.amazonaws.com/cdn.freshdesk.com/data/helpdesk/attachments/production/155035029750/original/BgwCRFkYMYOX-_ehd4l4cbCds2qpvj6Q0Qb997.png]
[s3.amazonaws.com/cdn.freshdesk.com/data/helpdesk/attachments/production/155035029817/original/YdbUdRZfotW5SNlJRqXQeHsDmaIIpU3v5Af968.png]
[s3.amazonaws.com/cdn.freshdesk.com/data/helpdesk/attachments/production/155035029965/original/kp8wNMsMVNPlLrXbBvvgqVvo5npO8l7oMA3978.png]
[s3.amazonaws.com/cdn.freshdesk.com/data/helpdesk/attachments/production/155035030186/original/lUX-9YlldQr5S41p98UckTOEMspIzsOiMge2a2.png]
[s3.amazonaws.com/cdn.freshdesk.com/data/helpdesk/attachments/production/155035030202/original/eBXCLidln886C7GKykNpFMj4U0ff6knsqQ25fc.png]
[s3.amazonaws.com/cdn.freshdesk.com/data/helpdesk/attachments/production/155035030207/original/l950N6__VK_qgvo70bhiPCEhohxApq5LCQ8bd0.png]
[s3.amazonaws.com/cdn.freshdesk.com/data/helpdesk/attachments/production/155035030440/original/_7iWfl8WqbKgePngfJueXEGTgvnDqyrDUgff45.png]
[s3.amazonaws.com/cdn.freshdesk.com/data/helpdesk/attachments/production/155035030572/original/cBOWqwp0pCCP02PHARyOC-Z43kTIYEl-ag3d11.png]
[s3.amazonaws.com/cdn.freshdesk.com/data/helpdesk/attachments/production/155035030595/original/E4iE9YV2WY7sxE4tfDXHm1t2Gs-jkutzZQf802.png]
[s3.amazonaws.com/cdn.freshdesk.com/data/helpdesk/attachments/production/155035030886/original/x0CFmQ6S6mPY_Bcwj7xc-ykNteLSDJxzxg5762.png]
[help.leadconnectorhq.com/support/solutions/articles/155000004291-recurring-appointments/hit.gif]
[help.leadconnectorhq.com/support/solutions/articles/155000004291-recurring-appointments.html]
[s3.amazonaws.com/cdn.freshdesk.com/data/helpdesk/attachments/production/155035031766/original/2Eh8_NnR43k9hinolLwSiDBf0I_Gjc1lWAedcf.png]
[s3.amazonaws.com/cdn.freshdesk.com/data/helpdesk/attachments/production/155035031794/original/OriLlXqHvzaahnlfEpp8phkWon6jlLhZXAe332.png]
[s3.amazonaws.com/cdn.freshdesk.com/data/helpdesk/attachments/production/155035031826/original/-7fpip6tM60KitNDVaoKz4VKHTtnBp1MrA3f80.png]
[s3.amazonaws.com/cdn.freshdesk.com/data/helpdesk/attachments/production/155035032450/original/53hyQmVM-1KH6oFCbp--zcAF6qg6nsYn-g4a0d.png]
[s3.amazonaws.com/cdn.freshdesk.com/data/helpdesk/attachments/production/155035032459/original/anFgWVLiBtBMC0XcAukQYxBHNmM-DEcDPw4976.png]
[s3.amazonaws.com/cdn.freshdesk.com/data/helpdesk/attachments/production/155035032461/original/o4XMVxWwBy_1ObK8tidcsO8ZdLWcYoX30gdd70.png]
[s3.amazonaws.com/cdn.freshdesk.com/data/helpdesk/attachments/production/155035032502/original/AuLaU6lj5UVJ3aMspU7m_cTdNJt2DX5qdA6678.png]
[s3.amazonaws.com/cdn.freshdesk.com/data/helpdesk/attachments/production/155035100808/original/4XoUVr48_78ANGSSTYayjbrfBB2fq6gPiQ5792.jpg]
[s3.amazonaws.com/cdn.freshdesk.com/data/helpdesk/attachments/production/155035100807/original/lAWIre6EQlpCy4KsJfBSKD1AgZSwDTtroA5792.jpg]
[s3.amazonaws.com/cdn.freshdesk.com/data/helpdesk/attachments/production/155035100806/original/4thA0IDfxl8oi8rklr9leGUsilDTeNYAKgd50d.jpg]
[s3.amazonaws.com/cdn.freshdesk.com/data/helpdesk/attachments/production/155035032671/original/Up1CxEOC_oYOM58FlvH7NEfVlAIsXFo7pwe4d7.png]
[s3.amazonaws.com/cdn.freshdesk.com/data/helpdesk/attachments/production/155035032756/original/V1TQkBpZWYzwkB236ewFSTy0JMbEoRWZ5gb45f.png]
[s3.amazonaws.com/cdn.freshdesk.com/data/helpdesk/attachments/production/155035032605/original/UTF4J5t2VTKju0R2OggFKs-jgTErVjD_SAc00a.png]
[help.leadconnectorhq.com/support/solutions/articles/155000004292-calendar-email-in-app-appointment-notifications/hit.gif]
[help.leadconnectorhq.com/support/solutions/articles/155000004292-calendar-email-in-app-appointment-notifications.html]
[s3.amazonaws.com/cdn.freshdesk.com/data/helpdesk/attachments/production/155035007141/original/qYI06uMNznzYD34iHbLB-b1wCgR74jztYQcde1.png]
[s3.amazonaws.com/cdn.freshdesk.com/data/helpdesk/attachments/production/155035007145/original/7vwvcHVaIj-Q5gt1oI041k3oc-xjyzk13Q302c.png]
[s3.amazonaws.com/cdn.freshdesk.com/data/helpdesk/attachments/production/155035007190/original/CeGbe7JXMN_0xY21T71rus7Yl8_Oe1cqxg84ae.png]
[help.leadconnectorhq.com/support/solutions/articles/155000004293-collect-payments-with-recurring-appointments-booking-widget-/hit.gif]
[help.leadconnectorhq.com/support/solutions/articles/155000004293-collect-payments-with-recurring-appointments-booking-widget-.html]
[s3.amazonaws.com/cdn.freshdesk.com/data/helpdesk/attachments/production/155035007538/original/Yb4d6ycttGXAzPADz2J_kXNoM8LiDMqo8Q68a2.png]
[s3.amazonaws.com/cdn.freshdesk.com/data/helpdesk/attachments/production/155035007579/original/8xEEiQjHnPdLgMvL-ouvNXvbwRKiSu0sCg917c.png]
[s3.amazonaws.com/cdn.freshdesk.com/data/helpdesk/attachments/production/155035007698/original/iu_lnmqkka0rDOczyJX-fmZV7qxEjKD2wwbb66.png]
[s3.amazonaws.com/cdn.freshdesk.com/data/helpdesk/attachments/production/155035007590/original/Y0LHDJ35rHCCx9c0ZR72daE1j8ngeT3KoA3933.png]
[s3.amazonaws.com/cdn.freshdesk.com/data/helpdesk/attachments/production/155035007621/original/8sylHN8z9ZKfLtFFtvJuyN4yoGjmFG42eg9633.png]
[s3.amazonaws.com/cdn.freshdesk.com/data/helpdesk/attachments/production/155035008182/original/biEwRLkrHPSmqtd_WGjh28FYPc0YFavVjgb2ab.png]
[help.leadconnectorhq.com/support/solutions/articles/155000004294-microsoft-teams-integration-for-calendars/hit.gif]
[help.leadconnectorhq.com/support/solutions/articles/155000004294-microsoft-teams-integration-for-calendars.html]
[s3.amazonaws.com/cdn.freshdesk.com/data/helpdesk/attachments/production/155034111884/original/7b2y3cd70Qv60ZIG06FU7RcZ1LFm8U6-cQ9fe3.png]
[s3.amazonaws.com/cdn.freshdesk.com/data/helpdesk/attachments/production/155034111914/original/xQO5YiUtwEjLauBhSLzzRb4DDgMFNMlu3wab22.png]
[s3.amazonaws.com/cdn.freshdesk.com/data/helpdesk/attachments/production/155035007082/original/25l5F7d_ubqS7mbNiGSEyWmL54TDUKEKJw776b.png]
[help.leadconnectorhq.com/support/solutions/articles/155000004295-calendar-add-notes-per-appointment/hit.gif]
[help.leadconnectorhq.com/support/solutions/articles/155000004295-calendar-add-notes-per-appointment.html]
[s3.amazonaws.com/cdn.freshdesk.com/data/helpdesk/attachments/production/155044766911/original/gqa8kkG92zs2dm7a6Frjgda8TJqgTSI8hg4310.jpg]
[help.leadconnectorhq.com/support/solutions/articles/155000004993-view-custom-form-submissions-appointment-side-drawer-/hit.gif]
[help.leadconnectorhq.com/support/solutions/articles/155000004993-view-custom-form-submissions-appointment-side-drawer-.html]
[s3.amazonaws.com/cdn.freshdesk.com/data/helpdesk/attachments/production/155046607330/original/mLzOsFBljItVGbGYC7ZYqNbKa5-oMa_K-Qd36f.png]
[s3.amazonaws.com/cdn.freshdesk.com/data/helpdesk/attachments/production/155046607531/original/sWiybRHf73D_udli1VMSaySV_NKtUOvu9Q4f6f.png]
[s3.amazonaws.com/cdn.freshdesk.com/data/helpdesk/attachments/production/155046607798/original/tSqUAfPYtM_yF3Jw9QJrumdqMSgTsW578Q0a0d.png]
[s3.amazonaws.com/cdn.freshdesk.com/data/helpdesk/attachments/production/155046607891/original/SqxxSrQuvL2UOhvTuJCEd2KcaAllY0pJJg01cd.png]
[help.leadconnectorhq.com/support/solutions/articles/155000005228-page-selection-guide/hit.gif]
[help.leadconnectorhq.com/support/solutions/articles/155000005228-page-selection-guide.html]
[s3.amazonaws.com/cdn.freshdesk.com/data/helpdesk/attachments/production/155046357735/original/oTEnFDx_XMn9n-rVu35TX1OWyfn8wvP82g0f53.jpg]
[s3.amazonaws.com/cdn.freshdesk.com/data/helpdesk/attachments/production/155046357734/original/n4UQzp0gN8kl2LxgyUW_L55ZLxCiDTCEsQ0f53.png]
[s3.amazonaws.com/cdn.freshdesk.com/data/helpdesk/attachments/production/155046357739/original/gE-6Ftlz0FXXA3OeIDvLb2FfcCrwQ7zXTA4ec1.png]
[s3.amazonaws.com/cdn.freshdesk.com/data/helpdesk/attachments/production/155046357737/original/jZM1WfORYAvCmnj_VyJATjcLOB93zCJZug0f53.jpg]
[s3.amazonaws.com/cdn.freshdesk.com/data/helpdesk/attachments/production/155046357733/original/fUpUI9aqJtuIslq7uD6zA9lvt3r0AZCAtQ0f53.jpg]
[s3.amazonaws.com/cdn.freshdesk.com/data/helpdesk/attachments/production/155046357741/original/F8cT0aLyFU0lHsdRtBbicp3Hk10neeUqyw2b2f.png]
[s3.amazonaws.com/cdn.freshdesk.com/data/helpdesk/attachments/production/155046357740/original/YdvqtbEv4VyrDvjx418KNEHWyCq2X5jr-g4ec1.png]
[s3.amazonaws.com/cdn.freshdesk.com/data/helpdesk/attachments/production/155046357736/original/qAyflHbP90HN8qREsOxl7yZchX7CEzOTfg4ec1.png]
[s3.amazonaws.com/cdn.freshdesk.com/data/helpdesk/attachments/production/155046357738/original/mGKVEytxUIiNLQF3gR-7GBDKOc3J9vXC3w4ec1.png]
[help.leadconnectorhq.com/support/solutions/articles/155000005240-facebook-multi-page-troubleshoot/hit.gif]
[help.leadconnectorhq.com/support/solutions/articles/155000005240-facebook-multi-page-troubleshoot.html]
[help.leadconnectorhq.com/support/solutions/folders/48000683642/page/1.html]
[help.leadconnectorhq.com/support/solutions/articles/155000001162.html]
[help.leadconnectorhq.com/support/solutions/articles/48001226590.html]
[help.leadconnectorhq.com/support/solutions/articles/48001226926.html]
[help.leadconnectorhq.com/support/solutions/articles/155000001635.html]
[s3.amazonaws.com/cdn.freshdesk.com/data/helpdesk/attachments/production/155019499945/original/QBmryb4dKur2nIIzWwmcrC3fiMDvOo71WQb9a0.png]
[s3.amazonaws.com/cdn.freshdesk.com/data/helpdesk/attachments/production/155019500265/original/l62Z4caztQcElRbuEiYS8gmu6u2vte4Ivg61c4.png]
[s3.amazonaws.com/cdn.freshdesk.com/data/helpdesk/attachments/production/155019500377/original/FD8p-JzWM304ZgQnENRq9XYRR2ApLY1gwwe052.png]
[s3.amazonaws.com/cdn.freshdesk.com/data/helpdesk/attachments/production/155019500431/original/wV0weEuOSLNNqd-iYZ6xLxxbGhL9fGABkAcc34.png]
[s3.amazonaws.com/cdn.freshdesk.com/data/helpdesk/attachments/production/155019500449/original/xhZ2UtDz-gt746Ap8wcVl6UJomzsMHTeVw12db.png]
[s3.amazonaws.com/cdn.freshdesk.com/data/helpdesk/attachments/production/155019499815/original/wjgpJbgl8uC5H7OAZOs1lWqOdMqzH4gpIg9852.jpg]
[s3.amazonaws.com/cdn.freshdesk.com/data/helpdesk/attachments/production/155019499817/original/N3BHCcVaGSRNy6S-Np1puvHiUeDRtaDHgg626f.jpg]
[help.leadconnectorhq.com/support/solutions/articles/155000001915-understanding-conversion-metrics-for-tracking-email-campaigns/hit.gif]
[help.leadconnectorhq.com/support/solutions/articles/155000001915-understanding-conversion-metrics-for-tracking-email-campaigns.html]
[s3.amazonaws.com/cdn.freshdesk.com/data/helpdesk/attachments/production/155023337421/original/nMyZojgr2ZYUAZSkyYnJ6GXwk_Eyr_1HGwc5cd.png]
[s3.amazonaws.com/cdn.freshdesk.com/data/helpdesk/attachments/production/155023337477/original/3gfn3HeigPBnj1KhpAJrkIlpaoOzAJ0ONw5725.png]
[s3.amazonaws.com/cdn.freshdesk.com/data/helpdesk/attachments/production/155023337530/original/utUNsl_XodI8FsMRFgE8TrwwQdmfgvu_uA4506.png]
[s3.amazonaws.com/cdn.freshdesk.com/data/helpdesk/attachments/production/155023337656/original/22ZqznlGSww3OYVk2ULdCYph_uhwvbBG9A16b5.png]
[s3.amazonaws.com/cdn.freshdesk.com/data/helpdesk/attachments/production/155023337668/original/NsTvuvM2YMJRI2xkQypolDdneD_Yn8-tJw58fa.png]
[s3.amazonaws.com/cdn.freshdesk.com/data/helpdesk/attachments/production/155023337727/original/f7oeVWxByu7aA60MK7YoTBAA7c-citPWbg8724.png]
[s3.amazonaws.com/cdn.freshdesk.com/data/helpdesk/attachments/production/155023337732/original/-c2VpTSwanpwk3Nc_sLI3fi87590WKS2TAb582.png]
[help.leadconnectorhq.com/support/solutions/articles/155000002133-where-can-i-find-my-smtp-credentials-/hit.gif]
[help.leadconnectorhq.com/support/solutions/articles/155000002133-where-can-i-find-my-smtp-credentials-.html]
[s3.amazonaws.com/cdn.freshdesk.com/data/helpdesk/attachments/production/155024040549/original/b9X7tSQqLMHcDrVQR5deOToiidQS33lhcg2f83.png]
[s3.amazonaws.com/cdn.freshdesk.com/data/helpdesk/attachments/production/155024040511/original/GyJoW9Ue2OD_SqbajlFvGWmD6V5GIqfn5w0568.png]
[s3.amazonaws.com/cdn.freshdesk.com/data/helpdesk/attachments/production/155024040695/original/Gxh0EoqEsLQdKybkYn8ane4ymf89pwHV7A0a16.png]
[s3.amazonaws.com/cdn.freshdesk.com/data/helpdesk/attachments/production/155024182925/original/dASFIiw7X2yNMgxetHyCI9i154eWIxYdNgd399.png]
[s3.amazonaws.com/cdn.freshdesk.com/data/helpdesk/attachments/production/155024182966/original/lJgc5zwDjmAYfgdlqsFFd-4Ef00pan1idQ6bf4.png]
[s3.amazonaws.com/cdn.freshdesk.com/data/helpdesk/attachments/production/155024182970/original/eYNLZZMFxs-Q1_vJzutB8MfStvdqJroOWg90ab.png]
[s3.amazonaws.com/cdn.freshdesk.com/data/helpdesk/attachments/production/155024182979/original/omeIHk6jeE3QTNJJEjqI0ZvCWkLLgBc7QQ4737.png]
[s3.amazonaws.com/cdn.freshdesk.com/data/helpdesk/attachments/production/155024075588/original/KlEFbcsAmeCfWZFwZnHW5y8l4oepCRgHAwd478.png]
[help.leadconnectorhq.com/support/solutions/articles/155000002223-how-to-add-a-domain-and-verify-dns-record/hit.gif]
[help.leadconnectorhq.com/support/solutions/articles/155000002223-how-to-add-a-domain-and-verify-dns-record.html]
[s3.amazonaws.com/cdn.freshdesk.com/data/helpdesk/attachments/production/155030290309/original/jgtdEcid_6IqJAl2S8umEQ3dY7olukdRDw826a.png]
[help.leadconnectorhq.com/support/solutions/articles/155000002956-bot-detection-preventing-statistics-increment-and-automation-execution/hit.gif]
[help.leadconnectorhq.com/support/solutions/articles/155000002956-bot-detection-preventing-statistics-increment-and-automation-execution.html]
[s3.amazonaws.com/cdn.freshdesk.com/data/helpdesk/attachments/production/155031378307/original/sTiyHi3hqgNimmaOnIK2tUuzV8jltXg4GQ1e0a.jpg]
[s3.amazonaws.com/cdn.freshdesk.com/data/helpdesk/attachments/production/155054231316/original/23bRFScnTg9oYPpDXx4OZXozxvTAJpNRQwc3b0.png]
[s3.amazonaws.com/cdn.freshdesk.com/data/helpdesk/attachments/production/155054231321/original/BvdCKIhgF7Vy47nQzfUR3HN0IfzE7bs1zw11a8.png]
[s3.amazonaws.com/cdn.freshdesk.com/data/helpdesk/attachments/production/155031378366/original/qADgEHJ_7tnNV3n3amaaOlUmjr9frQvMeQ7243.jpg]
[s3.amazonaws.com/cdn.freshdesk.com/data/helpdesk/attachments/production/155054231333/original/jdRyIz7aCww5mpW8UvO75B0tc1t2wEuUyg6a79.png]
[s3.amazonaws.com/cdn.freshdesk.com/data/helpdesk/attachments/production/155054231336/original/n4KlwMHQhT3Jt1DRv06uvn11Klws22jyKQb67f.png]
[s3.amazonaws.com/cdn.freshdesk.com/data/helpdesk/attachments/production/48286916898/original/w-1dICJ2Bsh_RZAP7ac2r7jnJsfEuOMb8Q61f8.png]
[s3.amazonaws.com/cdn.freshdesk.com/data/helpdesk/attachments/production/155031378496/original/gePZQCEUWIstIyH1C68WKaiSaOcgjonr8Q9cc0.jpg]
[s3.amazonaws.com/cdn.freshdesk.com/data/helpdesk/attachments/production/48260597029/original/MM1xCqK_FV3P9RIVLiwReIssTd-Qb4hbIQ0438.png]
[s3.amazonaws.com/cdn.freshdesk.com/data/helpdesk/attachments/production/48260597698/original/IFF1KAgY2Qq0-jX_xY_cHqEWOSsOv33SJgbedc.png]
[s3.amazonaws.com/cdn.freshdesk.com/data/helpdesk/attachments/production/155031548012/original/11wW6F1nZuJDiHlAkBvDF7D58hYMApIDLg6e20.png]
[help.leadconnectorhq.com/support/solutions/articles/155000003172-email-services-configuration-reply-forward-settings/hit.gif]
[help.leadconnectorhq.com/support/solutions/articles/155000003172-email-services-configuration-reply-forward-settings.html]
[s3.amazonaws.com/cdn.freshdesk.com/data/helpdesk/attachments/production/155035109257/original/RkEAgvx1tE7wc_8z2jcSbEll7Q5tyNZNBwca46.png]
[s3.amazonaws.com/cdn.freshdesk.com/data/helpdesk/attachments/production/155035109530/original/zyeGdoevGu4d1ngOfTqb0vFFXK_V9gaHxQ69a7.png]
[help.leadconnectorhq.com/support/solutions/articles/155000003679-microsoft-smart-network-data-services-snds-/hit.gif]
[help.leadconnectorhq.com/support/solutions/articles/155000003679-microsoft-smart-network-data-services-snds-.html]
[help.leadconnectorhq.com/support/solutions/articles/155000000623.html]
[help.leadconnectorhq.com/support/solutions/articles/155000002223.html]
[help.leadconnectorhq.com/support/solutions/articles/155000003679.html]
[help.leadconnectorhq.com/support/solutions/articles/155000003820.html]
[help.leadconnectorhq.com/support/solutions/articles/155000003680-bounce-classification-codes-and-definitions/hit.gif]
[help.leadconnectorhq.com/support/solutions/articles/155000003680-bounce-classification-codes-and-definitions.html]
[s3.amazonaws.com/cdn.freshdesk.com/data/helpdesk/attachments/production/155034624563/original/kl09eEJQ_Z4cUg5JHMnV488deGEoatFTtw1d00.png]
[s3.amazonaws.com/cdn.freshdesk.com/data/helpdesk/attachments/production/155044692452/original/p5_IYbjq7VAa4XNbGtdfNTEy-zg2BU571g7bce.png]
[s3.amazonaws.com/cdn.freshdesk.com/data/helpdesk/attachments/production/155044692488/original/5CkrtRDNX9tc-QZTgCUmotFbGEdkhvf5MQ546a.png]
[s3.amazonaws.com/cdn.freshdesk.com/data/helpdesk/attachments/production/155034624675/original/xLL4ReVsFA_D4SNCyWXvZ6kJfoh-DvsAWg5c6a.png]
[s3.amazonaws.com/cdn.freshdesk.com/data/helpdesk/attachments/production/155034624774/original/k-pD8VkPYukmslNpt8ntG52vj_oG0UlcCAe0a1.png]
[help.leadconnectorhq.com/support/solutions/articles/155000003820-google-postmaster-tools/hit.gif]
[help.leadconnectorhq.com/support/solutions/articles/155000003820-google-postmaster-tools.html]
[help.leadconnectorhq.com/support/solutions/articles/155000005243-domain-warmup-how-it-works/hit.gif]
[help.leadconnectorhq.com/support/solutions/articles/155000005243-domain-warmup-how-it-works.html]
[s3.amazonaws.com/cdn.freshdesk.com/data/helpdesk/attachments/production/155060775097/original/h_-zSf2t4b801C39Omtbzt5Uriu2M_B_Ag2652.png]
[s3.amazonaws.com/cdn.freshdesk.com/data/helpdesk/attachments/production/155060775038/original/-Ca4TaH4ygc_fa_xB_p92Ynzb6MBqSov3w6f2a.png]
[s3.amazonaws.com/cdn.freshdesk.com/data/helpdesk/attachments/production/155060774877/original/SPOO57LateAjcyO5ASy0LNx-w1gtaoavRgf354.png]
[help.leadconnectorhq.com/support/solutions/articles/155000007189-dmarc-validation-feature-understanding-and-fixing-email-authentication-alerts/hit.gif]
[help.leadconnectorhq.com/support/solutions/articles/155000007189-dmarc-validation-feature-understanding-and-fixing-email-authentication-alerts.html]
[help.leadconnectorhq.com/support/solutions/folders/48000687936/page/1.html]
[s3.amazonaws.com/cdn.freshdesk.com/data/helpdesk/attachments/production/155051878182/original/g0fAYz0eMvemdzIbTtUZOgaRW7K4Dz5XPwb475.jpg]
[s3.amazonaws.com/cdn.freshdesk.com/data/helpdesk/attachments/production/155051878198/original/nEJo2JA818GrBT6D2pSCXwIMNXX3dtc0Kg8d56.jpg]
[s3.amazonaws.com/cdn.freshdesk.com/data/helpdesk/attachments/production/155051878393/original/BwcekOgwQ_qTgSAUpZm_w_EnqbsSPi46_w2717.jpg]
[s3.amazonaws.com/cdn.freshdesk.com/data/helpdesk/attachments/production/155051878409/original/hLX6QDZqJ211DDRoreI-Wfv6ma25Ls-yTg7cf7.jpg]
[s3.amazonaws.com/cdn.freshdesk.com/data/helpdesk/attachments/production/155051878514/original/EoYNOZe9TWkruy0oA_tG-5UOpfucreuR-g00c7.jpg]
[s3.amazonaws.com/cdn.freshdesk.com/data/helpdesk/attachments/production/155051878539/original/r-b4sMeHb9IDyrVNOUGpKxN3NHOCpKring6ea5.jpg]
[s3.amazonaws.com/cdn.freshdesk.com/data/helpdesk/attachments/production/155051878556/original/QX6uf8ncOAT310pPLc17M2PJbKWYOCSavw06f4.jpg]
[s3.amazonaws.com/cdn.freshdesk.com/data/helpdesk/attachments/production/155051878569/original/BQeeZtA1ixfg-j7sqyx07s2n31W8DpqQuQ16d9.jpg]
[s3.amazonaws.com/cdn.freshdesk.com/data/helpdesk/attachments/production/155051878617/original/sivZgPqRrTnNnlapGVPzgyeaHddjpcgeaA29e4.jpg]
[s3.amazonaws.com/cdn.freshdesk.com/data/helpdesk/attachments/production/155051878633/original/nljTz5FFYfVU0z9sOGKFX1EVZ48X9fvLKw52a5.jpg]
[help.leadconnectorhq.com/support/solutions/articles/155000005636-helper-guide-shipstation-integration-setup/hit.gif]
[help.leadconnectorhq.com/support/solutions/articles/155000005636-helper-guide-shipstation-integration-setup.html]
[help.leadconnectorhq.com/support/solutions/articles/155000005708-how-to-limit-shipping-to-specific-zip-postcodes/hit.gif]
[help.leadconnectorhq.com/support/solutions/articles/155000005708-how-to-limit-shipping-to-specific-zip-postcodes.html]
[s3.amazonaws.com/cdn.freshdesk.com/data/helpdesk/attachments/production/155053188210/original/reDgzykqoKhNhVGm8Jo4z5Xf_UIpQXCDtA19b6.jpg]
[s3.amazonaws.com/cdn.freshdesk.com/data/helpdesk/attachments/production/155053188215/original/FEot1-1AMA-3PhnHeIv2ruZWH9_CDPPQIg458c.jpg]
[s3.amazonaws.com/cdn.freshdesk.com/data/helpdesk/attachments/production/155053188212/original/egXIXDDvwxNjQkZDFK6biaFm05HoCHxxTA458c.jpg]
[s3.amazonaws.com/cdn.freshdesk.com/data/helpdesk/attachments/production/155053188213/original/ESNa0hGvT7u-_dNpQ9UjkanLHeHf4WTxWg458c.jpg]
[s3.amazonaws.com/cdn.freshdesk.com/data/helpdesk/attachments/production/155053188216/original/W8tsOPmcz35AfPlcreefjqRDinjfqXY35w458c.jpg]
[s3.amazonaws.com/cdn.freshdesk.com/data/helpdesk/attachments/production/155053188214/original/1Ltksvme9ShQGmFvEZwSJn6V68_ykFmz3w458c.jpg]
[s3.amazonaws.com/cdn.freshdesk.com/data/helpdesk/attachments/production/155053188208/original/wGvPAi4q_VNIy19aUxuzElcVT4r9HErX8w19b6.jpg]
[s3.amazonaws.com/cdn.freshdesk.com/data/helpdesk/attachments/production/155053188211/original/4YvVdXdg28sx4vzao6aHpAkKc0KiAFR0Sw458c.jpg]
[help.leadconnectorhq.com/support/solutions/articles/155000006262-printful-integration-for-ecommerce-store/hit.gif]
[help.leadconnectorhq.com/support/solutions/articles/155000006262-printful-integration-for-ecommerce-store.html]
[help.leadconnectorhq.com/support/solutions/articles/155000006762-how-to-setup-product-bundles-upsell-offers-/hit.gif]
[help.leadconnectorhq.com/support/solutions/articles/155000006762-how-to-setup-product-bundles-upsell-offers-.html]
[s3.amazonaws.com/cdn.freshdesk.com/data/helpdesk/attachments/production/155059027390/original/UWd5hCk_GD7sAwVu7WCxdZ993yZTuMtJ5w2dfc.jpg]
[s3.amazonaws.com/cdn.freshdesk.com/data/helpdesk/attachments/production/155059027515/original/x03nG1GzaXe7LkyNMbMj8RUpVqvy6xrbcQ4cc6.jpg]
[s3.amazonaws.com/cdn.freshdesk.com/data/helpdesk/attachments/production/155059027514/original/kjA9vEcE9FODeeq1Ea0_J2hu7W7Ns2cDZAa0bf.jpg]
[s3.amazonaws.com/cdn.freshdesk.com/data/helpdesk/attachments/production/155059027486/original/u46UPprExz7KwP9vSmyV0i_uEsOCGdInLA021b.png]
[s3.amazonaws.com/cdn.freshdesk.com/data/helpdesk/attachments/production/155059027516/original/vwo0MAtYs3zho_Ua3ROXNt1iLQbygXDo4g4cc6.jpg]
[s3.amazonaws.com/cdn.freshdesk.com/data/helpdesk/attachments/production/155059027501/original/TxNV95k0Ugtxw1K-3Pnl8PUNNNIq-ocQZA6092.png]
[s3.amazonaws.com/cdn.freshdesk.com/data/helpdesk/attachments/production/155059027531/original/jlmq9aZn1bjPiE3xDRTbf4A_EhffHHq7Dw641d.png]
[help.leadconnectorhq.com/support/solutions/articles/155000006998-printify-integration-for-ecommerce-stores/hit.gif]
[help.leadconnectorhq.com/support/solutions/articles/155000006998-printify-integration-for-ecommerce-stores.html]
[help.leadconnectorhq.com/support/solutions/folders/155000000784/page/1.html]
[help.leadconnectorhq.com/auth/google_login]
[help.leadconnectorhq.com/support/solutions/articles/155000006603.html]
[help.leadconnectorhq.com/support/solutions/articles/155000000859-a2p-10dlc-campaign-vetting-changes-january-2023.html]
[help.leadconnectorhq.com/support/solutions/articles/155000004617.html]
[help.leadconnectorhq.com/support/solutions/articles/155000004618.html]
[help.leadconnectorhq.com/support/solutions/articles/155000000181.html]
[help.leadconnectorhq.com/support/solutions/articles/155000000180.html]
[help.leadconnectorhq.com/support/solutions/articles/155000000757.html]
[help.leadconnectorhq.com/support/solutions/articles/155000000755.html]
[help.leadconnectorhq.com/support/solutions/articles/155000004494.html]
[help.leadconnectorhq.com/support/solutions/articles/155000000766.html]
[help.leadconnectorhq.com/support/solutions/articles/48001226976-leadconnector-phone-system-trust-center.html]
[help.leadconnectorhq.com/support/solutions/articles/155000000175-a2p-10dlc-campaign-vetting-changes-january-2023.html]
[help.leadconnectorhq.com/support/solutions/articles/155000004298.html]
[help.leadconnectorhq.com/support/solutions/articles/155000006790.html]
[help.leadconnectorhq.com/support/solutions/articles/155000000199.html]
[s3.amazonaws.com/cdn.freshdesk.com/data/helpdesk/attachments/production/155042281814/original/FeLjqo7iJUcpq1T8a1QeBSXnLze7VjpEVA4a56.png]
[s3.amazonaws.com/cdn.freshdesk.com/data/helpdesk/attachments/production/155042281837/original/PA09tpInfbbCTA4qluDHgUKgvg41kh6PIA69fc.png]
[s3.amazonaws.com/cdn.freshdesk.com/data/helpdesk/attachments/production/155042281895/original/fYmuvrPvsNFgANFL76G-wKO0Fh4SOTzpSw26b3.png]
[s3.amazonaws.com/cdn.freshdesk.com/data/helpdesk/attachments/production/155042281913/original/LO3pd1COb9-Eg6LK2tbFsspisd-yP851rwb0c9.png]
[s3.amazonaws.com/cdn.freshdesk.com/data/helpdesk/attachments/production/155042281928/original/-hyz67B98dZMe-wBEVO_72Lliz7V0DJJjw5dda.png]
[s3.amazonaws.com/cdn.freshdesk.com/data/helpdesk/attachments/production/155042281994/original/DsUYpmiWq9uE6oU1897c7amNk7gnS5957g54ba.png]
[help.leadconnectorhq.com/support/solutions/articles/155000006857-border-customization-color-radius-and-thickness/hit.gif]
[help.leadconnectorhq.com/support/solutions/articles/155000006857-border-customization-color-radius-and-thickness.html]
[s3.amazonaws.com/cdn.freshdesk.com/data/helpdesk/attachments/production/155057345894/original/XQX5OQwN1cPkfDLVBZfyQ_UF4LeLeIKjnQ6c83.jpg]
[s3.amazonaws.com/cdn.freshdesk.com/data/helpdesk/attachments/production/155057345891/original/iA1ee1NniFzC4i0MG-w0qFzFBt03ENunyQ42b7.jpg]
[s3.amazonaws.com/cdn.freshdesk.com/data/helpdesk/attachments/production/155057345883/original/KAlpJcuJlFjrVi2WvUhpupBbXBuYxedtPw726c.jpg]
[s3.amazonaws.com/cdn.freshdesk.com/data/helpdesk/attachments/production/155057345872/original/xmTTAU8OtHCOPb8o1wpCfxlI-rWvv6DiXA6663.png]
[s3.amazonaws.com/cdn.freshdesk.com/data/helpdesk/attachments/production/155057345907/original/fjVwGDmhgQFOBxpwnoXqVcQi6gFEB17SEQf708.jpg]
[s3.amazonaws.com/cdn.freshdesk.com/data/helpdesk/attachments/production/155057345859/original/iGONsP69TNscmN-jXtlmiSvN_WeOnR4YVw16b6.png]
[s3.amazonaws.com/cdn.freshdesk.com/data/helpdesk/attachments/production/155057345874/original/Z150gh1IDQHuIJM-gEj3zRlX-XDx_5S3CQ6663.png]
[s3.amazonaws.com/cdn.freshdesk.com/data/helpdesk/attachments/production/155057345828/original/oTzv-6hAsc5ykGQgt49fEAczCdtBrGUMJw9896.png]
[s3.amazonaws.com/cdn.freshdesk.com/data/helpdesk/attachments/production/155057345845/original/qrhV80AVXWhO32wqIvsw7JvLgOydDQswjA578c.png]
[s3.amazonaws.com/cdn.freshdesk.com/data/helpdesk/attachments/production/155057345887/original/jnUyCBFzaVI4mFTx4uegIJiFy_WVF8yvYAfc7d.jpg]
[s3.amazonaws.com/cdn.freshdesk.com/data/helpdesk/attachments/production/155057345827/original/WRBJAzH70sLd8WNI40rL5Rtu-IvRRuWXPw9896.png]
[s3.amazonaws.com/cdn.freshdesk.com/data/helpdesk/attachments/production/155057345881/original/kikcdj2Q0Bzsn__TYO6YNCqkq5YMoBw_Gg5a6c.jpg]
[s3.amazonaws.com/cdn.freshdesk.com/data/helpdesk/attachments/production/155057345831/original/zvGdsRIJqX3bn0yqr3IQTAGrCUKqw4DjIw9896.png]
[s3.amazonaws.com/cdn.freshdesk.com/data/helpdesk/attachments/production/155057345856/original/ut2YFP0GtmHkXUTy8TOihSX-G7LRv3s1Ng51d0.png]
[s3.amazonaws.com/cdn.freshdesk.com/data/helpdesk/attachments/production/155057345829/original/9kgjnuXVG1c-8SQVZAWY1UEvnGLcooaGKA9896.png]
[s3.amazonaws.com/cdn.freshdesk.com/data/helpdesk/attachments/production/155057345878/original/4a-y1cgwyYH1nqo1CPe_USB35k7vH08NPA0769.jpg]
[s3.amazonaws.com/cdn.freshdesk.com/data/helpdesk/attachments/production/155057345823/original/sNWeL92ak6ICTXIC78gRrFq4GMcJqxwrxAf15d.png]
[s3.amazonaws.com/cdn.freshdesk.com/data/helpdesk/attachments/production/155057345863/original/-M-g3vlpqU6uo6gOKhT4XTV_RlPcjcluUw6377.jpg]
[s3.amazonaws.com/cdn.freshdesk.com/data/helpdesk/attachments/production/155057345834/original/QUCRqRzqEhacVj8KY_63yDWjBQUzQHrN9Qebb3.png]
[s3.amazonaws.com/cdn.freshdesk.com/data/helpdesk/attachments/production/155057345841/original/kbv1I-m0K4cp6CZq124fZGI2ngxSNq6CUg07bd.png]
[s3.amazonaws.com/cdn.freshdesk.com/data/helpdesk/attachments/production/155057345835/original/bm1z3QKnVITFQPXkXd-9FJHIJlUCyCWkGg07bd.png]
[s3.amazonaws.com/cdn.freshdesk.com/data/helpdesk/attachments/production/155057345886/original/H56O6EmaRBQOaeBqjbX7o9kPrOMi1zo4gwfc7d.jpg]
[s3.amazonaws.com/cdn.freshdesk.com/data/helpdesk/attachments/production/155057345830/original/r-Kca7V_c3wYBl6n_boAe6DeuQ8oASormg9896.png]
[s3.amazonaws.com/cdn.freshdesk.com/data/helpdesk/attachments/production/155057345867/original/HUp3FAUObNNjdaw-JCIskNB5xC1YwTen-g30d4.jpg]
[s3.amazonaws.com/cdn.freshdesk.com/data/helpdesk/attachments/production/155057345824/original/1x9Itb1H4JrjX_N-SYHKF9__MDZZKt3YKgf15d.png]
[s3.amazonaws.com/cdn.freshdesk.com/data/helpdesk/attachments/production/155057345870/original/J1jSBm2NMD2-xHGIkqqTboPso2KVy0eAnAd8ee.jpg]
[s3.amazonaws.com/cdn.freshdesk.com/data/helpdesk/attachments/production/155057345832/original/5pHVTUK3-CD5XPMUCKdDeNEN9FS8VlRjbQebb3.png]
[s3.amazonaws.com/cdn.freshdesk.com/data/helpdesk/attachments/production/155057345858/original/YEU96hj6SfSN2FK3-I5KNUS_mpVIBK7n5g16b6.jpg]
[s3.amazonaws.com/cdn.freshdesk.com/data/helpdesk/attachments/production/155057345849/original/G_yrZDIenm8_piKlAgWiRbd1btgs96vPewdf69.png]
[s3.amazonaws.com/cdn.freshdesk.com/data/helpdesk/attachments/production/155057345868/original/yGUa0DXlSySdSfpbYRYtKvAfcyLJlgB2wwd8ee.jpg]
[s3.amazonaws.com/cdn.freshdesk.com/data/helpdesk/attachments/production/155057345865/original/e7Mdq8Chdpgf2yVylrBTUJmd3DYLz_0KWw6377.png]
[s3.amazonaws.com/cdn.freshdesk.com/data/helpdesk/attachments/production/155057345848/original/KxpnvJ1N6URf-lAjG-E6NSJjaksqoLcScwaa77.png]
[s3.amazonaws.com/cdn.freshdesk.com/data/helpdesk/attachments/production/155057345855/original/GyzvHdIxOFZZ3JE0QSYrtqD6z41SdwqRMg9220.jpg]
[s3.amazonaws.com/cdn.freshdesk.com/data/helpdesk/attachments/production/155057345866/original/P4vI4DR8bpGdgSmdeT3-bOO47JZOzb4hCQ6377.jpg]
[s3.amazonaws.com/cdn.freshdesk.com/data/helpdesk/attachments/production/155057345857/original/VrrLLat4VTeibichB-oP61rjiUwktMl8xg51d0.jpg]
[s3.amazonaws.com/cdn.freshdesk.com/data/helpdesk/attachments/production/155057345847/original/1hsS5BFYPdFFKixVJx9Ce67wyhB2p5az-Qaa77.jpg]
[s3.amazonaws.com/cdn.freshdesk.com/data/helpdesk/attachments/production/155057345842/original/ptSWZGlN_YirqTyMTS31wo2CehEpretICw578c.jpg]
[s3.amazonaws.com/cdn.freshdesk.com/data/helpdesk/attachments/production/155057345844/original/CIHuUNjsgPrOnQIjry74ktfG363eyp7mBg578c.jpg]
[s3.amazonaws.com/cdn.freshdesk.com/data/helpdesk/attachments/production/155057345861/original/6QoMcDqXoa3Jv9lzI1Xk4jMldNEK_1MRiA16b6.jpg]
[s3.amazonaws.com/cdn.freshdesk.com/data/helpdesk/attachments/production/155057345846/original/9bmRhAITBf2osuVAcf5zuztFCvjUC_vF9Aaa77.jpg]
[s3.amazonaws.com/cdn.freshdesk.com/data/helpdesk/attachments/production/155057345885/original/lDDh9el92ki7oyJ4hV0iIA9JcsFxQgP96g535e.jpg]
[s3.amazonaws.com/cdn.freshdesk.com/data/helpdesk/attachments/production/155057345873/original/-HEDMJTxitCzcPSI2qu7AD-oiYazXB2WtQ6663.jpg]
[s3.amazonaws.com/cdn.freshdesk.com/data/helpdesk/attachments/production/155057345862/original/kKH9wuFjWmFLgRTWo9Z7zwR20D73EmkjWg6377.jpg]
[s3.amazonaws.com/cdn.freshdesk.com/data/helpdesk/attachments/production/155057345871/original/67h3oMnzzZVq9rGB-vgCXmvbxHjo2pn56w8812.jpg]
[s3.amazonaws.com/cdn.freshdesk.com/data/helpdesk/attachments/production/155057345898/original/jTVea0FAtk2qS528PVvrke0jxW_bOR06yA8232.jpg]
[s3.amazonaws.com/cdn.freshdesk.com/data/helpdesk/attachments/production/155057345864/original/79ISlF37SSw8BE6wOYwjTDxXlm6fL2mTfQ6377.png]
[s3.amazonaws.com/cdn.freshdesk.com/data/helpdesk/attachments/production/155057345875/original/LqbrGJU6e-euDxRXcoNl6tYbmm-rwQKwjQf70e.jpg]
[s3.amazonaws.com/cdn.freshdesk.com/data/helpdesk/attachments/production/155057345912/original/F4mPQsSanAIsKefpbcdB2VDieliCSn-jZg12c0.jpg]
[s3.amazonaws.com/cdn.freshdesk.com/data/helpdesk/attachments/production/155057345836/original/skyfDIYI2vich5rt4yG0mvdtIqyMIag3vQ07bd.png]
[s3.amazonaws.com/cdn.freshdesk.com/data/helpdesk/attachments/production/155057345837/original/lpW-Lhr8AEI87__U-D7pSRBlxcm0HxFQnQ07bd.png]
[s3.amazonaws.com/cdn.freshdesk.com/data/helpdesk/attachments/production/155057345826/original/se68M4nlxDDWA8Dwd9mQTY_NtzLl48oe8g9896.png]
[s3.amazonaws.com/cdn.freshdesk.com/data/helpdesk/attachments/production/155057345825/original/eNMK2VtumvjdmQ0vrbNBpFChXt8By8rJfwf15d.png]
[s3.amazonaws.com/cdn.freshdesk.com/data/helpdesk/attachments/production/155057345909/original/9B1cWmF_1iSDVKuT3gHEa9Rc6hFIGaW5rA1ae1.png]
[s3.amazonaws.com/cdn.freshdesk.com/data/helpdesk/attachments/production/155057345879/original/x1WCOmCSgDxPJvBEl56a2Ia8GsWPwuPdJQ8458.png]
[s3.amazonaws.com/cdn.freshdesk.com/data/helpdesk/attachments/production/155057345860/original/27bVelj15GDunJgHNzqkoQRTneNHaBeRuQ16b6.png]
[s3.amazonaws.com/cdn.freshdesk.com/data/helpdesk/attachments/production/155057345840/original/0x-8NDTFFMCAcv1mbkxSTXfIidVmBxO5eA07bd.png]
[s3.amazonaws.com/cdn.freshdesk.com/data/helpdesk/attachments/production/155057345838/original/5pyYKzBMG0CMccGHvPJz8-k7pCW_P5vW_A07bd.png]
[s3.amazonaws.com/cdn.freshdesk.com/data/helpdesk/attachments/production/155057345839/original/toSPNLKlboiHrywlG6HQWota9dPUni_yHg07bd.png]
[s3.amazonaws.com/cdn.freshdesk.com/data/helpdesk/attachments/production/155057345882/original/acmX9RLt8x9taCUFdN2vySjsdwnCTV7WOg2124.jpg]
[s3.amazonaws.com/cdn.freshdesk.com/data/helpdesk/attachments/production/155057345910/original/Mj1UWMYanziDgyhij7wJcrkQ7IIDkHojqg1ae1.jpg]
[s3.amazonaws.com/cdn.freshdesk.com/data/helpdesk/attachments/production/155057345906/original/FlBBoAa_y2TQSGQovjgg4wxONmmai59suw9e3a.jpg]
[s3.amazonaws.com/cdn.freshdesk.com/data/helpdesk/attachments/production/155057345869/original/cbYkyftV6pEd6y0XCS6Qdk5vPHjdLbS22A30d4.jpg]
[s3.amazonaws.com/cdn.freshdesk.com/data/helpdesk/attachments/production/155057345876/original/vpqCCohds4F2EvWA0HJDgvj8P-Mq6ZoYoQ1d11.jpg]
[s3.amazonaws.com/cdn.freshdesk.com/data/helpdesk/attachments/production/155057345890/original/NOWmPOauCJYGOnhJS-OxZF8dWoAfELSVIQe931.jpg]
[help.leadconnectorhq.com/support/solutions/articles/155000006855-how-to-use-the-email-builder-and-its-in-line-editor/hit.gif]
[help.leadconnectorhq.com/support/solutions/articles/155000006855-how-to-use-the-email-builder-and-its-in-line-editor.html]
[s3.amazonaws.com/cdn.freshdesk.com/data/helpdesk/attachments/production/155057345690/original/qvbUriX-fZEnFeTw90XCxBbn69jQOllU3Qc963.png]
[s3.amazonaws.com/cdn.freshdesk.com/data/helpdesk/attachments/production/155057345688/original/QIzffvvOHXEVEbl_pX0AWJ2vc5Juvr81LQc963.jpg]
[help.leadconnectorhq.com/support/solutions/articles/155000006853-visibility-section-for-layouts-in-email-builder/hit.gif]
[help.leadconnectorhq.com/support/solutions/articles/155000006853-visibility-section-for-layouts-in-email-builder.html]
[s3.amazonaws.com/cdn.freshdesk.com/data/helpdesk/attachments/production/155057345621/original/0FCLz3v_kp6BD3L7JRZceT7ECpHRZVctxA27a9.png]
[help.leadconnectorhq.com/support/solutions/articles/155000006852-rearrange-elements-and-layouts-with-arrow-controls-in-email-builder/hit.gif]
[help.leadconnectorhq.com/support/solutions/articles/155000006852-rearrange-elements-and-layouts-with-arrow-controls-in-email-builder.html]
[s3.amazonaws.com/cdn.freshdesk.com/data/helpdesk/attachments/production/155057345582/original/JUFvOfcG_ccJd03ohrzdKFLUGrIraeONuAb4de.jpg]
[s3.amazonaws.com/cdn.freshdesk.com/data/helpdesk/attachments/production/155057345583/original/IkgtX8D4qxvS8wc99gTP1hgfcRi9jabUvgb4de.jpg]
[s3.amazonaws.com/cdn.freshdesk.com/data/helpdesk/attachments/production/155057345584/original/pS-etwFoXXFsaygg8Sk1vRErsUCkQJ-bOQb4de.jpg]
[s3.amazonaws.com/cdn.freshdesk.com/data/helpdesk/attachments/production/155057345586/original/WIrugSEKn1utBD1Jm6J68WCzaklk-GYyvQc66d.jpg]
[s3.amazonaws.com/cdn.freshdesk.com/data/helpdesk/attachments/production/155057345587/original/ntncTs8qz_283eVMSeFk8s577x7zXjnLRQ67e7.jpg]
[s3.amazonaws.com/cdn.freshdesk.com/data/helpdesk/attachments/production/155057345585/original/ok0CAd46gZikMlCnd6t3uwsSYUv2_dpFZwc66d.jpg]
[s3.amazonaws.com/cdn.freshdesk.com/data/helpdesk/attachments/production/155057345575/original/qcVY8UsSDChUVTkVn8_whWH-UQD5DtbGhg6b2c.png]
[s3.amazonaws.com/cdn.freshdesk.com/data/helpdesk/attachments/production/155057345571/original/waBc1KTR8Ctqiu7DQkQCsIIosCA9q5V2Kw85da.png]
[help.leadconnectorhq.com/support/solutions/articles/155000006851-using-the-inline-forms-surveys-element-in-email-campaign/hit.gif]
[help.leadconnectorhq.com/support/solutions/articles/155000006851-using-the-inline-forms-surveys-element-in-email-campaign.html]
[s3.amazonaws.com/cdn.freshdesk.com/data/helpdesk/attachments/production/155032119734/original/iuC0SAqmtZ-kzrE7ngyQ3rnzJWwuvDmzPw1422.jpg]
[s3.amazonaws.com/cdn.freshdesk.com/data/helpdesk/attachments/production/155034114497/original/JoTj4I5r0eJudVsW7Evzg4jaw-UfUfZVgQ9571.png]
[s3.amazonaws.com/cdn.freshdesk.com/data/helpdesk/attachments/production/155033439429/original/SpBqkc08aO5V5FPuXIS3qs_h9lSdfqUCGg5561.png]
[s3.amazonaws.com/cdn.freshdesk.com/data/helpdesk/attachments/production/155034114843/original/qeg-v7ZmRDXU1VCU76PYVkRgtgXYWOMzIQ0d15.jpg]
[s3.amazonaws.com/cdn.freshdesk.com/data/helpdesk/attachments/production/155034114782/original/lz_VCHTWrMRGPqGJwYve-O485tie97jmPA5205.png]
[help.leadconnectorhq.com/support/solutions/articles/155000006849-how-to-edit-your-email-format-for-mobile-under-appearance-tab/hit.gif]
[help.leadconnectorhq.com/support/solutions/articles/155000006849-how-to-edit-your-email-format-for-mobile-under-appearance-tab.html]
[s3.amazonaws.com/cdn.freshdesk.com/data/helpdesk/attachments/production/155057345426/original/M58v6oBUUgBl7ILNXMgT_Fh0nA6VpS9DLw54e7.jpg]
[s3.amazonaws.com/cdn.freshdesk.com/data/helpdesk/attachments/production/155057345431/original/nYCpa09BiPGVe7sb7udDsWkrvZe5hHrtWg38c0.jpg]
[s3.amazonaws.com/cdn.freshdesk.com/data/helpdesk/attachments/production/155057345420/original/W8zM3P5HmtGNwfDyiE-4kqkkg4iULL8O2Qd711.png]
[s3.amazonaws.com/cdn.freshdesk.com/data/helpdesk/attachments/production/155057345422/original/djmbNRSbVTSgsDNAXIomb7oV_Pg4sBDfJA801d.jpg]
[help.leadconnectorhq.com/support/solutions/articles/155000006847-a-b-testing-in-email-campaigns/hit.gif]
[help.leadconnectorhq.com/support/solutions/articles/155000006847-a-b-testing-in-email-campaigns.html]
[s3.amazonaws.com/cdn.freshdesk.com/data/helpdesk/attachments/production/155057345366/original/yYkJrFoDEcb51MJDCRm-JAH6FX7znkpInw294e.jpg]
[s3.amazonaws.com/cdn.freshdesk.com/data/helpdesk/attachments/production/155057345367/original/Ulk8o4-z2aTAVGZEayi5LZzuwlqXuBukOQ294e.jpg]
[s3.amazonaws.com/cdn.freshdesk.com/data/helpdesk/attachments/production/155057345368/original/6Zt3EM0WOrVATG7jW98JNJzaQU9DkZe2Iw05f1.jpg]
[s3.amazonaws.com/cdn.freshdesk.com/data/helpdesk/attachments/production/155057345372/original/DoUkbwMhpiG7RBp6oMim43IaSqc40P1yOA05f1.jpg]
[help.leadconnectorhq.com/support/solutions/articles/155000006846-different-elements-in-email-builder/hit.gif]
[help.leadconnectorhq.com/support/solutions/articles/155000006846-different-elements-in-email-builder.html]
[help.leadconnectorhq.com/support/solutions/articles/155000006843-image-element-in-email-builder.html]
[help.leadconnectorhq.com/support/solutions/folders/155000001401/page/1.html]
[help.leadconnectorhq.com/support/solutions/articles/155000006845-video-element-in-email-builder.html]
[s3.amazonaws.com/cdn.freshdesk.com/data/helpdesk/attachments/production/155057345234/original/6UKIIfPfSc5XJgJ83Ml0D4z382YVmLgOZAcf8d.jpg]
[s3.amazonaws.com/cdn.freshdesk.com/data/helpdesk/attachments/production/155057345221/original/YTAE-YcPoiR0AU-uncf3OCX3JgOKOzx_CQa428.jpg]
[s3.amazonaws.com/cdn.freshdesk.com/data/helpdesk/attachments/production/155057345232/original/Op9MfxNAwGbR32HpAJ7bWukF_CXGSOJRAwc44c.jpg]
[s3.amazonaws.com/cdn.freshdesk.com/data/helpdesk/attachments/production/155057345233/original/YXttmgyfo2PFzzeoFhxLVLTxTq5llABvDg7f49.jpg]
[s3.amazonaws.com/cdn.freshdesk.com/data/helpdesk/attachments/production/155057345230/original/yGnw-0Pz3-4RzXVPok97h3tlpcYPDxbP7gc44c.jpg]
[help.leadconnectorhq.com/support/solutions/articles/155000006842-button-element-in-email-builder/hit.gif]
[help.leadconnectorhq.com/support/solutions/articles/155000006842-button-element-in-email-builder.html]
[s3.amazonaws.com/cdn.freshdesk.com/data/helpdesk/attachments/production/155057292426/original/nY0mLhEspoXmlh8ONd6mp1_qOkY6f_LksQc706.png]
[s3.amazonaws.com/cdn.freshdesk.com/data/helpdesk/attachments/production/155057292443/original/le0YDia2NBkLckdHWNxoaTclVpmJ6r7PFg6b7a.jpg]
[s3.amazonaws.com/cdn.freshdesk.com/data/helpdesk/attachments/production/155057292646/original/lnAEEIGI4tn3rtF4xB6TEkTSlEpQWX3KdA11c1.png]
[s3.amazonaws.com/cdn.freshdesk.com/data/helpdesk/attachments/production/155057292733/original/JrDkfi5fHuPTT0lGwAL3gmFeBKwQRHjL2wdf10.png]
[s3.amazonaws.com/cdn.freshdesk.com/data/helpdesk/attachments/production/155057293818/original/IEWCCbhwhzO2_R3DwcIiwTcW4i-pJyIa-w7f15.png]
[help.leadconnectorhq.com/support/solutions/articles/155000006841-logo-element-in-email-builder/hit.gif]
[help.leadconnectorhq.com/support/solutions/articles/155000006841-logo-element-in-email-builder.html]
[s3.amazonaws.com/cdn.freshdesk.com/data/helpdesk/attachments/production/155057294549/original/YYOi68U79vkHxzWrGciYgnk6C72wOcGVOgfd4d.png]
[s3.amazonaws.com/cdn.freshdesk.com/data/helpdesk/attachments/production/155057294569/original/4IM8odFRbyDSnxvCOBuu5cHACrcSvqI7Vgef36.jpg]
[s3.amazonaws.com/cdn.freshdesk.com/data/helpdesk/attachments/production/155057294718/original/DsMQShA6Mes35bSqLVBk_q-Q-I0s8pnxCw0bba.png]
[s3.amazonaws.com/cdn.freshdesk.com/data/helpdesk/attachments/production/155057295136/original/0rE1eG1EgK187XQqWGBrkNII4zft_qj74g6602.jpg]
[s3.amazonaws.com/cdn.freshdesk.com/data/helpdesk/attachments/production/155057295300/original/tNgzyp2h7g3ldpqjj5uffLA8xTFdeXdqtQ22ed.png]
[help.leadconnectorhq.com/support/solutions/articles/155000006840-footer-element-in-email-builder/hit.gif]
[help.leadconnectorhq.com/support/solutions/articles/155000006840-footer-element-in-email-builder.html]
[s3.amazonaws.com/cdn.freshdesk.com/data/helpdesk/attachments/production/155057345105/original/cn6viUW8BG4YO42U7y0A1pjkLp2EsNUD0Qc4f2.jpg]
[s3.amazonaws.com/cdn.freshdesk.com/data/helpdesk/attachments/production/155057345106/original/jjqforGfFS6hqct7UFy7Lx9V4QkAH3on1gc4f2.jpg]
[s3.amazonaws.com/cdn.freshdesk.com/data/helpdesk/attachments/production/155057345107/original/3JfNZ7vSBD6pwnbOnVSUrhLiqiusj_DQegc4f2.jpg]
[s3.amazonaws.com/cdn.freshdesk.com/data/helpdesk/attachments/production/155057345104/original/_40zbGnQCBNsmUSFc72OsiwTHZamRmn35Ac4f2.jpg]
[help.leadconnectorhq.com/support/solutions/articles/155000006839-code-element-in-email-builder/hit.gif]
[help.leadconnectorhq.com/support/solutions/articles/155000006839-code-element-in-email-builder.html]
[s3.amazonaws.com/cdn.freshdesk.com/data/helpdesk/attachments/production/155057344964/original/rzJC8wkWFuJXIZdDwiVDeDgq302J3tCWRA950a.jpg]
[s3.amazonaws.com/cdn.freshdesk.com/data/helpdesk/attachments/production/155057344965/original/fqzTz0SApdTgPR-S-8mjEAxDgkCnZNif3A950a.jpg]
[s3.amazonaws.com/cdn.freshdesk.com/data/helpdesk/attachments/production/155057344966/original/SzuRBGhpvDFcMbi94jEitBw-5bHiZmR8tw950a.jpg]
[help.leadconnectorhq.com/support/solutions/articles/155000006837-faq-element-in-email-builder/hit.gif]
[help.leadconnectorhq.com/support/solutions/articles/155000006837-faq-element-in-email-builder.html]
[s3.amazonaws.com/cdn.freshdesk.com/data/helpdesk/attachments/production/155057344932/original/jGR5W_XGU2MULbtRQURNIEe6kk-e0r06-Qc0c6.jpg]
[s3.amazonaws.com/cdn.freshdesk.com/data/helpdesk/attachments/production/155057344928/original/QKQPFd6B9qEl8omYUOXIGe2VEyHMZvGF-w7b4b.jpg]
[s3.amazonaws.com/cdn.freshdesk.com/data/helpdesk/attachments/production/155057344931/original/fncLZFM7E0kLRzNJTfHhSjdSjBEUwPg81Ac0c6.jpg]
[s3.amazonaws.com/cdn.freshdesk.com/data/helpdesk/attachments/production/155057344930/original/04r1IhDjXrFQWWQxLn8qgAGWY3HQjbdnbwc0c6.jpg]
[help.leadconnectorhq.com/support/solutions/articles/155000006836-social-element-in-email-builder/hit.gif]
[help.leadconnectorhq.com/support/solutions/articles/155000006836-social-element-in-email-builder.html]
[s3.amazonaws.com/cdn.freshdesk.com/data/helpdesk/attachments/production/155057344861/original/6hKu8GooDWEm-LBSkKTjQ_wY_MaMqDUvWg3cac.jpg]
[s3.amazonaws.com/cdn.freshdesk.com/data/helpdesk/attachments/production/155057344862/original/fYwQcE9h_4V_3E56tL8LsrXCPkT6pSUj9g3cac.jpg]
[s3.amazonaws.com/cdn.freshdesk.com/data/helpdesk/attachments/production/155057344863/original/ycOY6beqd0QuU3pv8n3JNYMu_vDTQXEzGQ10fe.jpg]
[s3.amazonaws.com/cdn.freshdesk.com/data/helpdesk/attachments/production/155057344864/original/ojdNHpASYmSeLg0HBLP70hmHEPsQOWGn8Afbdf.jpg]
[help.leadconnectorhq.com/support/solutions/articles/155000006835-shopping-cart-element-in-email-builder/hit.gif]
[help.leadconnectorhq.com/support/solutions/articles/155000006835-shopping-cart-element-in-email-builder.html]
[s3.amazonaws.com/cdn.freshdesk.com/data/helpdesk/attachments/production/155057355393/original/0isT-d_Q03SdQrQITjJ8ljqnX1xApxx3OA0977.png]
[s3.amazonaws.com/cdn.freshdesk.com/data/helpdesk/attachments/production/155057355394/original/1wRXHciFfmX0Bo4maR4TtHaoaCxoWf91uwd7f6.png]
[help.leadconnectorhq.com/support/solutions/articles/155000006902-guide-to-pre-built-contact-segments/hit.gif]
[help.leadconnectorhq.com/support/solutions/articles/155000006902-guide-to-pre-built-contact-segments.html]
[s3.amazonaws.com/cdn.freshdesk.com/data/helpdesk/attachments/production/155033854786/original/Pf74mayPQ9K-Xgh662Fvem_xn92UwHsZCwf101.png]
[s3.amazonaws.com/cdn.freshdesk.com/data/helpdesk/attachments/production/155034122901/original/Pxi1Ds7XwBS5Df9F6GZm0klznoimX16G-Qf521.jpg]
[s3.amazonaws.com/cdn.freshdesk.com/data/helpdesk/attachments/production/155032110934/original/-VZMcddeT5nhdvApGzazs4EX0dMO29EoAAa644.jpg]
[s3.amazonaws.com/cdn.freshdesk.com/data/helpdesk/attachments/production/155034122718/original/_KA1wU_dVuDBp40opGsrPKRtdbTH7GL_lAf681.jpg]
[s3.amazonaws.com/cdn.freshdesk.com/data/helpdesk/attachments/production/155034122802/original/VYoh9jS8CR_ThRJYAs-Zc7NKTnuAKFMBhw498d.jpg]
[s3.amazonaws.com/cdn.freshdesk.com/data/helpdesk/attachments/production/155034122847/original/iuC9u7JtNLjfV5vzLCNj64nm2CHrueToYg9de6.jpg]
[help.leadconnectorhq.com/support/solutions/articles/155000006901-how-to-send-a-regular-email-campaign-send-now-or-schedule-/hit.gif]
[help.leadconnectorhq.com/support/solutions/articles/155000006901-how-to-send-a-regular-email-campaign-send-now-or-schedule-.html]
[s3.amazonaws.com/cdn.freshdesk.com/data/helpdesk/attachments/production/155046797159/original/hGq47psjv511XNHWtWcCzCxc6lyO6EyJgAaf3b.png]
[s3.amazonaws.com/cdn.freshdesk.com/data/helpdesk/attachments/production/155046797183/original/SnEY1dZLxVXsebcEoxbKrutUO7SVmacFCg745f.gif]
[s3.amazonaws.com/cdn.freshdesk.com/data/helpdesk/attachments/production/155046797200/original/pj3K3I7YR4fS-JPPIlF9lfPjiYmanvgLVw8ece.png]
[s3.amazonaws.com/cdn.freshdesk.com/data/helpdesk/attachments/production/155046797272/original/_GU1Xa2GzVjtTtn03QK83G0dtpV9zB8eeQ2e4d.png]
[s3.amazonaws.com/cdn.freshdesk.com/data/helpdesk/attachments/production/155046797296/original/dhLY_oiicXqRUSG6OT82TIsVhCVUxWRL3Ace58.gif]
[help.leadconnectorhq.com/support/solutions/articles/155000006899-how-to-add-google-fonts-in-email-templates-and-campaigns/hit.gif]
[help.leadconnectorhq.com/support/solutions/articles/155000006899-how-to-add-google-fonts-in-email-templates-and-campaigns.html]
[help.leadconnectorhq.com/support/solutions/articles/155000004994-how-to-use-build-segments-in-email-campaigns-/hit.gif]
[help.leadconnectorhq.com/support/solutions/articles/155000004994-how-to-use-build-segments-in-email-campaigns-.html]
[help.leadconnectorhq.com/support/solutions/articles/155000006880-how-to-set-default-values-for-custom-fields-via-conditional-sending/hit.gif]
[help.leadconnectorhq.com/support/solutions/articles/155000006880-how-to-set-default-values-for-custom-fields-via-conditional-sending.html]
[s3.amazonaws.com/cdn.freshdesk.com/data/helpdesk/attachments/production/155057347785/original/UznabZ21yoAId1yWrkaZYepvdzPiCjQE1Qdbfb.jpg]
[s3.amazonaws.com/cdn.freshdesk.com/data/helpdesk/attachments/production/155057347787/original/-EsMpxf0qJDue1ywDBnt-4ggoouKuUFeEwdbfb.jpg]
[s3.amazonaws.com/cdn.freshdesk.com/data/helpdesk/attachments/production/155057347790/original/OR4C1sR4KjVNLEx3Xt4Eatv-9TH9vYa6mA46f8.jpg]
[s3.amazonaws.com/cdn.freshdesk.com/data/helpdesk/attachments/production/155057347782/original/_dJc91FCtm95VKU6UlryMvrP1hBb4kddFAd768.jpg]
[s3.amazonaws.com/cdn.freshdesk.com/data/helpdesk/attachments/production/155057347788/original/TyztZR9cjP8zHSF_FO8FPZXyWu-aV1qe3A46f8.jpg]
[s3.amazonaws.com/cdn.freshdesk.com/data/helpdesk/attachments/production/155057347789/original/rs7NaSzxOeyBxnm2TcC2PaFUjxdpXg2kcg46f8.jpg]
[s3.amazonaws.com/cdn.freshdesk.com/data/helpdesk/attachments/production/155057347784/original/0GhdZRu9QKwtFy_ACn992UDqHFBh6KUGEwdbfb.jpg]
[s3.amazonaws.com/cdn.freshdesk.com/data/helpdesk/attachments/production/155057347783/original/MDirks3sDk9eTBiL3POiFep4WvKE-AowJgdbfb.jpg]
[s3.amazonaws.com/cdn.freshdesk.com/data/helpdesk/attachments/production/155057347786/original/cO6kxjJnbyUtRtak-lUoau6w2LmOgDHHQwdbfb.jpg]
[help.leadconnectorhq.com/support/solutions/articles/155000006878-how-to-set-up-the-sender-preferences-in-email-builder/hit.gif]
[help.leadconnectorhq.com/support/solutions/articles/155000006878-how-to-set-up-the-sender-preferences-in-email-builder.html]
[help.leadconnectorhq.com/support/solutions/articles/155000006877-configuring-unsubscribe-flows-one-step-two-step-dynamic-/hit.gif]
[help.leadconnectorhq.com/support/solutions/articles/155000006877-configuring-unsubscribe-flows-one-step-two-step-dynamic-.html]
[s3.amazonaws.com/cdn.freshdesk.com/data/helpdesk/attachments/production/155057347675/original/DVTsktzmhcDZK9JjoORzRAo4yRsdQYE7hw5de9.jpg]
[s3.amazonaws.com/cdn.freshdesk.com/data/helpdesk/attachments/production/155057347674/original/0_cAVcIUA1YleZxre9wcPkcXZGj-GmSOvg5de9.jpg]
[s3.amazonaws.com/cdn.freshdesk.com/data/helpdesk/attachments/production/155057347678/original/Fq444GU2q1LhtQT32nacoGFhlIv0FjN3Jw5de9.jpg]
[s3.amazonaws.com/cdn.freshdesk.com/data/helpdesk/attachments/production/155057347676/original/tGtdaQvAIcqo-vRbr_TeVIADcsMilj9NwQ5de9.jpg]
[help.leadconnectorhq.com/support/solutions/articles/155000006876-different-email-sending-delivery-method-s-send-now-schedule-batch-rss-schedule/hit.gif]
[help.leadconnectorhq.com/support/solutions/articles/155000006876-different-email-sending-delivery-method-s-send-now-schedule-batch-rss-schedule.html]
[help.leadconnectorhq.com/support/solutions/articles/155000006896-resend-campaign-visibility-control.html]
[help.leadconnectorhq.com/support/solutions/folders/155000001404/page/1.html]
[help.leadconnectorhq.com/support/solutions/articles/155000006897-how-to-build-recipient-segments-in-email-campaigns.html]
[s3.amazonaws.com/cdn.freshdesk.com/data/helpdesk/attachments/production/155057347636/original/uwIV3ldaHgvFF_smfEyntyyq8pvVdKFWcwa807.jpg]
[s3.amazonaws.com/cdn.freshdesk.com/data/helpdesk/attachments/production/155057347634/original/H0nxVy7CBQR0UiLQSSwxyb5b7H2qKUCtLAa807.jpg]
[s3.amazonaws.com/cdn.freshdesk.com/data/helpdesk/attachments/production/155057347638/original/5XIkolARNFQm4riZkK8TlEUH2v6tHfGG2Aa807.jpg]
[s3.amazonaws.com/cdn.freshdesk.com/data/helpdesk/attachments/production/155057347635/original/ZWBd-UeDPmcNC_xuYKHYpYRS8nwqCGoMDga807.jpg]
[s3.amazonaws.com/cdn.freshdesk.com/data/helpdesk/attachments/production/155057347637/original/zOLnpfXTkjTogPWGez3-TE-KT84MGkKV_wa807.jpg]
[help.leadconnectorhq.com/support/solutions/articles/155000006875-how-to-schedule-batch-email-campaign-s-/hit.gif]
[help.leadconnectorhq.com/support/solutions/articles/155000006875-how-to-schedule-batch-email-campaign-s-.html]
[s3.amazonaws.com/cdn.freshdesk.com/data/helpdesk/attachments/production/155057347600/original/lrKFcgrauleK3i3fr7bS7xqZVV8egz7HQQ01a0.jpg]
[s3.amazonaws.com/cdn.freshdesk.com/data/helpdesk/attachments/production/155057347602/original/8FlfpOZoWKH17hQUDjySuva0gScHBSwBfA01a0.jpg]
[s3.amazonaws.com/cdn.freshdesk.com/data/helpdesk/attachments/production/155057347603/original/vxUwBkYAWl5v3Rf28dqM-5Ov2JlkNN0nAw6c5c.jpg]
[s3.amazonaws.com/cdn.freshdesk.com/data/helpdesk/attachments/production/155057347601/original/p0gD-GkcRXTAbjQ4wwFYRe5-TxXPVIXtdg01a0.jpg]
[help.leadconnectorhq.com/support/solutions/articles/155000006874-resend-to-un-opened-best-practices-and-guide/hit.gif]
[help.leadconnectorhq.com/support/solutions/articles/155000006874-resend-to-un-opened-best-practices-and-guide.html]
[s3.amazonaws.com/cdn.freshdesk.com/data/helpdesk/attachments/production/155057347270/original/4txHU9M2eSW2YvBml38oqHGQkOAz1EFxHw5421.jpg]
[s3.amazonaws.com/cdn.freshdesk.com/data/helpdesk/attachments/production/155057347269/original/rDhu1CDk-tNSFGfNxrr4_ktvPMWolLVOpg5421.jpg]
[s3.amazonaws.com/cdn.freshdesk.com/data/helpdesk/attachments/production/155057347272/original/7eRJdUCJSLIBI6bzystGSfw9GKeQyzvSKQ5421.jpg]
[s3.amazonaws.com/cdn.freshdesk.com/data/helpdesk/attachments/production/155057347271/original/GEWeYwZ9-ZQZiQaqspPGUAFv7v9hI1POjA5421.jpg]
[help.leadconnectorhq.com/support/solutions/articles/155000006872-smart-send-best-time-recommendation-in-email-marketing-campaigns/hit.gif]
[help.leadconnectorhq.com/support/solutions/articles/155000006872-smart-send-best-time-recommendation-in-email-marketing-campaigns.html]
[s3.amazonaws.com/cdn.freshdesk.com/data/helpdesk/attachments/production/155057347226/original/7ft2Um-y4O2OAJ2N5huRowsIV5bLDg2Pmw9613.jpg]
[s3.amazonaws.com/cdn.freshdesk.com/data/helpdesk/attachments/production/155057347227/original/dHcXLtQaX3eugISI5PR3X9B3v_5fTv2-ww8732.jpg]
[s3.amazonaws.com/cdn.freshdesk.com/data/helpdesk/attachments/production/155057347225/original/f5Jg5Ha64mWv2kHNtjgOeNdytHnJ2NYiBQ9613.jpg]
[help.leadconnectorhq.com/support/solutions/articles/155000006871-understanding-email-campaign-statuses/hit.gif]
[help.leadconnectorhq.com/support/solutions/articles/155000006871-understanding-email-campaign-statuses.html]
[help.leadconnectorhq.com/support/solutions/articles/155000001476.html]
[help.leadconnectorhq.com/support/solutions/articles/155000001376.html]
[a.slack-edge.com/bv1-13/marketing-style-onetrust-banner.80ccb99235027e6690e3.min.css]
[a.slack-edge.com/bv1-13/legacy-style-browser-support.7e71ed8934ac34c9a02e.min.css]
[a.slack-edge.com/bv1-13/marketing-style-footer.b8665cfb462968f62573.min.css]
[a.slack-edge.com/bv1-13/lato-light-2815bd9ba07f2cbe781a.woff2]
[a.slack-edge.com/bv1-13/lato-light-de418c907b4007b8c9d7.woff]
[a.slack-edge.com/bv1-13/lato-regular-f1aa7a0753149183efa2.woff2]
[a.slack-edge.com/bv1-13/lato-regular-58d34bacfd08d43520df.woff]
[a.slack-edge.com/bv1-13/lato-bold-31816c24a18fbc659282.woff2]
[a.slack-edge.com/bv1-13/lato-bold-75b1200dd56bc2543104.woff]
[a.slack-edge.com/bv1-13/lato-black-d3e44e6115ad32c37176.woff2]
[a.slack-edge.com/bv1-13/lato-black-f8abdd7ecd4a76bcfc58.woff]
[a.slack-edge.com/bv1-13/lato-italic-light-074c7fc38126bb94664d.woff2]
[a.slack-edge.com/bv1-13/lato-italic-light-eb68571caf06f0bbbac2.woff]
[a.slack-edge.com/bv1-13/lato-italic-4484c4211566a05bd71b.woff2]
[a.slack-edge.com/bv1-13/lato-italic-95054db6fa05d14a7011.woff]
[a.slack-edge.com/bv1-13/lato-italic-bold-365ea5a303e2259ca5ab.woff2]
[a.slack-edge.com/bv1-13/lato-italic-bold-dd40793f8ad70aed5d85.woff]
[a.slack-edge.com/bv1-13/lato-italic-black-62bc5da14d9c6ff41e5f.woff2]
[a.slack-edge.com/bv1-13/lato-italic-black-88341885c5c8ce3fab25.woff]
[a.slack-edge.com/bv1-13/legacy-style-libs-lato-2-compressed.b4a5b5cd94ce5aee6359.min.css]
[a.slack-edge.com/bv1-13/avant-garde-8402dfbd4149ce947d8b.woff2]
[a.slack-edge.com/bv1-13/avant-garde-d1c099d0212142aabd54.woff]
[a.slack-edge.com/bv1-13/marketing-style-generic-typography-avantgarde.e5bf1218673e1b980835.min.css]
[a.slack-edge.com/bv1-13/salesforce-sans-thin-5190fc3646d3fbdd3f60.woff2]
[a.slack-edge.com/bv1-13/salesforce-sans-thin-75ee6d756840be559773.woff]
[a.slack-edge.com/bv1-13/salesforce-sans-thin-italic-f0803daf6469607dfe14.woff2]
[a.slack-edge.com/bv1-13/salesforce-sans-thin-italic-6cb7292f08e2db035915.woff]
[a.slack-edge.com/bv1-13/salesforce-sans-light-7d60aed7319d75b829f5.woff2]
[a.slack-edge.com/bv1-13/salesforce-sans-light-7311644a8dd80b969872.woff]
[a.slack-edge.com/bv1-13/salesforce-sans-light-italic-4033c989dfb65fb9645e.woff2]
[a.slack-edge.com/bv1-13/salesforce-sans-light-italic-f0c647518032099954ab.woff]
[a.slack-edge.com/bv1-13/salesforce-sans-book-e71e6c0595be7a07330a.woff2]
[a.slack-edge.com/bv1-13/salesforce-sans-book-74366b901406541fa0de.woff]
[a.slack-edge.com/bv1-13/salesforce-sans-regular-679547df303acfaf9b97.woff2]
[a.slack-edge.com/bv1-13/salesforce-sans-regular-a361cf0439289bfd8839.woff]
[a.slack-edge.com/bv1-13/salesforce-sans-italic-64ed4696e597b09875fb.woff2]
[a.slack-edge.com/bv1-13/salesforce-sans-italic-6ff76dd92861d61ab205.woff]
[a.slack-edge.com/bv1-13/salesforce-sans-semi-bold-f3873250b116e522a23d.woff2]
[a.slack-edge.com/bv1-13/salesforce-sans-semi-bold-65e2ad083607d35d0f88.woff]
[a.slack-edge.com/bv1-13/salesforce-sans-bold-edf948a2181aa81e6045.woff2]
[a.slack-edge.com/bv1-13/salesforce-sans-bold-2f31b1d340484b82ef37.woff]
[a.slack-edge.com/bv1-13/salesforce-sans-bold-italic-ad46fbeaedc190d6d3db.woff2]
[a.slack-edge.com/bv1-13/salesforce-sans-bold-italic-97b8c8cbc8cfb200e1c5.woff]
[a.slack-edge.com/bv1-13/marketing-style-generic-typography-sfsans.663a8f35624c9f33608d.min.css]
[help.leadconnectorhq.com/support/solutions/articles/155000001710.html]
[help.leadconnectorhq.com/support/solutions/articles/155000001517.html]
[help.leadconnectorhq.com/support/solutions/articles/155000000623.html]
[help.leadconnectorhq.com/support/solutions/articles/155000002223.html]
[help.leadconnectorhq.com/support/solutions/articles/155000003679.html]
[help.leadconnectorhq.com/support/solutions/articles/155000003820.html]
[s3.amazonaws.com/cdn.freshdesk.com/data/helpdesk/attachments/production/155057289494/original/FJOmvw7ZFbokKI4kkmcYP8FYKElC9D1ZMw3ca9.png]
[s3.amazonaws.com/cdn.freshdesk.com/data/helpdesk/attachments/production/155057289695/original/5ULMgMtX99lLYUsvgAXpihAZikng-Fv51gaec0.png]
[s3.amazonaws.com/cdn.freshdesk.com/data/helpdesk/attachments/production/155057289798/original/ad6WgCPPL4DGdz-JTuhgaSNG-_ao81_g3gf9cf.png]
[help.leadconnectorhq.com/support/solutions/articles/155000006843-image-element-in-email-builder/hit.gif]
[help.leadconnectorhq.com/support/solutions/articles/155000006843-image-element-in-email-builder.html]
[s3.amazonaws.com/cdn.freshdesk.com/data/helpdesk/attachments/production/155057345327/original/mApm1B6ZS-tjUuBrjosfDjuk5KgDEUu2AAe40e.jpg]
[s3.amazonaws.com/cdn.freshdesk.com/data/helpdesk/attachments/production/155057345330/original/IYAbSFqBfQpBUShzdjH8UW7EjuhPK0vxZQe40e.jpg]
[s3.amazonaws.com/cdn.freshdesk.com/data/helpdesk/attachments/production/155057345328/original/aQZLX_222BpbCCDWi5Lps1PZQbsFhr0QGwaaa1.jpg]
[s3.amazonaws.com/cdn.freshdesk.com/data/helpdesk/attachments/production/155057345323/original/iYD4eFJcvlue11b5mcDMPcYN3v4KezQtSg258f.jpg]
[s3.amazonaws.com/cdn.freshdesk.com/data/helpdesk/attachments/production/155057345325/original/zxsdcxc7et0AcQcp9vn3t3GaXJOUp6rsLAe40e.jpg]
[s3.amazonaws.com/cdn.freshdesk.com/data/helpdesk/attachments/production/155057345324/original/JCUUFNSOKZJTS3g8Z4w3Kw9cfsdzkagpUw258f.jpg]
[s3.amazonaws.com/cdn.freshdesk.com/data/helpdesk/attachments/production/155057345326/original/Arh7_ozopSa8a9CWc-7Oko66dNiwgkhNXAe40e.jpg]
[help.leadconnectorhq.com/support/solutions/articles/155000006845-video-element-in-email-builder/hit.gif]
[help.leadconnectorhq.com/support/solutions/articles/155000006845-video-element-in-email-builder.html]
[s3.amazonaws.com/cdn.freshdesk.com/data/helpdesk/attachments/production/155048637831/original/2PrEScP0_XTWLK-S0eE-KpEIYV5b_R-Nkwa6bf.png]
[s3.amazonaws.com/cdn.freshdesk.com/data/helpdesk/attachments/production/155046797200/original/pj3K3I7YR4fS-JPPIlF9lfPjiYmanvgLVw8ece.png]
[s3.amazonaws.com/cdn.freshdesk.com/data/helpdesk/attachments/production/155046797227/original/LiMW_ghTylHoN5ogImm93rcJtDbQNO4Mcw0933.gif]
[help.leadconnectorhq.com/support/solutions/articles/155000006896-resend-campaign-visibility-control/hit.gif]
[help.leadconnectorhq.com/support/solutions/articles/155000006896-resend-campaign-visibility-control.html]
[help.leadconnectorhq.com/support/solutions/articles/155000006897-how-to-build-recipient-segments-in-email-campaigns/hit.gif]
[help.leadconnectorhq.com/support/solutions/articles/155000006897-how-to-build-recipient-segments-in-email-campaigns.html]
